Tutorial Group,Student ID,Name,School,Gender,CGPA,Team Assigned
G-1,235,Ming Zhang,CCDS,Male,04.06,Team 1
G-1,2326,Vivi Dwi,CoB (NBS),Female,3.95,Team 1
G-1,3989,Anthony Liu,WKW SCI,Male,4.15,Team 1
G-1,5119,Nhung Vu,ADM,Female,04.04,Team 1
G-1,2091,Adlan Bin Rahman,EEE,Male,4.2,Team 1
G-1,1075,Felix Yip,CoB (NBS),Male,04.08,Team 2
G-1,2417,Truong Minh Chau,SSS,Female,3.88,Team 2
G-1,4338,Sana Jain,SPMS,Female,4.22,Team 2
G-1,4520,Henry Foster,EEE,Male,4.11,Team 2
G-1,2650,Nurul Shafika,SoH,Female,04.09,Team 2
G-1,3148,Gabriel Young,EEE,Male,3.88,Team 3
G-1,592,Zara Chang,MSE,Female,4.11,Team 3
G-1,4479,Amelia Kim,CCDS,Female,4.11,Team 3
G-1,1841,Jett Morales,MAE,Male,4.12,Team 3
G-1,659,Maria Ivanovna,SSS,Female,4.2,Team 3
G-1,3628,Omer Ahmed,EEE,Male,04.06,Team 4
G-1,567,Isabella Thompson,CoB (NBS),Female,04.03,Team 4
G-1,1329,Nguyen Van Sam,NIE,Male,3.85,Team 4
G-1,945,Han Li,MAE,Female,4.1,Team 4
G-1,2069,Kathy Lau,SSS,Female,4.48,Team 4
G-1,1417,Darren Lee,CoE,Male,4.12,Team 5
G-1,2353,Karen Wong,SBS,Female,3.95,Team 5
G-1,5703,Karen Lee,SPMS,Female,4.12,Team 5
G-1,288,Ajay Verma,CoB (NBS),Male,04.01,Team 5
G-1,3930,Xun Wei,EEE,Female,4.18,Team 5
G-1,4576,Jie Zhang,EEE,Male,04.03,Team 6
G-1,1555,Prerna Gupta,MAE,Female,04.04,Team 6
G-1,5477,Vikram Desai,SoH,Male,04.09,Team 6
G-1,162,Lila Patel,SSS,Female,04.07,Team 6
G-1,809,Nisha Das,CoB (NBS),Female,4.26,Team 6
G-1,5002,Aarav Singh,CCDS,Male,04.02,Team 7
G-1,4563,Anjali Patel,WKW SCI,Female,04.01,Team 7
G-1,527,Mohit Desai,EEE,Male,04.06,Team 7
G-1,71,Savannah Taylor,SoH,Female,4.19,Team 7
G-1,4820,Meera Singh,CoE,Female,4.22,Team 7
G-1,588,Lucas Walker,MAE,Male,04.06,Team 8
G-1,2151,Mei Hong,EEE,Female,04.02,Team 8
G-1,4657,Oleg Petrovich,SoH,Male,4,Team 8
G-1,3861,Layla Torres,ASE,Female,4.52,Team 8
G-1,4402,Grace Turner,CCDS,Female,04.08,Team 8
G-1,2115,Anya Kumar,EEE,Female,04.03,Team 9
G-1,2776,Siddharth Nair,CCEB,Male,4.14,Team 9
G-1,1271,Priya Singh,SSS,Female,4.17,Team 9
G-1,1645,Zachary Wu,CoE,Male,3.93,Team 9
G-1,1383,Areeba Khan,CoB (NBS),Female,4.19,Team 9
G-1,2230,Harlow Wang,CoB (NBS),Female,4.18,Team 10
G-1,3838,Aarti Nair,EEE,Female,04.05,Team 10
G-1,75,Sakina Ahmed,CCDS,Female,04.03,Team 10
G-1,2818,Oliver Tan,CoB (NBS),Male,04.09,Team 10
G-1,5708,Ananya Ramesh,SoH,Male,4.2,Team 10
G-10,2405,Soo-Young Kim,ASE,Female,3.88,Team 1
G-10,3329,Adrian Castillo,MAE,Male,04.07,Team 1
G-10,3794,Christopher Miller,CoB (NBS),Male,4.17,Team 1
G-10,5121,Ximena Fernandez,MSE,Female,4.12,Team 1
G-10,4308,Sho Nakajima,MAE,Male,4.27,Team 1
G-10,3903,Xiao Chen,CoE,Male,3.86,Team 2
G-10,565,Isaiah Scott,SoH,Male,4.15,Team 2
G-10,1468,Ming Wei,MAE,Male,4.19,Team 2
G-10,435,Kiran Farooq,WKW SCI,Female,4.15,Team 2
G-10,3843,Mia Zhang,EEE,Female,4.18,Team 2
G-10,3364,Rhea Kapoor,MAE,Female,4,Team 3
G-10,2031,Kendrick Alvarado,CCDS,Male,4.18,Team 3
G-10,223,Jaxon Hall,MAE,Male,4.12,Team 3
G-10,16,Tatum Flores,EEE,Female,4.2,Team 3
G-10,5420,Nina Patil,NIE,Female,4.1,Team 3
G-10,1139,Nurul Aini Binti Ahmad,SPMS,Female,4.2,Team 4
G-10,2581,Alyssa Green,ASE,Female,3.94,Team 4
G-10,2253,Dante Wu,EEE,Male,4.18,Team 4
G-10,516,Tao Liu,ADM,Male,04.05,Team 4
G-10,5856,Sophie Cheung,MAE,Female,4.2,Team 4
G-10,5734,Hassan Malik,MAE,Male,04.03,Team 5
G-10,2631,Kiara Lin,CCDS,Female,04.06,Team 5
G-10,2515,Tanya Lee,CoE,Female,04.04,Team 5
G-10,4020,Leo Xu,CoB (NBS),Male,4.12,Team 5
G-10,403,Hae-Jin Lee,SoH,Female,4.52,Team 5
G-10,375,Kaya Chang,SBS,Female,04.05,Team 6
G-10,3189,Rhea Lee,CCEB,Female,04.07,Team 6
G-10,3388,Zaki Bin Ibrahim,EEE,Male,4,Team 6
G-10,3732,Liam Jones,CCDS,Male,4.2,Team 6
G-10,2863,Will Chen,MAE,Male,4.23,Team 6
G-10,5122,Kerry Lim,CCEB,Female,04.01,Team 7
G-10,5695,Rhys Tan,WKW SCI,Male,04.06,Team 7
G-10,4108,Rizan Bin Ahmad,MAE,Male,4.11,Team 7
G-10,560,Ayesha Javed,SoH,Female,04.09,Team 7
G-10,4477,Yuzhi,SPMS,Male,4.25,Team 7
G-10,3841,Benjamin Turner,SBS,Male,04.06,Team 8
G-10,3111,Marco Garcia,CEE,Male,04.04,Team 8
G-10,4588,Paula Wong,CoB (NBS),Female,04.06,Team 8
G-10,298,Freya Chen,MAE,Female,04.09,Team 8
G-10,4077,Yasir Ahmad,SoH,Male,4.52,Team 8
G-10,3395,Michael Miller,CoB (NBS),Male,3.95,Team 9
G-10,171,Nina Bennett,CCEB,Female,04.08,Team 9
G-10,5624,Cheng Zhang,EEE,Male,4.11,Team 9
G-10,3499,Kira Yamada,CCDS,Female,4.26,Team 9
G-10,611,Hendra Mulyana,SPMS,Male,4.1,Team 9
G-10,3963,Yasmine Villanueva,SSS,Female,04.02,Team 10
G-10,3051,Hunter Wilson,LKCMedicine,Male,04.06,Team 10
G-10,2255,Xander Cook,CoE,Male,4.1,Team 10
G-10,594,Ananya Singh,MAE,Female,4.2,Team 10
G-10,2857,Tianming,SoH,Female,4.2,Team 10
G-100,5800,Yumi Nishikawa,CoB (NBS),Female,4.14,Team 1
G-100,2698,Owen Hill,CCDS,Male,04.03,Team 1
G-100,1875,Rachel Lee,SoH,Female,4.11,Team 1
G-100,2017,Caiyun,CoE,Male,3.91,Team 1
G-100,4061,Naina Gupta,CCEB,Female,4.2,Team 1
G-100,3242,Aiden Brown,WKW SCI,Male,3.9,Team 2
G-100,967,Mia Phillips,SBS,Female,4.17,Team 2
G-100,491,Fangling,CoB (NBS),Female,04.05,Team 2
G-100,5791,Peter Choi,EEE,Male,4.19,Team 2
G-100,1795,Tao Wang,SSS,Female,4.12,Team 2
G-100,2009,Isabella Thomas,CCDS,Female,3.9,Team 3
G-100,2000,Danty Susanto,NIE,Male,04.05,Team 3
G-100,4283,Hassan Farooq,ADM,Female,4.1,Team 3
G-100,5953,Orlando Wu,SBS,Male,04.01,Team 3
G-100,424,Ashok Nair,CEE,Male,4.52,Team 3
G-100,370,Mia Wong,EEE,Female,04.03,Team 4
G-100,438,Iris Rivera,MAE,Female,3.95,Team 4
G-100,4888,Carter Moore,NIE,Male,4.1,Team 4
G-100,2040,Wesley Turner,SoH,Male,4.17,Team 4
G-100,701,Ameer Bin Rahman,CoB (NBS),Male,4.2,Team 4
G-100,347,Meera Menon,EEE,Female,3.92,Team 5
G-100,731,Tae-Soo Kim,WKW SCI,Male,04.05,Team 5
G-100,4268,Nadia Binti Azhar,CCEB,Female,4.15,Team 5
G-100,2332,Maya Ong,CoB (NBS),Female,4.14,Team 5
G-100,861,Hua Zhang,MSE,Male,4.17,Team 5
G-100,5534,Neelam Bhatia,SSS,Female,04.05,Team 6
G-100,4743,Jack Foster,SPMS,Male,04.05,Team 6
G-100,5743,Bradley Huang,EEE,Male,04.01,Team 6
G-100,3137,Raquel Huang,LKCMedicine,Female,4.18,Team 6
G-100,3280,Alina Malik,CoB (NBS),Female,4.19,Team 6
G-100,2089,Han Zhang,CoB (NBS),Male,04.02,Team 7
G-100,111,Ying Liu,SPMS,Female,04.03,Team 7
G-100,745,Khalid Rahman,CEE,Male,4.1,Team 7
G-100,1547,Margaret Li,CCEB,Female,4.2,Team 7
G-100,2346,Fiona Clark,EEE,Female,4.15,Team 7
G-100,1176,Mia Hall,CCDS,Female,3.95,Team 8
G-100,4857,Jordan Chen,EEE,Male,04.06,Team 8
G-100,5945,Fergus Mendoza,CoB (NBS),Male,4.11,Team 8
G-100,1145,Fay Tan,CCEB,Female,04.09,Team 8
G-100,1824,Yuanqing,MAE,Female,4.25,Team 8
G-100,2097,Siti Maryam,CoB (NBS),Female,04.03,Team 9
G-100,356,Yasir Qureshi,CoE,Male,04.08,Team 9
G-100,1683,Diya Nair,SSS,Female,4.11,Team 9
G-100,4274,Tommy Wu,EEE,Male,04.03,Team 9
G-100,5269,Anjali Nair,MSE,Female,4.27,Team 9
G-100,2468,Bella Perry,EEE,Female,3.9,Team 10
G-100,2603,Ali Rehman,CoE,Male,4.14,Team 10
G-100,4043,Adrian King,CCDS,Male,4.12,Team 10
G-100,4425,Carla Wang,ASE,Female,4.12,Team 10
G-100,412,Seema Kapoor,MAE,Female,4.19,Team 10
G-101,696,Wyatt Price,NIE,Male,3.95,Team 1
G-101,665,Qi Chen,SPMS,Male,04.04,Team 1
G-101,5741,Isla Young,SBS,Female,4.17,Team 1
G-101,757,Savannah Torres,CCEB,Female,4.2,Team 1
G-101,849,Ethan Taylor,SSS,Male,4.15,Team 1
G-101,456,Wani Binti Jalil,MAE,Female,4,Team 2
G-101,762,Kate Tan,CoE,Female,04.03,Team 2
G-101,4896,Jaxon Lewis,EEE,Male,4.12,Team 2
G-101,1293,Jasper Wang,CCEB,Male,04.08,Team 2
G-101,1235,Nguyen Thi Binh,CCDS,Female,4.21,Team 2
G-101,3382,Madiha Ali,CoB (NBS),Female,3.9,Team 3
G-101,5191,Khayla Rahayu,CCEB,Female,4.15,Team 3
G-101,5809,Hannah Smith,CoE,Female,4.11,Team 3
G-101,3593,Minghao,MAE,Male,4.15,Team 3
G-101,2425,Asher Nelson,SPMS,Male,4.21,Team 3
G-101,715,Zoe King,ASE,Female,3.88,Team 4
G-101,5468,Lucas Chen,CCDS,Male,4.12,Team 4
G-101,2349,Sandeep Rao,EEE,Male,4.14,Team 4
G-101,437,Xiao Ming,CoE,Male,4.17,Team 4
G-101,1346,Lola Tan,SSS,Female,4.2,Team 4
G-101,410,Jin Yang Tan,CoB (NBS),Male,3.95,Team 5
G-101,3886,Ajay Iyer,ADM,Male,4.2,Team 5
G-101,4045,Sofia Reddy,MAE,Female,04.09,Team 5
G-101,5633,Ning Li,CCEB,Female,04.09,Team 5
G-101,4167,Farhan Bin Azhar,SPMS,Male,4.2,Team 5
G-101,3546,Ying Wong,SoH,Female,3.88,Team 6
G-101,2337,Sophia Jones,CoB (NBS),Female,4.18,Team 6
G-101,4346,Manish Singh,SBS,Male,4.1,Team 6
G-101,5015,Fatima Bhatia,ASE,Female,4.19,Team 6
G-101,5987,Owen Nugroho,MAE,Male,4.15,Team 6
G-101,4928,Weijun,SPMS,Male,3.85,Team 7
G-101,3088,Eli Cruz,MSE,Male,4.11,Team 7
G-101,621,Christopher Cox,CCDS,Male,4.12,Team 7
G-101,5291,Rachel Choi,CoB (NBS),Female,4.12,Team 7
G-101,4173,Evelyn Cheung,SBS,Female,4.48,Team 7
G-101,1353,Kieran Harris,MAE,Male,3.91,Team 8
G-101,23,Daphne Tan,CCEB,Female,4.26,Team 8
G-101,5461,Suraj Mishra,CoB (NBS),Male,04.08,Team 8
G-101,4526,Hope Chen,CCDS,Female,04.04,Team 8
G-101,4393,Kevin Brown,EEE,Male,4.18,Team 8
G-101,615,Gia Tsai,SPMS,Female,3.89,Team 9
G-101,35,Riley Lim,SoH,Male,4.48,Team 9
G-101,746,Alani Lin,MAE,Female,04.03,Team 9
G-101,5210,Amaya Sharma,CoE,Female,4.15,Team 9
G-101,2828,Nguyen Hoang Long,NIE,Male,04.05,Team 9
G-101,1839,Kexin,LKCMedicine,Female,4,Team 10
G-101,1545,Carter Thompson,SPMS,Male,04.03,Team 10
G-101,2986,Rishi Tan,CCDS,Male,04.08,Team 10
G-101,2852,Shayla Wang,NIE,Female,04.01,Team 10
G-101,2753,Zadie Harris,MAE,Female,4.52,Team 10
G-102,3439,Asher Clark,SBS,Male,04.03,Team 1
G-102,3168,Sakshi Iyer,MAE,Female,3.94,Team 1
G-102,448,Margarita Sokolova,SSS,Female,04.03,Team 1
G-102,5144,Aria Murphy,CCEB,Female,4.2,Team 1
G-102,2373,Elisha Wu,NIE,Male,4.23,Team 1
G-102,2246,Luca Torres,SoH,Male,4.12,Team 2
G-102,2315,Cheng Fang Tan,SPMS,Male,04.05,Team 2
G-102,3957,Megan Walker,CEE,Female,04.06,Team 2
G-102,2560,Simran Singh,SBS,Female,04.03,Team 2
G-102,1634,Sofia Hernandez,CCDS,Female,4.26,Team 2
G-102,818,Hansel Bautista,SSS,Male,04.06,Team 3
G-102,2221,Levi Huang,EEE,Male,04.04,Team 3
G-102,5023,Svetlana Chernyshova,LKCMedicine,Female,04.06,Team 3
G-102,103,Maximus Wright,CoE,Male,04.05,Team 3
G-102,5690,Maharani Sari,CCEB,Female,4.3,Team 3
G-102,902,Layla Cooper,MSE,Female,04.03,Team 4
G-102,5147,Min-Ji Park,SoH,Female,04.03,Team 4
G-102,5913,Ulysses Salazar,MAE,Male,4.2,Team 4
G-102,956,Raj Tan,SBS,Male,4.17,Team 4
G-102,3413,Kiran Shah,SSS,Female,4.12,Team 4
G-102,5928,Anjali Kumar,SSS,Female,3.95,Team 5
G-102,5578,Minh Tran,CCDS,Male,04.03,Team 5
G-102,4404,Omar Farooq,MAE,Male,4.2,Team 5
G-102,2720,Nira Gupta,WKW SCI,Female,4.12,Team 5
G-102,337,Kanwal Bukhari,CoB (NBS),Female,4.16,Team 5
G-102,783,Ajay Bhatt,CCDS,Male,4.22,Team 6
G-102,2192,Liu Fang,SPMS,Female,04.03,Team 6
G-102,2013,Wyatt Thompson,NIE,Male,04.09,Team 6
G-102,2079,Gina Lau,CoB (NBS),Female,4.15,Team 6
G-102,1768,Travis Lim,SoH,Male,4,Team 6
G-102,4386,Riku Takeda,WKW SCI,Male,04.01,Team 7
G-102,3592,Alina Awan,EEE,Female,4.1,Team 7
G-102,714,Nisha Gupta,CoB (NBS),Female,4.21,Team 7
G-102,3909,Zara Lim,CCEB,Female,4.1,Team 7
G-102,2403,Henry Tan,MAE,Male,4.12,Team 7
G-102,4862,Melati Ahmad,CCDS,Female,3.88,Team 8
G-102,3692,Harsh Kumar,EEE,Male,04.05,Team 8
G-102,613,Nina Phillips,SBS,Female,4.11,Team 8
G-102,3043,Maya Sari,CoE,Female,4.15,Team 8
G-102,2376,Hao Yang Tan,MSE,Male,4.3,Team 8
G-102,2595,Fariha Noor,CoE,Female,4.14,Team 9
G-102,3820,Felix Wong,SSS,Male,4.14,Team 9
G-102,5888,Bradley Yang,CEE,Male,04.09,Team 9
G-102,3717,Nafisa Ali,EEE,Female,3.95,Team 9
G-102,4379,Zoe Martinez,MAE,Female,4.21,Team 9
G-102,5447,Lan Nguyen,CCDS,Female,4.15,Team 10
G-102,39,Lyric Tan,EEE,Female,04.04,Team 10
G-102,1688,Pranata Santoso,MSE,Male,3.95,Team 10
G-102,828,Sakshi Singh,SSS,Female,4.14,Team 10
G-102,1362,Yong Hui,MAE,Male,4.21,Team 10
G-103,4837,Yuna Wong,SBS,Female,04.07,Team 1
G-103,925,Saad Malik,MSE,Male,04.05,Team 1
G-103,3251,Emily Scott,EEE,Female,04.07,Team 1
G-103,4224,Ethan White,SoH,Male,4.11,Team 1
G-103,5040,Dev Sharma,ASE,Male,4.26,Team 1
G-103,5970,Layla Fisher,SBS,Female,04.01,Team 2
G-103,4809,Vikram Singh,EEE,Male,4.13,Team 2
G-103,2302,Yvonne Ng,CEE,Female,3.8,Team 2
G-103,3932,Vy Nguyen,WKW SCI,Male,4.11,Team 2
G-103,3554,Asha Mehta,CCDS,Female,4.52,Team 2
G-103,4678,Irfan Bin Hassan,SPMS,Male,4,Team 3
G-103,18,Alan Chan,CEE,Male,4,Team 3
G-103,1292,Queenie Lee,SoH,Female,04.06,Team 3
G-103,2601,Tommy Wu,SSS,Male,4.22,Team 3
G-103,2602,Fatima Baig,CCDS,Female,4.25,Team 3
G-103,5493,Amna Bukhari,CCEB,Female,4.11,Team 4
G-103,1787,Xiao Wei Tan,CEE,Male,3.95,Team 4
G-103,4612,Kylie Chen,MAE,Female,4.15,Team 4
G-103,4842,Carmen Ong,SoH,Female,04.09,Team 4
G-103,397,Chong Wang,CoB (NBS),Male,4.25,Team 4
G-103,2189,Zachary Lee,CoB (NBS),Male,4.11,Team 5
G-103,2165,David Young,CoE,Male,4.19,Team 5
G-103,952,Nadia Binti Zulkifli,MSE,Female,3.87,Team 5
G-103,1495,Amira Tan,CCDS,Female,4.15,Team 5
G-103,4427,Willow Wong,EEE,Female,4.19,Team 5
G-103,835,Maya Wilson,SoH,Female,4.13,Team 6
G-103,4616,Eli Tan,ASE,Male,3.88,Team 6
G-103,4821,Samantha Khan,CoB (NBS),Female,4.19,Team 6
G-103,5627,Anjali Singh,SSS,Female,4.16,Team 6
G-103,2559,Everett Harris,CEE,Male,4.14,Team 6
G-103,1847,Talha Iqbal,CoE,Male,4.11,Team 7
G-103,1553,Isaac Thompson,EEE,Male,04.03,Team 7
G-103,40,Shiloh Lin,LKCMedicine,Female,04.05,Team 7
G-103,3497,Hikaru Sato,NIE,Male,4.14,Team 7
G-103,1202,Maya Gonzales,SSS,Female,4.22,Team 7
G-103,1613,Graham Jackson,SBS,Male,3.97,Team 8
G-103,344,Tyler Hall,CEE,Male,4.11,Team 8
G-103,4181,Simon Lee,CoB (NBS),Male,04.02,Team 8
G-103,4559,Sofia Kim,EEE,Female,4.17,Team 8
G-103,4964,Hannah Sanders,CCDS,Female,4.2,Team 8
G-103,1879,Naim Bin Hashim,MSE,Male,4.2,Team 9
G-103,778,Selina Loh,CoB (NBS),Female,3.91,Team 9
G-103,1618,Dallas Huang,CEE,Male,04.09,Team 9
G-103,4051,Fatima Malik,MAE,Female,4.18,Team 9
G-103,2679,Khalil Bin Ismail,SSS,Male,04.09,Team 9
G-103,5483,Camila Li,MAE,Female,4.27,Team 10
G-103,1911,Mansoor Qureshi,CEE,Male,4.12,Team 10
G-103,2099,Fahim Hussein,CCDS,Male,04.03,Team 10
G-103,4132,Aria Martinez,EEE,Female,4.18,Team 10
G-103,1551,Maggie Kwan,CCEB,Female,3.91,Team 10
G-104,238,Prashant Joshi,CCEB,Male,04.03,Team 1
G-104,2962,Jun Zhang,CoE,Male,4.19,Team 1
G-104,2273,Samantha Ong,SSS,Female,4.1,Team 1
G-104,4894,Fitri Binti Mohd,CCDS,Female,4,Team 1
G-104,1950,Lila Wu,MAE,Female,04.06,Team 1
G-104,4403,Ying Zhang,EEE,Female,4.18,Team 2
G-104,2556,Chloe Wu,MAE,Female,04.03,Team 2
G-104,5570,Gideon Zhang,SPMS,Male,04.01,Team 2
G-104,4187,Isha Verma,SBS,Female,04.03,Team 2
G-104,33,Waleed Malik,ASE,Male,4.15,Team 2
G-104,2204,Anaya Singh,EEE,Female,4,Team 3
G-104,5263,Lily Ong,CoB (NBS),Female,3.93,Team 3
G-104,1891,Ryder Ward,MAE,Male,4.15,Team 3
G-104,4988,Rafael Wong,CCDS,Male,4.11,Team 3
G-104,2898,Nancy Yeo,SSS,Female,04.08,Team 3
G-104,3050,Nia Wong,CCEB,Female,3.95,Team 4
G-104,1446,Dahlia Chen,NIE,Female,04.04,Team 4
G-104,5317,Zhen Zhang,CoB (NBS),Male,04.06,Team 4
G-104,82,Giselle Wu,SSS,Female,4.14,Team 4
G-104,1395,Anil Reddy,SoH,Male,4.14,Team 4
G-104,3665,Shahid Ali,CCDS,Male,4.11,Team 5
G-104,5684,Emily Johnson,SoH,Female,04.03,Team 5
G-104,1649,Vera Ong,MAE,Female,04.09,Team 5
G-104,2932,Gracelyn Dela Cruz,SSS,Female,3.96,Team 5
G-104,3873,Leo Pranata,CoB (NBS),Male,4.2,Team 5
G-104,5685,Maya Rahman,CCEB,Female,04.06,Team 6
G-104,3080,Tara Wati,NIE,Female,3.85,Team 6
G-104,2653,Chloe Tan,CCDS,Female,4.17,Team 6
G-104,3335,William Yip,EEE,Male,4.22,Team 6
G-104,4664,Lance Alvarado,CoE,Male,04.04,Team 6
G-104,2233,Chloe Scott,SBS,Female,3.85,Team 7
G-104,3268,Gideon Torres,CoB (NBS),Male,04.04,Team 7
G-104,4039,Anita Lim,CCDS,Female,04.06,Team 7
G-104,4349,Benjamin Huang,WKW SCI,Male,4.11,Team 7
G-104,5020,Xena Reed,NIE,Female,4.11,Team 7
G-104,2562,Zainab Noor,SoH,Female,4,Team 8
G-104,3595,Eamon Liu,NIE,Male,4.16,Team 8
G-104,1375,Pallavi Mehta,CEE,Female,04.09,Team 8
G-104,5962,Madison Scott,CoB (NBS),Female,3.92,Team 8
G-104,5596,Jason Tan,CCDS,Male,4.16,Team 8
G-104,1542,John Lim,WKW SCI,Male,3.95,Team 9
G-104,2622,Priya Roy,EEE,Female,4.11,Team 9
G-104,5905,Emi Yamashita,CCDS,Female,4.22,Team 9
G-104,4001,Ashna Mehta,SoH,Female,04.06,Team 9
G-104,90,Chandra Menon,ASE,Male,04.03,Team 9
G-104,1600,Sophia Taylor,WKW SCI,Female,04.06,Team 10
G-104,759,Daniel Adams,CCDS,Male,04.05,Team 10
G-104,832,Sarah Liu,SPMS,Female,04.09,Team 10
G-104,5540,Kamran Farooq,EEE,Male,04.01,Team 10
G-104,3937,Nisha Yadav,SSS,Female,4.18,Team 10
G-105,1529,Devansh Mehta,CCDS,Male,4,Team 1
G-105,4758,Ping An,CoB (NBS),Female,4.1,Team 1
G-105,1789,Dallas Liu,NIE,Male,04.05,Team 1
G-105,4431,Chen Li,SBS,Female,4.12,Team 1
G-105,3728,Lola Zhang,MAE,Female,4.22,Team 1
G-105,5029,Olivia Miller,WKW SCI,Female,3.87,Team 2
G-105,951,Nisha Bansal,SSS,Female,4.15,Team 2
G-105,5339,Callum Williams,SoH,Male,4.19,Team 2
G-105,5355,Nicolas Ramos,CoB (NBS),Male,4.14,Team 2
G-105,3415,Tatum Roberts,CCDS,Female,04.06,Team 2
G-105,1803,Isabella Rodriguez,EEE,Female,3.86,Team 3
G-105,1141,Mei Chen,SSS,Female,04.02,Team 3
G-105,3668,Saad Javed,ADM,Male,4.15,Team 3
G-105,2913,Kunal Mehta,SoH,Male,4.12,Team 3
G-105,5003,Imran Bin Zahid,CCDS,Male,4.3,Team 3
G-105,3345,Vira Dwi,CCEB,Female,3.8,Team 4
G-105,800,Ricky Chen,CoE,Male,04.09,Team 4
G-105,1007,Jonathan Wu,CoB (NBS),Male,04.09,Team 4
G-105,5816,Bennett Liu,CCDS,Male,4.14,Team 4
G-105,4364,Charlotte Gonzalez,MAE,Female,4.22,Team 4
G-105,2161,Tessa Li,EEE,Female,4.14,Team 5
G-105,2010,Trung Le,CEE,Male,04.06,Team 5
G-105,4510,Kylie Zhang,SBS,Female,04.04,Team 5
G-105,401,Haruki Suzuki,CoB (NBS),Male,04.01,Team 5
G-105,5770,Qiana Lestari,NIE,Female,4.25,Team 5
G-105,463,Arjun Nair,MAE,Male,3.92,Team 6
G-105,1564,Amina Binti Zain,EEE,Female,4.15,Team 6
G-105,5950,James Jackson,CEE,Male,04.09,Team 6
G-105,4744,Alyssa Tan,CCDS,Female,4.1,Team 6
G-105,4188,Sophie Reed,SSS,Female,4.23,Team 6
G-105,500,Vincent Wong,CoB (NBS),Male,04.01,Team 7
G-105,1974,Ronald Tan,CEE,Male,04.05,Team 7
G-105,5565,Yumi Tanaka,ASE,Female,04.03,Team 7
G-105,1927,Dao Tran,MSE,Male,4.15,Team 7
G-105,2728,Daphne Li,EEE,Female,4.26,Team 7
G-105,3970,Cora Zhang,CoB (NBS),Female,4.15,Team 8
G-105,333,Maya Torres,CCDS,Female,3.92,Team 8
G-105,3108,Pallavi Kumar,SSS,Female,4.1,Team 8
G-105,1043,Logan Martin,MAE,Male,4.12,Team 8
G-105,4869,Kiran Rao,SPMS,Male,4.15,Team 8
G-105,2732,Addison Lin,SSS,Female,04.02,Team 9
G-105,5218,Julia Tan,MAE,Female,04.04,Team 9
G-105,28,Claudia Tan,CoB (NBS),Female,04.09,Team 9
G-105,1550,Chen Bo,CEE,Male,4.17,Team 9
G-105,2392,Max Johnson,SoH,Male,4.21,Team 9
G-105,5909,Aditi Kumar,SSS,Female,04.01,Team 10
G-105,5377,Yang Jun,CCDS,Male,4.17,Team 10
G-105,5797,Shahid Raza,MAE,Male,04.02,Team 10
G-105,4589,Sabrina Zhao,CCEB,Female,4.11,Team 10
G-105,1490,Amit Agarwal,EEE,Male,4.15,Team 10
G-106,2370,Zedrick Ong,MAE,Male,04.05,Team 1
G-106,4581,Jai Mehta,SPMS,Male,4,Team 1
G-106,5670,Miyu Nishimura,SoH,Female,04.06,Team 1
G-106,850,Sienna Lee,CCDS,Female,3.88,Team 1
G-106,930,Jason Robinson,CoE,Male,4.52,Team 1
G-106,3471,Gandhi Saputra,CCEB,Male,3.95,Team 2
G-106,5983,Sergei Ivanovich,SPMS,Male,4,Team 2
G-106,1785,Gabriella Dela Cruz,MAE,Female,04.01,Team 2
G-106,3330,Jingyi,SSS,Female,4.15,Team 2
G-106,1929,Kavitha Tan,EEE,Female,4.3,Team 2
G-106,5898,Quinn Larson,CCEB,Female,4.12,Team 3
G-106,4783,Rahul Mehta,MAE,Male,04.08,Team 3
G-106,2147,Hafiz Ahmad,WKW SCI,Male,4.14,Team 3
G-106,2588,Mira Binti Zaki,SoH,Female,4.2,Team 3
G-106,5885,Jun Liu,EEE,Female,3.9,Team 3
G-106,5088,Neelam Rani,CCEB,Female,3.95,Team 4
G-106,3001,Piper Chen,CCDS,Female,4.15,Team 4
G-106,2144,Oscar Villanueva,CoE,Male,4.19,Team 4
G-106,330,Dylan Li,EEE,Male,3.9,Team 4
G-106,1294,Nolan Reyes,MAE,Male,4.16,Team 4
G-106,4934,Arya Kapoor,CCEB,Female,3.97,Team 5
G-106,1415,Cleo Morales,NIE,Female,04.02,Team 5
G-106,1580,Nikhil Sharma,WKW SCI,Male,4.11,Team 5
G-106,3686,Cole Huang,EEE,Male,4.19,Team 5
G-106,113,Fahad Ali,MAE,Male,4.19,Team 5
G-106,3008,Thomas Harris,CCDS,Male,3.95,Team 6
G-106,164,Nisha Verma,LKCMedicine,Female,4.18,Team 6
G-106,1002,Priya Nair,CCEB,Female,4.12,Team 6
G-106,5089,Isla Lee,MAE,Female,4.15,Team 6
G-106,4732,Albert Wang,EEE,Male,04.01,Team 6
G-106,1168,Eun-Hee Kim,NIE,Female,4.14,Team 7
G-106,4387,Kathy Tan,CCEB,Female,04.05,Team 7
G-106,4201,Reyansh Iyer,SPMS,Male,4.14,Team 7
G-106,3551,Harrison Moore,EEE,Male,4.19,Team 7
G-106,5093,Megan Zhao,MAE,Female,04.01,Team 7
G-106,2112,Noah Morris,SoH,Male,4.11,Team 8
G-106,4438,Noel Pineda,EEE,Male,4.19,Team 8
G-106,4317,Oliver Martinez,CoB (NBS),Male,4.12,Team 8
G-106,3654,Aria Tan,CCDS,Female,04.04,Team 8
G-106,3583,Aria Lee,CCEB,Female,3.88,Team 8
G-106,4753,Zara Malik,EEE,Female,3.9,Team 9
G-106,1730,Siddharth Gupta,CoB (NBS),Male,4.14,Team 9
G-106,1470,Tania Ng,CCEB,Female,4.15,Team 9
G-106,2385,Hoang Nguyen,ADM,Male,04.02,Team 9
G-106,1888,Guofeng,CoE,Female,4.15,Team 9
G-106,3054,Om Tan,CCEB,Male,4.15,Team 10
G-106,5657,Charlotte Harris,SPMS,Female,04.02,Team 10
G-106,2713,Kevin Wang,MAE,Male,04.09,Team 10
G-106,623,Minghao,CoB (NBS),Female,4,Team 10
G-106,5676,Akemi Takahashi,EEE,Female,4.12,Team 10
G-107,5790,Cheryl Ong,CCEB,Female,4,Team 1
G-107,1979,Archer Powell,NIE,Male,4.12,Team 1
G-107,3849,Zane Wong,CCDS,Male,04.03,Team 1
G-107,2292,Lily Lim,CEE,Female,4.19,Team 1
G-107,2475,Madison Torres,SPMS,Female,4.12,Team 1
G-107,2334,Meera Gupta,EEE,Female,04.04,Team 2
G-107,5645,Le Van Minh,CCEB,Female,04.02,Team 2
G-107,3867,Zane Navarro,CoB (NBS),Male,4.18,Team 2
G-107,5804,Liu Yang,SPMS,Male,4.16,Team 2
G-107,1968,Yumi Hayashi,SBS,Female,3.89,Team 2
G-107,768,Kavita Singh,CoB (NBS),Female,3.89,Team 3
G-107,4074,Daniel Tan,CEE,Male,4,Team 3
G-107,830,Samreen Ali,CCDS,Female,04.07,Team 3
G-107,5767,Carter Hall,EEE,Male,4.14,Team 3
G-107,4901,Victoria Reyes,MAE,Female,4.2,Team 3
G-107,937,Nina Binti Noor,ASE,Female,3.86,Team 4
G-107,5960,Yuri Grigorev,CEE,Male,4.1,Team 4
G-107,1308,Vera Chan,CCEB,Female,4.1,Team 4
G-107,4749,Nina Zhao,WKW SCI,Female,4.15,Team 4
G-107,112,Misha Malik,CoB (NBS),Female,4.14,Team 4
G-107,5212,Sana Menon,EEE,Female,4.22,Team 5
G-107,3344,Lana Tan,CCDS,Female,4,Team 5
G-107,4621,Amelia Lewis,SPMS,Female,4.22,Team 5
G-107,180,Kai Qiang,CEE,Male,04.04,Team 5
G-107,4716,Joko Susanto,MAE,Male,3.9,Team 5
G-107,2715,Harvey Lim,MAE,Male,3.88,Team 6
G-107,2877,Hayden Wu,CCDS,Female,4.12,Team 6
G-107,4040,Rina Ali,CCEB,Female,04.09,Team 6
G-107,2941,Xiaoling Chen,EEE,Female,04.02,Team 6
G-107,5335,Qiang Zhang,SPMS,Male,4.2,Team 6
G-107,1033,Tanishq Reddy,WKW SCI,Male,3.92,Team 7
G-107,2196,Jia Li,SBS,Female,04.03,Team 7
G-107,4677,Emery Wu,NIE,Male,4.1,Team 7
G-107,1541,Zulaikha Binti Rahman,CCEB,Female,4,Team 7
G-107,1212,Samantha Sanchez,CoB (NBS),Female,4.25,Team 7
G-107,2471,Nguyen Thi Hoa,CCDS,Female,3.87,Team 8
G-107,992,Amara Siti,SSS,Female,04.03,Team 8
G-107,4572,Arjun Sinha,EEE,Male,04.09,Team 8
G-107,3973,Karan Patel,WKW SCI,Male,4.14,Team 8
G-107,754,Bria Tsai,MAE,Female,4.23,Team 8
G-107,1463,Xiao Zhang,EEE,Male,04.02,Team 9
G-107,2445,Chad Dela Cruz,SPMS,Male,04.02,Team 9
G-107,2012,Charu Iyer,SSS,Female,3.92,Team 9
G-107,598,Riana Binti Abdul,MSE,Female,4.25,Team 9
G-107,89,Suresh Bhat,CoE,Female,4.14,Team 9
G-107,149,Ananya Roy,MAE,Female,04.08,Team 10
G-107,2916,Omar Rivera,SSS,Male,4.12,Team 10
G-107,895,Saanvi Roy,CCEB,Female,4.25,Team 10
G-107,4336,Xiangqi,EEE,Male,4,Team 10
G-107,5132,Min-Jung Kim,ASE,Female,3.85,Team 10
G-108,4574,Hina Waseem,CCDS,Female,3.95,Team 1
G-108,4495,Rajendra Kumar,CEE,Male,04.01,Team 1
G-108,1339,Shun Takahashi,SSS,Male,4.11,Team 1
G-108,5576,Pooja Nair,MAE,Female,04.03,Team 1
G-108,2564,Tara Lim,EEE,Female,4.19,Team 1
G-108,1590,Yan Mei,CCDS,Female,3.87,Team 2
G-108,4720,Qing Liu,CoE,Female,4.11,Team 2
G-108,1923,Noah Gray,CoB (NBS),Male,04.06,Team 2
G-108,4297,Rizqi Bin Farhan,MAE,Male,4.15,Team 2
G-108,2511,Hana Watanabe,EEE,Female,4.18,Team 2
G-108,1809,Ivy Wang,SSS,Female,3.89,Team 3
G-108,3276,Shahril Bin Hamid,CCDS,Male,4.1,Team 3
G-108,2663,Liam Reddy,NIE,Male,04.02,Team 3
G-108,3128,Harini Nair,EEE,Female,04.02,Team 3
G-108,3933,Matthew Martinez,CEE,Male,4.57,Team 3
G-108,4890,Rafika Binti Harun,WKW SCI,Female,3.9,Team 4
G-108,5322,Rajiv Nair,SoH,Male,04.02,Team 4
G-108,3972,Malia Tan,CEE,Female,04.08,Team 4
G-108,5110,Sheng Liu,SBS,Female,4.14,Team 4
G-108,2716,Liang Bo,CoE,Male,4.19,Team 4
G-108,1643,Mae Chang,SBS,Female,04.02,Team 5
G-108,2597,Renee Lee,CCEB,Female,04.01,Team 5
G-108,1678,Cameron Ward,CCDS,Male,4.19,Team 5
G-108,1905,Nadya Zainal,MSE,Female,04.09,Team 5
G-108,2362,Zheng Guo,EEE,Male,04.08,Team 5
G-108,2141,Raj Patel,CEE,Male,3.8,Team 6
G-108,5153,Caleb Parker,CoB (NBS),Male,4.18,Team 6
G-108,2616,Priya Menon,SSS,Female,04.09,Team 6
G-108,5588,Shoji Takahashi,EEE,Male,4.11,Team 6
G-108,5469,Sakura Yamamoto,CCDS,Female,4.21,Team 6
G-108,3921,Camila Allen,ADM,Female,4,Team 7
G-108,5244,Nguyen Van Cuong,CEE,Male,04.02,Team 7
G-108,3193,Siti Aisya Binti Ibrahim,SoH,Female,4,Team 7
G-108,3184,Lindsey Lin,CCEB,Female,4.1,Team 7
G-108,3985,Asher Thompson,SPMS,Male,4.52,Team 7
G-108,4881,Maya Devi,EEE,Female,4,Team 8
G-108,5266,Julian Wu,WKW SCI,Male,4.12,Team 8
G-108,2130,Kendrick Alvarado,SSS,Male,4.18,Team 8
G-108,2303,Ruby Diaz,CCDS,Female,4.12,Team 8
G-108,3252,Samuel Lee,CoB (NBS),Male,04.02,Team 8
G-108,2926,Aarav Nair,CCDS,Male,3.89,Team 9
G-108,2614,Vidya Menon,SSS,Female,04.07,Team 9
G-108,3362,Zeeshan Ahmed,CCEB,Male,04.06,Team 9
G-108,5733,Chen Ming,MAE,Male,4.11,Team 9
G-108,1538,Shreya Rani,EEE,Female,4.22,Team 9
G-108,1941,Sophia Lee,CCEB,Female,4.22,Team 10
G-108,2470,Riya Mehta,CoB (NBS),Female,04.02,Team 10
G-108,2509,Hugo Long,CoE,Male,04.06,Team 10
G-108,3913,Randy Lim,SSS,Male,3.88,Team 10
G-108,2027,Mason King,CCDS,Male,4.18,Team 10
G-109,4327,Arav Singh,CCDS,Female,3.89,Team 1
G-109,3169,Alina Smith,SoH,Female,04.01,Team 1
G-109,1482,Asad Ali,MSE,Male,4.11,Team 1
G-109,1330,Cheng Wei Yeo,EEE,Male,4.2,Team 1
G-109,5299,Ifti Binti Rahman,CoB (NBS),Female,4.2,Team 1
G-109,1956,Zarina Binti Ibrahim,CCEB,Female,3.9,Team 2
G-109,5018,Raj Patel,EEE,Male,04.05,Team 2
G-109,4796,Cassidy Wang,CoB (NBS),Female,4.12,Team 2
G-109,3273,Kanti Gupta,MAE,Female,4.17,Team 2
G-109,892,Phan Van Hoa,EEE,Male,4.17,Team 2
G-109,2958,Ophelia Santos,CCDS,Female,04.01,Team 3
G-109,114,Noah Harris,EEE,Male,04.01,Team 3
G-109,1442,Maya Binti Rahim,CCEB,Female,3.95,Team 3
G-109,3953,James Taylor,CoE,Male,04.09,Team 3
G-109,3429,Samantha Wilson,CoB (NBS),Female,4.22,Team 3
G-109,5620,Riya Verma,MAE,Female,3.85,Team 4
G-109,1426,Wendy Cheung,CoB (NBS),Female,4.18,Team 4
G-109,4225,Liu Hong,CCEB,Female,4.12,Team 4
G-109,3729,Kenta Suzuki,CCDS,Male,04.02,Team 4
G-109,5059,Logan Harris,EEE,Male,4.22,Team 4
G-109,224,Alvin Dela Cruz,EEE,Male,3.96,Team 5
G-109,686,Rameez Shah,NIE,Male,3.96,Team 5
G-109,458,Harlow Chen,CCEB,Female,4.26,Team 5
G-109,1135,Sofia Wong,CEE,Female,4.2,Team 5
G-109,4954,Nori Matsuda,CoB (NBS),Female,4.2,Team 5
G-109,3658,Alia Mohd,EEE,Female,3.91,Team 6
G-109,1409,Miriam Tan,CCEB,Female,04.02,Team 6
G-109,5411,Cole Moore,CCDS,Male,4.17,Team 6
G-109,5313,Nia Carter,MSE,Female,4.14,Team 6
G-109,225,Shahril Bin Muni,NIE,Male,04.05,Team 6
G-109,4098,Shahrir Bin Rahman,WKW SCI,Male,3.9,Team 7
G-109,293,Claire Bennett,SBS,Female,04.06,Team 7
G-109,446,Hanh Pham,CoB (NBS),Female,04.09,Team 7
G-109,263,Norah Ng,CCEB,Female,4.14,Team 7
G-109,973,Zhi Wei Lim,EEE,Male,4.22,Team 7
G-109,4029,Nova Ong,SSS,Female,04.08,Team 8
G-109,1744,Fangling,EEE,Male,04.05,Team 8
G-109,1661,Suriya Tan,CoB (NBS),Female,4.19,Team 8
G-109,3377,Zoey Chen,CCEB,Female,4.15,Team 8
G-109,3662,Nitin Chaudhary,CCDS,Male,04.01,Team 8
G-109,3406,Ritika Joshi,MAE,Female,3.9,Team 9
G-109,3577,Hana Takemura,CoB (NBS),Female,4.11,Team 9
G-109,150,Kong Wei Tan,EEE,Male,4.22,Team 9
G-109,1960,Ajay Reddy,SPMS,Male,4.17,Team 9
G-109,695,Xuefeng,CCEB,Female,4,Team 9
G-109,4933,Hussain Bin Mohd,EEE,Male,4,Team 10
G-109,5595,Sana Rehman,CCDS,Female,4.11,Team 10
G-109,4376,Carmen Tan,CCEB,Female,4.3,Team 10
G-109,3016,Kendrick White,CEE,Male,4,Team 10
G-109,2533,Lina Teo,SPMS,Female,4.14,Team 10
G-11,2918,Julian Tan,CoB (NBS),Male,04.03,Team 1
G-11,5846,Tara Kumar,EEE,Female,04.01,Team 1
G-11,4266,Dewi Astuti,MAE,Female,3.9,Team 1
G-11,1852,Jin Lee,SPMS,Male,4.15,Team 1
G-11,796,Tanvi Agarwal,SSS,Female,4.2,Team 1
G-11,4041,Nina Butler,SBS,Female,3.91,Team 2
G-11,1017,Ethan Lee,NIE,Male,04.02,Team 2
G-11,5844,Chloe Hu,CoB (NBS),Female,04.03,Team 2
G-11,972,Dylan Anderson,EEE,Male,4.25,Team 2
G-11,268,Nora Zhang,ADM,Female,4.16,Team 2
G-11,2300,Liang Mei,EEE,Female,4.12,Team 3
G-11,4974,Peilin,CEE,Female,04.05,Team 3
G-11,1759,Kunal Tan,CoB (NBS),Male,3.8,Team 3
G-11,1377,Nguyen Hoang Khoa,ADM,Female,4.14,Team 3
G-11,4595,Jovian Tan,EEE,Male,4.22,Team 3
G-11,5452,Zainab Rahman,CCDS,Female,4.15,Team 4
G-11,5936,Lian Liu,MAE,Female,4,Team 4
G-11,4216,Jacob Howard,EEE,Male,04.03,Team 4
G-11,5628,Riya Khan,CCEB,Female,04.04,Team 4
G-11,4299,Seth Lim,CoB (NBS),Male,4.22,Team 4
G-11,4587,Ying Zhao,CoB (NBS),Female,3.91,Team 5
G-11,639,Erqi,CCDS,Male,4,Team 5
G-11,5889,Tyler Moore,WKW SCI,Male,04.02,Team 5
G-11,3381,Sana Ali,EEE,Female,4.15,Team 5
G-11,4712,Neha Kapoor,CoE,Female,4.2,Team 5
G-11,3687,Noah Wilson,CoB (NBS),Male,04.05,Team 6
G-11,1183,Tian Yi,WKW SCI,Male,4,Team 6
G-11,5408,Peiyu,CEE,Male,4.3,Team 6
G-11,5396,Alison Wong,CCDS,Female,4,Team 6
G-11,624,Kelly Lim,EEE,Female,3.96,Team 6
G-11,635,Charlotte Thomas,MAE,Female,3.9,Team 7
G-11,312,William Lim,CoB (NBS),Male,04.01,Team 7
G-11,1955,William Carter,EEE,Male,4.1,Team 7
G-11,5744,Tania Kurnia,SSS,Female,4.3,Team 7
G-11,3869,Sebastian Mitchell,CCDS,Male,04.04,Team 7
G-11,342,Ethan Ong,CCEB,Male,04.08,Team 8
G-11,3974,Zhao Rui,EEE,Male,4.17,Team 8
G-11,5714,Alondra Santos,CoB (NBS),Female,04.08,Team 8
G-11,5747,Cleo Wang,MAE,Female,4.17,Team 8
G-11,1996,Daya Kumari,SSS,Female,3.9,Team 8
G-11,1288,Elena Vladimirovna,CEE,Female,3.87,Team 9
G-11,4450,Charlotte Martin,CoB (NBS),Female,04.01,Team 9
G-11,5386,Arun Singh,EEE,Male,04.06,Team 9
G-11,1156,Hugo Huang,SBS,Male,4.17,Team 9
G-11,3651,Chengwei,SPMS,Male,4.2,Team 9
G-11,4866,Richa Agarwal,CoB (NBS),Female,3.97,Team 10
G-11,5491,Caleb Murphy,CCDS,Male,04.05,Team 10
G-11,1505,Wesley Turner,EEE,Male,04.09,Team 10
G-11,4128,Ella Johnson,CoE,Female,4.12,Team 10
G-11,5697,Aisha Fitria,MSE,Female,4.3,Team 10
G-110,4221,Emma Black,CCEB,Female,04.03,Team 1
G-110,3138,Mizuki Yamashita,CCDS,Female,04.03,Team 1
G-110,4303,Jason Lam,MAE,Male,4,Team 1
G-110,3986,Glenn Wong,ASE,Male,04.05,Team 1
G-110,3908,Alana Lee,CoB (NBS),Female,4.19,Team 1
G-110,183,Madison Edwards,MAE,Female,4,Team 2
G-110,941,Jamal Bin Rahman,MSE,Male,04.01,Team 2
G-110,1015,Nurul Izzah,SSS,Female,04.03,Team 2
G-110,812,Quang Vu,CCDS,Female,4.14,Team 2
G-110,1313,Silas Kim,CoE,Male,4.27,Team 2
G-110,547,Tobias Alonzo,MSE,Male,4.16,Team 3
G-110,4858,Ashlyn Wu,CCEB,Female,04.01,Team 3
G-110,4591,Jaxon Lee,WKW SCI,Male,04.06,Team 3
G-110,1985,Chloe Turner,CEE,Female,04.01,Team 3
G-110,3396,Wren Tsai,SoH,Female,4.16,Team 3
G-110,2347,Gage Yang,NIE,Male,04.01,Team 4
G-110,4423,Laila Thomas,CoB (NBS),Female,4.18,Team 4
G-110,2975,Jia Wei,EEE,Male,4.16,Team 4
G-110,5666,Anya Bogdanova,CCDS,Female,3.94,Team 4
G-110,3578,Yuna Takahashi,SSS,Female,4.11,Team 4
G-110,5349,Ying Mei,MAE,Female,4.11,Team 5
G-110,3664,Kevin Ross,SSS,Male,4.11,Team 5
G-110,1402,Nora Alia,SPMS,Female,04.08,Team 5
G-110,3485,Nashit Lee,CEE,Male,4.15,Team 5
G-110,3277,Akemi Watanabe,SBS,Female,3.87,Team 5
G-110,5376,Vincent Lim,NIE,Male,04.08,Team 6
G-110,3031,Brianna Foster,CCEB,Female,04.09,Team 6
G-110,2275,Shi Wei Lim,MAE,Male,4.1,Team 6
G-110,1019,Cheng Wu,CoB (NBS),Female,04.01,Team 6
G-110,581,Wendy Chia,EEE,Female,4.19,Team 6
G-110,1186,Sarah Wang,CoE,Female,4.17,Team 7
G-110,827,Sukanya Das,CCDS,Female,04.03,Team 7
G-110,2531,Anthony Liu,EEE,Male,04.06,Team 7
G-110,1511,Nadia Binti,SBS,Female,04.03,Team 7
G-110,3249,Wei Jun,CEE,Male,4.1,Team 7
G-110,5776,Olga Reyes,MSE,Female,04.06,Team 8
G-110,4607,Fatima Binti,CoE,Female,04.02,Team 8
G-110,5662,Rina Ahmad,CoB (NBS),Female,04.01,Team 8
G-110,2481,Rohan Shah,NIE,Male,4.18,Team 8
G-110,5221,Faisal Malik,CCDS,Male,4.15,Team 8
G-110,4761,Rajesh Desai,CoB (NBS),Male,3.95,Team 9
G-110,5940,Zara Binti,MAE,Female,04.03,Team 9
G-110,3313,Nash Tan,CEE,Male,04.06,Team 9
G-110,6000,Alaina Chang,SSS,Female,4.15,Team 9
G-110,4295,Aubrey Davis,SBS,Female,4.17,Team 9
G-110,2800,Eric Wong,SSS,Male,04.01,Team 10
G-110,5569,Riley Baker,EEE,Female,04.03,Team 10
G-110,1262,Samuel Cook,LKCMedicine,Male,04.02,Team 10
G-110,4135,Anjali Sharma,CCDS,Female,4.1,Team 10
G-110,2044,Avery Chan,CoB (NBS),Female,4.21,Team 10
G-111,5127,Hiroshi Matsumoto,NIE,Male,3.87,Team 1
G-111,1149,Thomas Harris,SoH,Male,4.15,Team 1
G-111,3700,Shreya Iyer,CoB (NBS),Female,04.08,Team 1
G-111,2238,Hong Mei,EEE,Female,4.22,Team 1
G-111,2754,Ethan James,CCDS,Male,4.15,Team 1
G-111,5012,Silas Wu,MAE,Male,04.02,Team 2
G-111,4682,Lily Scott,ADM,Female,04.03,Team 2
G-111,203,Angela Lim,SSS,Female,04.04,Team 2
G-111,343,Raghav Reddy,CEE,Male,04.03,Team 2
G-111,1466,Kartik Reddy,CoB (NBS),Male,4.3,Team 2
G-111,582,Sophie Mendoza,CCDS,Female,3.9,Team 3
G-111,1682,Jaxon Green,ASE,Male,04.02,Team 3
G-111,4762,Nisha Malhotra,MAE,Female,4.1,Team 3
G-111,5553,Tyler Reddy,EEE,Male,4.15,Team 3
G-111,2491,Penny Wong,CoB (NBS),Female,4.25,Team 3
G-111,2865,Parker Martin,EEE,Male,3.8,Team 4
G-111,5350,Tian Hua,CEE,Male,04.09,Team 4
G-111,5599,Violet Perez,MAE,Female,4.15,Team 4
G-111,2952,Deng Jian,SPMS,Male,4.17,Team 4
G-111,377,Gina Wong,ADM,Female,4.17,Team 4
G-111,4057,Samira Khan,CCEB,Female,3.9,Team 5
G-111,2276,Haruto Suzuki,WKW SCI,Male,04.04,Team 5
G-111,5554,Caleb Gray,EEE,Male,4.1,Team 5
G-111,221,Jasmine Rivera,CoB (NBS),Female,04.04,Team 5
G-111,3846,Mateo Huang,SSS,Male,4.52,Team 5
G-111,4994,Madison Bailey,SSS,Female,04.03,Team 6
G-111,3771,Oliver Chan,SPMS,Male,04.02,Team 6
G-111,1318,Mila Cook,CoB (NBS),Female,4.12,Team 6
G-111,3119,Xiong Wei Tan,CEE,Male,4.2,Team 6
G-111,1621,Shinichi Nakagawa,ASE,Male,4.17,Team 6
G-111,4962,Tae-Jin Kim,MAE,Male,3.91,Team 7
G-111,5754,Gideon Green,SoH,Male,4.15,Team 7
G-111,5213,Trisha Joshi,SSS,Female,4.12,Team 7
G-111,4568,Chandni Verma,CCDS,Female,3.9,Team 7
G-111,5074,Willow Chen,EEE,Female,4.25,Team 7
G-111,5698,Tristan Young,WKW SCI,Male,3.89,Team 8
G-111,2822,Aisha Ali,SPMS,Female,4.13,Team 8
G-111,5638,Haojun,MAE,Female,4,Team 8
G-111,3532,Deena Binti Mohd,EEE,Female,4.15,Team 8
G-111,3295,Panshi,CoB (NBS),Male,4.3,Team 8
G-111,2187,Dewi Sari,NIE,Female,04.02,Team 9
G-111,1902,Dylan Wang,SSS,Male,04.02,Team 9
G-111,2874,Harper Tan,SBS,Female,3.92,Team 9
G-111,2043,Liam Wright,EEE,Male,4.17,Team 9
G-111,2541,Wang Ming,CoB (NBS),Male,4.22,Team 9
G-111,4798,Siti Nurhaliza Binti Idris,CCEB,Female,3.8,Team 10
G-111,3481,Afreen Bukhari,MAE,Male,4.12,Team 10
G-111,444,Hao Xun,CoE,Male,4.14,Team 10
G-111,5663,Manisha Gupta,ADM,Female,4.15,Team 10
G-111,2103,Jaxon Wu,SoH,Male,4.18,Team 10
G-112,1492,Jackson Yang,SPMS,Male,04.04,Team 1
G-112,1838,Sofia Khanna,MAE,Female,04.01,Team 1
G-112,239,Katia Tan,CCEB,Female,04.04,Team 1
G-112,5343,Ursula Turner,SBS,Female,04.04,Team 1
G-112,2257,Min Zhang,EEE,Male,4.3,Team 1
G-112,1500,Jagdeep Singh,ASE,Male,3.92,Team 2
G-112,3907,Ritika Patel,SBS,Female,4.16,Team 2
G-112,5830,Alice Wang,MAE,Female,04.05,Team 2
G-112,502,Fern Adams,CCDS,Female,4.14,Team 2
G-112,2229,Dong Chen,CoE,Male,4.2,Team 2
G-112,369,Maris Tsai,SoH,Female,3.88,Team 3
G-112,5487,Asha Tan,MAE,Female,4.1,Team 3
G-112,486,Rocco Ong,SSS,Male,04.09,Team 3
G-112,1120,Lincoln Yang,CCDS,Male,4.15,Team 3
G-112,5890,Ella Zhao,CoB (NBS),Female,4.22,Team 3
G-112,4938,Keiko Mori,ADM,Female,3.9,Team 4
G-112,799,Sanjay Kapoor,NIE,Male,4.15,Team 4
G-112,44,Irene Cheung,EEE,Female,4.15,Team 4
G-112,5042,Tarun Nair,CEE,Male,4.17,Team 4
G-112,5296,Penny Kwan,CCDS,Female,04.09,Team 4
G-112,1723,Ashton Lee,EEE,Male,04.03,Team 5
G-112,4150,Bridgette Villanueva,SBS,Female,4.15,Team 5
G-112,4680,Laila Shah,SSS,Female,4,Team 5
G-112,1044,Cameron Tan,CoE,Male,4.11,Team 5
G-112,5019,Farah Binti Ibrahim,CCDS,Female,4.25,Team 5
G-112,2654,Charlotte Robinson,MAE,Female,04.09,Team 6
G-112,5966,Kyle Yip,EEE,Male,04.02,Team 6
G-112,5882,Ryuu Tanaka,CCEB,Male,4.1,Team 6
G-112,1022,Riley Jackson,CoE,Female,4.15,Team 6
G-112,3967,Uma Lopez,CCDS,Female,4.22,Team 6
G-112,3457,Theo Cooper,CoE,Male,3.9,Team 7
G-112,2745,Sakura Watanabe,CCEB,Female,4.17,Team 7
G-112,4234,Emma Davis,EEE,Female,4.13,Team 7
G-112,1936,Mai Le,SoH,Female,04.09,Team 7
G-112,5038,Ravi Deshmukh,CCDS,Male,4.2,Team 7
G-112,583,Mackenzie Russell,MAE,Female,04.03,Team 8
G-112,3437,Bingqi,CoB (NBS),Male,04.05,Team 8
G-112,1450,Zeke Yang,MSE,Male,04.09,Team 8
G-112,4503,Rowena Mendoza,CoE,Female,4.12,Team 8
G-112,2625,Layla Reddy,CCDS,Female,4.52,Team 8
G-112,4083,Sophia Moore,ADM,Female,04.03,Team 9
G-112,1251,Ngoc Ho,SSS,Female,04.08,Team 9
G-112,5151,Owais Javed,CoE,Male,4.15,Team 9
G-112,1159,Caleb Mitchell,EEE,Male,04.09,Team 9
G-112,2451,Fatima Noor,MAE,Female,4.21,Team 9
G-112,1021,Linda Thomas,LKCMedicine,Female,3.86,Team 10
G-112,2073,Chen Yu,EEE,Male,04.06,Team 10
G-112,1032,Fadli Hidayat,MAE,Male,4.2,Team 10
G-112,1622,Talia Li,CCDS,Female,4.18,Team 10
G-112,3042,Elena Brown,CCEB,Female,4.2,Team 10
G-113,5465,Ahmad bin Ismail,CEE,Male,04.07,Team 1
G-113,1496,Adrian Tan,CCDS,Male,04.02,Team 1
G-113,5843,Taojie,SoH,Female,04.05,Team 1
G-113,357,Vikram Joshi,CoB (NBS),Male,04.01,Team 1
G-113,3327,Maya Rahayu,CCEB,Female,4.2,Team 1
G-113,5045,Grace Young,CoB (NBS),Female,04.01,Team 2
G-113,2955,Diana Prince,SPMS,Female,4.15,Team 2
G-113,5740,Bharat Menon,CCDS,Male,3.78,Team 2
G-113,913,Siti binti Ahmad,SSS,Female,4.14,Team 2
G-113,4655,Zahrah Binti Noor,EEE,Male,4.15,Team 2
G-113,5247,Alya Binti Mohd,SoH,Female,3.94,Team 3
G-113,2922,Violet Ward,SSS,Female,04.01,Team 3
G-113,4056,Han Chen Lim,SPMS,Male,3.8,Team 3
G-113,1042,Jasper Wang,EEE,Male,4.3,Team 3
G-113,5992,Zain Malik,CEE,Female,4.18,Team 3
G-113,2906,Yara Chen,CoB (NBS),Female,3.88,Team 4
G-113,3726,Diana Binti Azhar,SoH,Female,3.95,Team 4
G-113,5170,Oscar Lee,SSS,Male,4.15,Team 4
G-113,4350,Isaac Wright,CCDS,Male,4.11,Team 4
G-113,415,Maximus Wright,SPMS,Male,4.12,Team 4
G-113,1248,Natalie Chen,CoE,Female,04.05,Team 5
G-113,4460,Zhang Bo,EEE,Male,04.03,Team 5
G-113,1631,Fatima Khan,CoB (NBS),Female,04.06,Team 5
G-113,3076,Rajiv Mehta,MSE,Male,3.88,Team 5
G-113,5232,Samantha Yang,SSS,Female,4.2,Team 5
G-113,5544,Isaiah Murphy,ADM,Male,04.05,Team 6
G-113,3705,Isaac Wong,CoB (NBS),Male,04.04,Team 6
G-113,3520,Suman Singh,EEE,Female,3.95,Team 6
G-113,5030,Lara Lim,SSS,Female,04.09,Team 6
G-113,5959,Kendall Zhang,CCDS,Female,4.17,Team 6
G-113,5910,Amina Rahman,WKW SCI,Female,3.85,Team 7
G-113,5214,Zahid Bin Rahman,SoH,Male,4.1,Team 7
G-113,5457,Leonardo Thomas,CEE,Male,04.06,Team 7
G-113,3191,Gia Price,SSS,Female,4.12,Team 7
G-113,2261,Sadia Noor,CCDS,Female,4.14,Team 7
G-113,338,Elizaveta Antonova,SSS,Female,3.89,Team 8
G-113,2217,Clara Yang,CCDS,Female,4.12,Team 8
G-113,2539,Kimi Wibowo,SoH,Female,04.05,Team 8
G-113,2114,Farrell Mendoza,MAE,Male,04.04,Team 8
G-113,4565,Rohan Tan,CoB (NBS),Male,4.17,Team 8
G-113,475,Zara Price,EEE,Female,3.85,Team 9
G-113,5853,Sonia Iyer,NIE,Female,04.03,Team 9
G-113,447,Logan Green,CCEB,Male,04.09,Team 9
G-113,3990,Brayden Torres,CCDS,Male,04.09,Team 9
G-113,647,Sherry Tan,ADM,Female,4.15,Team 9
G-113,2364,Kaitlyn Carter,EEE,Female,3.94,Team 10
G-113,5346,Jamal Santos,SSS,Male,04.08,Team 10
G-113,2536,Lydia Wang,CoB (NBS),Female,04.07,Team 10
G-113,3228,Yusuf Bin Sulaiman,CCDS,Male,4.1,Team 10
G-113,5000,Tess Tsai,CCEB,Female,4.22,Team 10
G-114,5393,Jueqi,SBS,Female,4.2,Team 1
G-114,4874,Rei Takahashi,CoE,Male,04.02,Team 1
G-114,4546,Cheng Zhang,CCDS,Female,04.08,Team 1
G-114,3391,Aubree King,NIE,Female,4.14,Team 1
G-114,2258,Zachary Tan,MAE,Male,04.02,Team 1
G-114,2324,Sana Malik,CEE,Female,4.15,Team 2
G-114,1627,Ravi Chandran,CCEB,Male,3.95,Team 2
G-114,2218,Guixiang,MAE,Male,4.1,Team 2
G-114,3725,Miho Nishimura,ADM,Female,04.08,Team 2
G-114,3400,Kabir Singh,CCDS,Female,4.19,Team 2
G-114,4028,Svetlana Petrovna,CCDS,Female,3.94,Team 3
G-114,5810,Alia Zainal,ASE,Female,4.14,Team 3
G-114,2208,Saira Raza,CoB (NBS),Female,04.08,Team 3
G-114,3478,Maya Zhao,SSS,Female,4.12,Team 3
G-114,1410,Amit Sharma,NIE,Male,4.21,Team 3
G-114,3367,Isaac Lee,MSE,Male,04.01,Team 4
G-114,4687,Sophie Patel,CCEB,Female,04.02,Team 4
G-114,3540,Rida Khan,CoE,Female,04.02,Team 4
G-114,5017,Sofia Cheng,ADM,Female,04.04,Team 4
G-114,366,Troy Wong,CoB (NBS),Male,4.52,Team 4
G-114,319,Tariq Khan,EEE,Male,04.02,Team 5
G-114,561,Shawn Ng,CoB (NBS),Male,04.03,Team 5
G-114,3787,Misha Rani,CCEB,Female,4.14,Team 5
G-114,1382,Deepa Sharma,CCDS,Female,4.12,Team 5
G-114,5405,Li Chan,MSE,Female,4.19,Team 5
G-114,3528,Gloria Li,MAE,Female,04.02,Team 6
G-114,5032,Mira Khan,CCEB,Female,04.03,Team 6
G-114,5926,Xander Morris,EEE,Male,04.03,Team 6
G-114,5062,Dong-Wook Choi,CCDS,Male,4.14,Team 6
G-114,2519,Ariana Richardson,CoB (NBS),Female,4.18,Team 6
G-114,648,Bella Goh,CCEB,Female,3.95,Team 7
G-114,4464,Rosa Tan,CCDS,Female,04.06,Team 7
G-114,51,Wani Binti Azhar,EEE,Female,04.05,Team 7
G-114,901,Orion Setiawan,CEE,Male,4.22,Team 7
G-114,9,Nguyen Thi Thanh,MAE,Female,04.08,Team 7
G-114,5647,Hannah Tan,SPMS,Female,04.04,Team 8
G-114,2907,Abigail Lewis,CCEB,Female,04.06,Team 8
G-114,454,Luna Tsai,MAE,Female,04.09,Team 8
G-114,1770,Xiao Wei,ADM,Male,04.03,Team 8
G-114,2633,Lia Harum,SSS,Female,4.25,Team 8
G-114,5891,Alan Chan,MAE,Male,04.02,Team 9
G-114,5416,Iris Lim,MSE,Female,04.03,Team 9
G-114,1030,Thea Wang,CoB (NBS),Female,04.05,Team 9
G-114,4157,Rohan Sharma,CoE,Male,4.48,Team 9
G-114,1493,Kira Foster,EEE,Female,3.85,Team 9
G-114,2640,Lily Tan,CCDS,Female,4.1,Team 10
G-114,1837,Mila Wang,WKW SCI,Female,3.88,Team 10
G-114,1191,Oki Andri,EEE,Male,4.1,Team 10
G-114,5574,Gauri Mehta,MAE,Female,4.14,Team 10
G-114,1906,Azman bin Rahman,ASE,Male,4.15,Team 10
G-115,2871,Shaista Iqbal,CCDS,Female,04.04,Team 1
G-115,2920,Fiona Li,CCEB,Female,04.09,Team 1
G-115,1722,Jaxon Young,CoB (NBS),Male,4,Team 1
G-115,2921,Hendrix Yang,SoH,Male,4.1,Team 1
G-115,5095,Sanya Ahuja,CoE,Female,4.29,Team 1
G-115,441,Lilly Wong,EEE,Female,04.02,Team 2
G-115,482,Daiki Matsumoto,CCEB,Male,4.18,Team 2
G-115,275,Siti Nora,CoB (NBS),Female,04.02,Team 2
G-115,5150,Nida Rehman,ASE,Female,04.07,Team 2
G-115,27,Caleb Wright,MAE,Male,4.22,Team 2
G-115,4330,Oliver Lim,CoB (NBS),Male,4.12,Team 3
G-115,3854,Kohei Tanaka,ASE,Male,4.13,Team 3
G-115,4287,Samantha Lim,EEE,Female,4.12,Team 3
G-115,1392,Amber Chen,MAE,Female,4.25,Team 3
G-115,3807,Pooja Mehra,SoH,Female,3.85,Team 3
G-115,1221,Derrick Lim,SoH,Male,3.9,Team 4
G-115,4508,Hina Bukhari,CoB (NBS),Female,04.04,Team 4
G-115,4599,Rhea Wu,CCEB,Female,4.12,Team 4
G-115,1367,Talha Malik,MSE,Male,4.18,Team 4
G-115,5406,Mira Agustina,SSS,Female,4.2,Team 4
G-115,3556,Meghan Carter,CoB (NBS),Female,4.11,Team 5
G-115,1774,Saira Iqbal,WKW SCI,Female,4.17,Team 5
G-115,3627,Harry Li,EEE,Male,04.05,Team 5
G-115,3648,Ryoji Yamamoto,MAE,Male,3.87,Team 5
G-115,2695,Ella Chen,SBS,Female,4.19,Team 5
G-115,5081,James Wright,CoE,Male,3.89,Team 6
G-115,2842,Ling Liu,SBS,Female,4.11,Team 6
G-115,5016,Sophie Tsai,CoB (NBS),Female,04.08,Team 6
G-115,1123,David Stewart,MAE,Male,4.17,Team 6
G-115,548,Weimin,CCDS,Male,4.2,Team 6
G-115,1146,Layla Carter,WKW SCI,Female,04.01,Team 7
G-115,2427,Mukesh Kumar,CoB (NBS),Male,4.15,Team 7
G-115,5254,Anna Kim,EEE,Female,04.04,Team 7
G-115,70,Luna Flores,SPMS,Female,04.05,Team 7
G-115,2786,Alexander Phillips,MAE,Male,4.19,Team 7
G-115,305,Nguyen Van Loc,CCEB,Male,04.08,Team 8
G-115,2999,Nathan Diaz,WKW SCI,Male,04.01,Team 8
G-115,4207,Ananya Doshi,CoB (NBS),Female,04.02,Team 8
G-115,3462,Anaya Shah,SSS,Female,4.19,Team 8
G-115,3571,Nathan Davis,EEE,Male,4.22,Team 8
G-115,821,Isabella Ward,MAE,Female,3.88,Team 9
G-115,5839,Kieran Zhao,CoE,Male,4.12,Team 9
G-115,3626,Zhi Yi Lim,CEE,Male,4.1,Team 9
G-115,824,Gordon Yip,EEE,Male,4.17,Team 9
G-115,3207,Miyuki Nishimura,CoB (NBS),Female,4.22,Team 9
G-115,5914,Yui Kobayashi,SSS,Female,4.12,Team 10
G-115,78,Jai Singh,CoB (NBS),Male,04.04,Team 10
G-115,1910,Aoi Tanaka,CCEB,Female,4.17,Team 10
G-115,4737,Alya Binti Zainal,SPMS,Female,04.03,Team 10
G-115,4946,Ryan Edwards,CCDS,Male,4.15,Team 10
G-116,2465,Amina Begum,SSS,Female,3.88,Team 1
G-116,2752,Nguyen Thi Thao,MAE,Female,04.03,Team 1
G-116,1801,Jovian Liu,CCDS,Male,4.1,Team 1
G-116,4725,Suman Verma,EEE,Female,04.05,Team 1
G-116,4736,Nicolas Ramos,CoE,Male,4.52,Team 1
G-116,1484,Willow Li,CCDS,Female,04.05,Team 2
G-116,2970,Aarav Gupta,SPMS,Male,3.88,Team 2
G-116,4087,Amira Hasan,CEE,Female,4.12,Team 2
G-116,3302,Fengguo,CoB (NBS),Female,4.1,Team 2
G-116,3622,Dongmei,ADM,Male,4.3,Team 2
G-116,1646,Jueqi,NIE,Male,3.8,Team 3
G-116,1173,Tina Ho,WKW SCI,Female,04.09,Team 3
G-116,890,Gabriel Edwards,EEE,Male,4.12,Team 3
G-116,5302,Sonia Verma,MAE,Female,4.17,Team 3
G-116,982,Derek Adams,SSS,Male,4.2,Team 3
G-116,1530,Nurul Aini,CCEB,Female,04.01,Team 4
G-116,2593,Nina Khan,SoH,Female,04.02,Team 4
G-116,2868,Lorenzo Wu,CoB (NBS),Male,04.06,Team 4
G-116,4391,Mohammed Hafiz,MAE,Male,4.19,Team 4
G-116,540,Hao Wei Tan,CEE,Male,4.2,Team 4
G-116,1112,Anu Iyer,CCDS,Female,04.01,Team 5
G-116,1971,Samuel Patel,MAE,Male,4.13,Team 5
G-116,2693,Nafisa Shah,CoB (NBS),Female,4.12,Team 5
G-116,1082,Zain Ali,CEE,Male,4,Team 5
G-116,3261,Asher Hill,MSE,Male,4.3,Team 5
G-116,174,Ahmad Raza,CCDS,Male,04.01,Team 6
G-116,1813,Gavin Smith,EEE,Male,4,Team 6
G-116,5679,Nguyen Minh Quang,CEE,Male,4.11,Team 6
G-116,5083,Lucy Chen,SSS,Female,4.17,Team 6
G-116,876,Kimberly Lim,MSE,Female,4.2,Team 6
G-116,281,Dong Chen,EEE,Male,04.03,Team 7
G-116,3401,Zoe Brown,MAE,Female,04.06,Team 7
G-116,1100,Maya Ali,CCDS,Female,04.09,Team 7
G-116,779,Adrian Zhang,SBS,Male,04.04,Team 7
G-116,2379,Ashok Nair,CoE,Male,4.3,Team 7
G-116,4492,Rina Patel,CCDS,Female,3.9,Team 8
G-116,5825,Harlan Perdana,NIE,Male,04.05,Team 8
G-116,4642,Aarav Verma,MAE,Male,4.16,Team 8
G-116,2951,Sophia Yang,EEE,Female,4.15,Team 8
G-116,5341,Derek Lee,CoB (NBS),Male,4.2,Team 8
G-116,4044,Henry Liu,EEE,Male,04.05,Team 9
G-116,5395,Fern Ng,MSE,Female,04.05,Team 9
G-116,2644,Serena Xiao,SSS,Female,04.01,Team 9
G-116,2847,Charlotte Walker,MAE,Female,04.03,Team 9
G-116,5274,Hikaru Matsumoto,CCEB,Male,4.48,Team 9
G-116,2894,Riley Lin,CCEB,Female,4.14,Team 10
G-116,2734,Eric Liu,CEE,Male,04.02,Team 10
G-116,4055,Quinn Lim,CCDS,Male,3.95,Team 10
G-116,3141,Zahra Yousaf,SSS,Female,4.14,Team 10
G-116,505,Sophie Martinez,MAE,Female,4.22,Team 10
G-117,1799,Kylie Roberts,CCDS,Female,3.8,Team 1
G-117,2102,Dustin Zhao,SSS,Male,04.05,Team 1
G-117,1938,Miyuki Takeda,CoB (NBS),Female,4.11,Team 1
G-117,5514,Tian Yi Tan,CCEB,Female,4.2,Team 1
G-117,2388,Mingyu,CEE,Male,4.2,Team 1
G-117,4917,Kiran Reddy,SSS,Female,3.9,Team 2
G-117,789,Aditya Tan,EEE,Male,4.11,Team 2
G-117,3113,Claudia Wang,CoB (NBS),Female,4.18,Team 2
G-117,3081,Aminah Safwan,CCDS,Female,4.19,Team 2
G-117,4770,Hao Chen Lee,NIE,Male,4.3,Team 2
G-117,3709,Vina Ratnasari,MSE,Female,4.2,Team 3
G-117,3435,Ulysses Chan,CoB (NBS),Male,4,Team 3
G-117,5261,Aurora Price,SPMS,Female,4.12,Team 3
G-117,4873,Ying Yi,CCDS,Female,4.11,Team 3
G-117,1638,Liam Ali,CoE,Male,4.12,Team 3
G-117,5650,Felix Lim,CCDS,Male,4.18,Team 4
G-117,3372,Fuzheng,CoB (NBS),Female,04.05,Team 4
G-117,5814,Ember Chang,CEE,Female,04.09,Team 4
G-117,3205,Chen Ya,ADM,Female,4.12,Team 4
G-117,5466,Daniel Patel,SSS,Male,04.05,Team 4
G-117,2041,Zhi Wei Lim,CEE,Male,4,Team 5
G-117,2796,Maira Malik,CCEB,Female,04.03,Team 5
G-117,3000,Gita Ayu,CCDS,Female,4,Team 5
G-117,265,Adrian Lee,NIE,Male,04.08,Team 5
G-117,4332,Maira Binti Rahman,SSS,Female,4.73,Team 5
G-117,4625,Dylan Li,CoE,Male,3.95,Team 6
G-117,3586,Shanice Tan,MSE,Female,04.05,Team 6
G-117,5536,Zane Navarro,SPMS,Male,04.09,Team 6
G-117,1366,Chloe Zhang,CCDS,Female,4.22,Team 6
G-117,5608,Qori Putri,SSS,Female,4.2,Team 6
G-117,3384,Isabella Miller,SSS,Female,3.92,Team 7
G-117,5522,Derek Martinez,NIE,Male,4.11,Team 7
G-117,3677,Katherine Ho,CoB (NBS),Female,4.22,Team 7
G-117,3472,Jun Yi Tan,CCDS,Male,4.15,Team 7
G-117,4517,Leah Tan,CCEB,Female,4.15,Team 7
G-117,117,Farah Binti,CEE,Female,3.95,Team 8
G-117,5965,Hani Suharni,CoE,Female,04.05,Team 8
G-117,245,Yuki Sato,CCDS,Male,4.17,Team 8
G-117,4519,Jin Yu Tan,CoB (NBS),Male,4.2,Team 8
G-117,699,Farah Ahmed,CCEB,Female,04.04,Team 8
G-117,3503,Dhruv Sharma,CCEB,Male,04.03,Team 9
G-117,2389,Rizwan Raza,CEE,Female,4.18,Team 9
G-117,3999,Nisha Rani,SBS,Female,4.21,Team 9
G-117,115,Zelda Ong,EEE,Female,4,Team 9
G-117,2813,Aidan Scott,CCDS,Male,04.04,Team 9
G-117,1027,Hikaru Tanaka,NIE,Male,04.01,Team 10
G-117,1563,Kavita Desai,EEE,Female,04.03,Team 10
G-117,760,Evelyn Rodriguez,SSS,Female,4.18,Team 10
G-117,5886,Pamela Reyes,CCDS,Female,04.06,Team 10
G-117,2719,Ihsan Rahma,MAE,Male,4.3,Team 10
G-118,5462,Isaiah Huang,MAE,Male,04.08,Team 1
G-118,5511,Sandeep Sharma,CCEB,Male,04.03,Team 1
G-118,123,Jacob Edwards,EEE,Male,04.02,Team 1
G-118,5489,Sonya Tan,CCDS,Female,4.14,Team 1
G-118,1228,Eliana Tan,ADM,Female,4.25,Team 1
G-118,472,Peyton Simmons,CoB (NBS),Female,3.87,Team 2
G-118,5478,Kendall Smith,EEE,Male,04.04,Team 2
G-118,3596,David Phillips,CEE,Male,4.18,Team 2
G-118,960,Addison Young,SBS,Female,4.22,Team 2
G-118,5427,Zeke Villanueva,SSS,Male,4.12,Team 2
G-118,5075,Lan Liu,SSS,Female,4.15,Team 3
G-118,494,Feng Zhao,EEE,Male,04.01,Team 3
G-118,2859,Aleksey Ivanov,CoE,Male,4.12,Team 3
G-118,4769,Shreya Mehta,CoB (NBS),Female,4.14,Team 3
G-118,3343,Guang Li,LKCMedicine,Male,4.26,Team 3
G-118,5116,Radhika Iyer,CCEB,Female,04.02,Team 4
G-118,3945,Cameron Carter,CCDS,Male,4.12,Team 4
G-118,1940,Riya Bhatia,EEE,Female,4.19,Team 4
G-118,3971,Seth Li,CEE,Male,4.26,Team 4
G-118,65,Maximus Davis,MAE,Male,3.92,Team 4
G-118,1532,Gwen Alvarado,SBS,Female,3.95,Team 5
G-118,3563,Kiran Reddy,CoE,Male,04.09,Team 5
G-118,4514,Liam Zhang,CoB (NBS),Male,04.04,Team 5
G-118,3180,Linh Vu,EEE,Female,4.19,Team 5
G-118,5577,Randy Lim,SoH,Male,4.26,Team 5
G-118,5643,Neha Gupta,CCEB,Female,4,Team 6
G-118,2838,Hugo Wong,WKW SCI,Male,04.08,Team 6
G-118,4626,Divya Mehta,CCDS,Female,4,Team 6
G-118,4726,Tanya Tan,EEE,Female,4.15,Team 6
G-118,2742,Uriah Howard,CoB (NBS),Male,4.52,Team 6
G-118,4792,Sufyan Bin Ramli,SoH,Male,4.2,Team 7
G-118,4525,Chen Liu,EEE,Male,3.89,Team 7
G-118,469,Dorian Yang,HASS,Male,04.09,Team 7
G-118,5723,Luna Chen,SBS,Female,4.1,Team 7
G-118,3206,Ika Putri,CEE,Female,4.25,Team 7
G-118,2495,Rafiq Bin Omar,CCDS,Male,3.85,Team 8
G-118,3304,Ningyi,EEE,Male,4.33,Team 8
G-118,5533,Dylan Tan,SoH,Male,04.04,Team 8
G-118,689,Aki Nishimura,SSS,Female,04.09,Team 8
G-118,4227,Olive James,MAE,Female,4.17,Team 8
G-118,286,Aaliyah Brooks,CCEB,Female,04.01,Team 9
G-118,3386,Noah Yang,CCDS,Male,04.05,Team 9
G-118,4688,Ravi Reddy,SPMS,Male,04.03,Team 9
G-118,1623,Marcus Lim,EEE,Male,4.18,Team 9
G-118,678,Qing Zhao,SoH,Female,4.22,Team 9
G-118,4251,Kylie Torres,EEE,Female,3.9,Team 10
G-118,4975,Dane Santos,CCDS,Male,04.08,Team 10
G-118,2105,Theodore Yang,CoB (NBS),Male,4.12,Team 10
G-118,4253,Autumn Chen,SBS,Female,4.19,Team 10
G-118,5315,Luca Torres,SSS,Male,4.11,Team 10
G-119,4158,Truong Thi Hai,EEE,Female,04.03,Team 1
G-119,2798,Christopher Martinez,CEE,Male,04.05,Team 1
G-119,1389,Felicity Tan,SSS,Female,4.12,Team 1
G-119,1289,Liam Walker,WKW SCI,Male,4.1,Team 1
G-119,875,Kamran Shah,SoH,Male,4.22,Team 1
G-119,1328,Sora Nishimura,SSS,Female,04.09,Team 2
G-119,711,Carmen Li,NIE,Female,3.88,Team 2
G-119,3529,Ben Tan,MSE,Male,4.1,Team 2
G-119,2224,Nikhil Kumar,MAE,Male,4.15,Team 2
G-119,750,Kaitlyn Morris,SBS,Female,4.27,Team 2
G-119,5867,Ravi Kumar,SSS,Female,04.05,Team 3
G-119,5519,Lana Cooper,SoH,Female,04.06,Team 3
G-119,2067,Cai Wei,CEE,Male,3.9,Team 3
G-119,4509,Dante Wong,CoE,Male,4.17,Team 3
G-119,1973,Shayla Wu,CoB (NBS),Female,4.25,Team 3
G-119,541,Andrew Wong,NIE,Male,3.85,Team 4
G-119,5704,Anoushka Rao,SoH,Female,4.1,Team 4
G-119,4731,Luming,EEE,Male,4.1,Team 4
G-119,250,Siti Aida,CCDS,Female,4.15,Team 4
G-119,3558,Linh Tran,ADM,Female,4.19,Team 4
G-119,1412,Siti Nur,SoH,Female,3.87,Team 5
G-119,2450,Katrina Tan,CCEB,Female,04.05,Team 5
G-119,1629,Felix Wong,CoB (NBS),Male,4.15,Team 5
G-119,1133,Malcolm Tan,CCDS,Male,4.2,Team 5
G-119,5498,Sophie Garcia,EEE,Female,4.19,Team 5
G-119,2804,Sabrina Tan,MAE,Female,3.82,Team 6
G-119,2378,Priya Reddy,SPMS,Female,4.14,Team 6
G-119,4315,Mariah Mendoza,SoH,Female,4.1,Team 6
G-119,3027,Seth Li,EEE,Male,4.18,Team 6
G-119,1970,Ryan James,CEE,Male,4.15,Team 6
G-119,5528,Mila Torres,MAE,Female,4,Team 7
G-119,2730,Jing Li,CoB (NBS),Female,04.08,Team 7
G-119,1408,Adam Patterson,SPMS,Male,4.18,Team 7
G-119,724,Manoj Pillai,CEE,Male,4.18,Team 7
G-119,1444,Irina Petrovna,EEE,Female,4.12,Team 7
G-119,891,Jackson Yang,SSS,Male,04.03,Team 8
G-119,2047,Malcolm Chen,NIE,Male,4.19,Team 8
G-119,2797,Clara Lee,CoB (NBS),Female,04.04,Team 8
G-119,1435,Ravi Tan,SoH,Male,4.1,Team 8
G-119,3844,Sabrina Lee,MSE,Female,4.2,Team 8
G-119,1831,Emma Lee,SSS,Female,04.03,Team 9
G-119,3707,Mila Sanchez,EEE,Female,04.08,Team 9
G-119,3772,Qiao Yu,CCDS,Female,4.12,Team 9
G-119,1655,Karthik Nair,CoE,Male,04.06,Team 9
G-119,414,Adriel Chen,CoB (NBS),Male,4.19,Team 9
G-119,4547,Nguyen Van Phuc,CoE,Male,04.02,Team 10
G-119,1305,Cassandra Wu,EEE,Female,04.03,Team 10
G-119,2674,Tania Lim,NIE,Female,4.12,Team 10
G-119,4952,Shazwan Bin Rahman,CoB (NBS),Male,4.15,Team 10
G-119,2430,Amelia Young,MAE,Female,4.26,Team 10
G-12,931,Fabian Navarro,SoH,Male,4,Team 1
G-12,3581,Anaya Mehta,CoB (NBS),Female,04.02,Team 1
G-12,5656,Kendall Cooper,SBS,Female,4.25,Team 1
G-12,3354,Rakesh Nair,CEE,Male,4.11,Team 1
G-12,3547,Jin-Woo Seo,SPMS,Male,4.2,Team 1
G-12,4629,Stephen Evans,SPMS,Male,3.95,Team 2
G-12,2792,Jin-Ah Park,CEE,Female,4.2,Team 2
G-12,5022,Hannah Robinson,CCEB,Female,4.21,Team 2
G-12,2791,Vesper Salazar,CCDS,Female,4.1,Team 2
G-12,1371,Liam Torres,MAE,Male,4.12,Team 2
G-12,4210,Ayaan Tan,SPMS,Male,04.01,Team 3
G-12,1465,Liam Yip,CEE,Male,04.08,Team 3
G-12,4042,Fatima Zainal,SSS,Female,3.88,Team 3
G-12,3475,Sofia Ali,SBS,Female,4.2,Team 3
G-12,2781,Nitesh Singh,CCDS,Male,4.52,Team 3
G-12,2203,Farhan Bin Azhar,NIE,Male,3.87,Team 4
G-12,897,Miriam Alvarado,SoH,Female,4.19,Team 4
G-12,4951,Freya Li,EEE,Female,04.01,Team 4
G-12,4348,Harper Martinez,CoB (NBS),Female,4.52,Team 4
G-12,1608,Ian Alonzo,SBS,Male,04.06,Team 4
G-12,216,Zhonghua,CCDS,Male,3.9,Team 5
G-12,3101,Aarav Tan,SoH,Male,04.05,Team 5
G-12,4839,Kai Zhang,CoE,Female,4.11,Team 5
G-12,406,Yuri Mikhailov,EEE,Male,4.19,Team 5
G-12,2129,Scarlett Gonzalez,MAE,Female,4.27,Team 5
G-12,5988,Ranya Lim,SoH,Female,4,Team 6
G-12,3021,Keegan Li,CoE,Male,4.19,Team 6
G-12,4781,Adrian Wong,MAE,Male,04.07,Team 6
G-12,742,Skye Huang,SBS,Female,4.19,Team 6
G-12,4825,Isabella Zhao,EEE,Female,4.14,Team 6
G-12,4426,Sadiya Iqbal,CoB (NBS),Female,04.05,Team 7
G-12,4118,Huang Wei,EEE,Male,4.19,Team 7
G-12,3453,Siddharth Patel,SoH,Male,4,Team 7
G-12,4388,Meera Reddy,SSS,Female,04.07,Team 7
G-12,3066,Yui Yamamoto,CCDS,Female,4.25,Team 7
G-12,2846,Chloe Lee,SoH,Female,04.02,Team 8
G-12,145,Malachi Liu,CCDS,Male,04.04,Team 8
G-12,3591,Kenshin Hayashi,EEE,Male,4.22,Team 8
G-12,2343,Lily Nguyen,CoB (NBS),Female,4.25,Team 8
G-12,1380,Tilly Ramos,SSS,Female,04.05,Team 8
G-12,4355,Penny Lim,SBS,Female,4,Team 9
G-12,5034,Aarav Sinha,CoE,Male,4.1,Team 9
G-12,3634,Budi Santoso,MAE,Male,4.14,Team 9
G-12,3055,Sienna Zhang,SSS,Female,4.27,Team 9
G-12,5712,Ashlyn Wang,CCEB,Female,04.06,Team 9
G-12,1109,Jovian Tan,MAE,Male,3.9,Team 10
G-12,4788,Jayden Smith,ASE,Male,04.03,Team 10
G-12,4742,Sofia Nelson,NIE,Female,4.12,Team 10
G-12,311,Diya Yadav,SBS,Female,4.27,Team 10
G-12,2988,Nash Tan,CCDS,Male,4.21,Team 10
G-120,641,Joni Setiawan,CCEB,Male,3.9,Team 1
G-120,1179,Yasmin Kaur,LKCMedicine,Female,04.04,Team 1
G-120,163,Jing Chen,EEE,Male,04.05,Team 1
G-120,4218,Marcus Chen,CCDS,Male,4.1,Team 1
G-120,3721,Samantha Lee,CoB (NBS),Female,4.52,Team 1
G-120,5205,Yara Price,CCEB,Female,4.2,Team 2
G-120,440,Levi Parker,CEE,Male,04.04,Team 2
G-120,4882,Charlotte Alexander,CoB (NBS),Female,4.14,Team 2
G-120,2703,Ravi Gupta,MAE,Male,04.03,Team 2
G-120,390,Sneha Chakraborty,ASE,Female,4.2,Team 2
G-120,1957,Yani Santoso,CCDS,Female,4.2,Team 3
G-120,5220,Rishi Singh,CoB (NBS),Male,04.08,Team 3
G-120,2553,Lucas Gonzalez,CoE,Male,04.08,Team 3
G-120,2805,Nolan Foster,EEE,Male,4.14,Team 3
G-120,2004,Rachel Yeo,CCEB,Female,4.25,Team 3
G-120,4611,Sophia White,SBS,Female,04.02,Team 4
G-120,822,Riku Tanaka,CCEB,Female,04.03,Team 4
G-120,3222,Kang Lei,CCDS,Female,04.04,Team 4
G-120,1256,Omar Chen,CoB (NBS),Male,4.14,Team 4
G-120,4070,John Walker,MAE,Male,4.26,Team 4
G-120,4719,Jackson Moore,CoB (NBS),Male,4.11,Team 5
G-120,1182,Jessica Lee,CCEB,Female,4.1,Team 5
G-120,2696,Samantha Cooper,CCDS,Female,04.03,Team 5
G-120,2507,Yani Rahmadani,SSS,Female,4,Team 5
G-120,3187,Fauzi Bin Zain,MAE,Male,4.52,Team 5
G-120,3175,Christopher Harris,WKW SCI,Male,04.02,Team 6
G-120,3840,Giselle Bautista,CCDS,Female,04.04,Team 6
G-120,2685,Oliver Wu,MAE,Male,04.08,Team 6
G-120,2420,Faisal Bin Yusof,CEE,Male,4.57,Team 6
G-120,2008,Jasmine Khan,CoB (NBS),Female,4.1,Team 6
G-120,2769,Jayden Clark,WKW SCI,Male,4.2,Team 7
G-120,2945,Yasir Shah,NIE,Male,3.95,Team 7
G-120,5006,Dong-Il Kim,CCDS,Male,4.1,Team 7
G-120,92,Victoria Choi,CEE,Female,4.14,Team 7
G-120,1317,Tina Sun,MAE,Female,4,Team 7
G-120,4631,Samantha Patel,EEE,Female,4,Team 8
G-120,1475,Deng Li,CEE,Male,4.2,Team 8
G-120,116,Ava Rodriguez,SoH,Female,04.04,Team 8
G-120,5148,Isaac Wu,CoB (NBS),Male,4.1,Team 8
G-120,5563,Ruiwen,MSE,Male,4.15,Team 8
G-120,3859,Kai Wei,CoE,Male,04.01,Team 9
G-120,3229,Victor Andreyev,EEE,Male,04.08,Team 9
G-120,775,Ashok Patil,CCDS,Male,4.23,Team 9
G-120,1568,Briar Young,MAE,Female,4.1,Team 9
G-120,3174,Yan Li,CCEB,Female,4.18,Team 9
G-120,5835,Samuel Cook,MAE,Male,04.02,Team 10
G-120,1856,Derek Tan,CCDS,Male,04.04,Team 10
G-120,3750,Janelle Huang,CoB (NBS),Female,4.12,Team 10
G-120,5908,Taro Suzuki,CCEB,Male,4.16,Team 10
G-120,350,Janet Ng,EEE,Female,4.15,Team 10
G-13,4909,Kaori Nakajima,SBS,Female,4.18,Team 1
G-13,4840,Wenkai,SPMS,Male,4,Team 1
G-13,3476,Su Ling,SSS,Female,4,Team 1
G-13,1855,Diya Mukherjee,SoH,Female,4.14,Team 1
G-13,619,Kieran Kim,NIE,Male,3.9,Team 1
G-13,1527,Nina Tan,NIE,Female,04.05,Team 2
G-13,4319,Fang Hong,ASE,Female,4.11,Team 2
G-13,1422,Jackie Robinson,CEE,Male,4.11,Team 2
G-13,2142,Wyatt Ward,CoB (NBS),Male,4.17,Team 2
G-13,484,Jia Li,SoH,Male,3.86,Team 2
G-13,5398,Svetlana Egorova,MAE,Female,3.87,Team 3
G-13,4676,Lucas Peterson,CCDS,Male,4.15,Team 3
G-13,2068,Yara Ross,EEE,Female,04.06,Team 3
G-13,2243,Huiqin,SoH,Female,4.15,Team 3
G-13,378,Ryan Edwards,SSS,Male,04.06,Team 3
G-13,4211,Lydia Patterson,EEE,Female,3.94,Team 4
G-13,1171,Eli Chen,SSS,Male,4.14,Team 4
G-13,2583,Boris Volkov,CoB (NBS),Male,4.12,Team 4
G-13,5722,Lila Reed,CEE,Female,4.14,Team 4
G-13,2853,Evelyn Robinson,SPMS,Female,3.94,Team 4
G-13,1616,Hussain Bin Mohd,CoE,Male,3.92,Team 5
G-13,4534,Meiling,SBS,Female,4.25,Team 5
G-13,1524,Dustin Zhao,CEE,Male,04.08,Team 5
G-13,5517,Olivia Allen,SSS,Female,4.12,Team 5
G-13,5998,Leila Shah,EEE,Female,3.94,Team 5
G-13,537,Kiran Patel,EEE,Female,3.87,Team 6
G-13,1239,Arnav Yadav,MAE,Male,04.01,Team 6
G-13,5952,Lola Wong,SoH,Female,4.11,Team 6
G-13,1501,Paul Kim,NIE,Male,04.04,Team 6
G-13,1840,Nora Bell,CCDS,Female,4.26,Team 6
G-13,2704,Rahul Joshi,EEE,Male,3.88,Team 7
G-13,3502,Aiko Watanabe,CoB (NBS),Female,04.01,Team 7
G-13,5986,Colton Roberts,WKW SCI,Male,4.2,Team 7
G-13,4054,Anthony Morgan,CEE,Male,4.17,Team 7
G-13,4256,Ling Zhang,CCDS,Female,04.08,Team 7
G-13,5189,Denny Saputra,SBS,Male,3.9,Team 8
G-13,2260,Yun Li,CCEB,Female,3.97,Team 8
G-13,2452,Vivek Sethi,CCDS,Male,4.11,Team 8
G-13,5847,Qori Amalia,CEE,Female,4.15,Team 8
G-13,3467,Meena Iyer,CoB (NBS),Female,4.19,Team 8
G-13,1047,Zara Wang,CCDS,Female,04.04,Team 9
G-13,4076,Wahyu Prabowo,EEE,Male,3.95,Team 9
G-13,1078,Alyssa Garcia,CoB (NBS),Female,4,Team 9
G-13,3935,Tasneem Javed,SSS,Female,4.2,Team 9
G-13,5394,Harish Rao,SoH,Male,4.21,Team 9
G-13,5161,Shun Takahashi,EEE,Male,4.12,Team 10
G-13,2845,Hendrik Surya,CEE,Male,4,Team 10
G-13,4911,Zara Ho,SoH,Female,04.05,Team 10
G-13,3689,Ruiwen,CCDS,Female,3.95,Team 10
G-13,3074,Emily Chua,CCEB,Female,4.3,Team 10
G-14,839,Jing Yi,NIE,Female,3.89,Team 1
G-14,666,Hugo Huang,CEE,Male,04.02,Team 1
G-14,4329,Jenna Wong,CCEB,Female,4.12,Team 1
G-14,1324,Yusuf Bin Sulaiman,CoE,Male,4.22,Team 1
G-14,5443,Madiha Qureshi,CCDS,Female,4.1,Team 1
G-14,806,Samuel Torres,SPMS,Male,3.9,Team 2
G-14,2,Rabia Noor,CCEB,Female,04.02,Team 2
G-14,1425,Fatimah Rahman,SSS,Female,4.14,Team 2
G-14,110,Winston Yang,MAE,Male,4.12,Team 2
G-14,2074,Talia Chang,NIE,Female,4.18,Team 2
G-14,2590,Steve Lau,SPMS,Male,04.01,Team 3
G-14,5004,Riya Yadav,ADM,Female,04.03,Team 3
G-14,1416,Henry Morales,NIE,Male,04.02,Team 3
G-14,5071,Sophie Liao,CEE,Female,4.25,Team 3
G-14,3301,Anita Clarke,MSE,Female,4.1,Team 3
G-14,128,Kai Wong,LKCMedicine,Male,3.96,Team 4
G-14,3423,Quinn Dela Cruz,CoB (NBS),Female,04.01,Team 4
G-14,3127,Ashraff Bin Mohd,CCDS,Male,04.05,Team 4
G-14,1165,Xander Wong,EEE,Male,4.1,Team 4
G-14,5338,Aiko Kimura,CCEB,Female,4.25,Team 4
G-14,2319,Linda Wong,SSS,Female,4.11,Team 5
G-14,1491,Shahid Malik,CoB (NBS),Male,3.9,Team 5
G-14,5152,Liang Hong,CEE,Male,04.05,Team 5
G-14,1698,Hana Yamamoto,CCEB,Female,4.14,Team 5
G-14,3722,Xyla Cruz,CCDS,Female,4.14,Team 5
G-14,3334,Siti Aisyah,SSS,Female,3.9,Team 6
G-14,2070,Veera Kumar,CCDS,Female,04.02,Team 6
G-14,2710,Riley Kim,ASE,Male,4.2,Team 6
G-14,5683,Samuel Morgan,EEE,Male,4.15,Team 6
G-14,1464,Zhou Min,CoE,Male,4.15,Team 6
G-14,290,Diana Kwan,MAE,Female,04.09,Team 7
G-14,259,Hao Xiang Tan,CCEB,Male,04.05,Team 7
G-14,664,Hui Yao Tan,SSS,Female,4.1,Team 7
G-14,5118,Rizal Ramadhan,CoE,Male,3.92,Team 7
G-14,5173,Tian Wang,CoB (NBS),Male,4.3,Team 7
G-14,2563,Dylan Adams,ASE,Male,3.87,Team 8
G-14,5400,Shamita Rani,SBS,Female,04.04,Team 8
G-14,3114,Yvonne Ko,EEE,Female,4.14,Team 8
G-14,4775,Emily Harris,CoB (NBS),Female,4.15,Team 8
G-14,1788,Brendan James,NIE,Male,4.2,Team 8
G-14,5711,Eko Prasetyo,SPMS,Male,3.8,Team 9
G-14,1407,Freddie Wong,CoB (NBS),Male,04.08,Team 9
G-14,677,Stella Green,SBS,Female,4.11,Team 9
G-14,1117,Sanjana Mehta,ASE,Female,04.08,Team 9
G-14,2014,Chloe Ng,SSS,Female,4.21,Team 9
G-14,3424,Min-Jae Park,EEE,Male,4.14,Team 10
G-14,2880,Carmen Lee,SSS,Female,3.96,Team 10
G-14,1747,Chandra Widyanto,ADM,Male,4.52,Team 10
G-14,2714,Henry King,SPMS,Male,04.04,Team 10
G-14,3609,Sharifah Ali,CoB (NBS),Female,3.8,Team 10
G-15,4835,Shaima Binti Rahman,EEE,Female,4,Team 1
G-15,5501,Lily Ng,SSS,Female,3.93,Team 1
G-15,1151,Truong Van Hoang,CCDS,Male,4.21,Team 1
G-15,4262,Aaron Taylor,CEE,Male,4.15,Team 1
G-15,4920,Brendan James,CoB (NBS),Male,4.15,Team 1
G-15,5728,Sania Noor,CoB (NBS),Female,3.88,Team 2
G-15,317,Soren Wu,CCDS,Male,04.02,Team 2
G-15,1897,Andrew Clark,EEE,Male,04.08,Team 2
G-15,3352,Tyler Johnson,CEE,Male,4.2,Team 2
G-15,5948,Neelam Patel,MSE,Female,04.03,Team 2
G-15,1102,Shanaz Iqbal,CCDS,Female,4.12,Team 3
G-15,4265,Mira Sulaiman,CCEB,Female,3.91,Team 3
G-15,2815,Aditi Bhat,CoB (NBS),Male,4.11,Team 3
G-15,1569,Xiangqi,SSS,Male,04.01,Team 3
G-15,3968,Hani Susanti,MAE,Female,4.15,Team 3
G-15,3380,Isabella Wilson,CCEB,Female,04.03,Team 4
G-15,5181,Isaac Tan,CCDS,Male,3.92,Team 4
G-15,3072,Isha Tan,LKCMedicine,Female,04.03,Team 4
G-15,1315,Warner Ng,CEE,Male,4.1,Team 4
G-15,894,Derek Tan,NIE,Male,4.3,Team 4
G-15,4908,Zachary Garcia,MAE,Male,3.91,Team 5
G-15,898,Victoria Wang,ASE,Female,4.14,Team 5
G-15,4782,Zachary Walker,CCDS,Male,04.01,Team 5
G-15,4856,Sung-Min Yoo,EEE,Male,4.13,Team 5
G-15,1350,Nguyen Thi Thuy,SSS,Female,4.13,Team 5
G-15,2910,Azhar Khan,CCDS,Male,3.87,Team 6
G-15,642,Wu Bin,MAE,Male,04.06,Team 6
G-15,5141,Soniya Malik,SPMS,Female,04.03,Team 6
G-15,1626,Yun Zhang,CoB (NBS),Male,04.09,Team 6
G-15,5276,Meenakshi Iyer,MSE,Female,04.06,Team 6
G-15,968,Seng Wei Lim,CoB (NBS),Male,4,Team 7
G-15,219,Dominic Yang,MAE,Male,4,Team 7
G-15,4868,Zoe Lin,SoH,Female,4,Team 7
G-15,3621,Saki Watanabe,SSS,Female,4.15,Team 7
G-15,1806,Leo Cooper,CCDS,Male,4.17,Team 7
G-15,54,Levi Price,CCDS,Male,04.02,Team 8
G-15,1411,Rory Hughes,EEE,Male,04.09,Team 8
G-15,2367,Deepika Singh,SoH,Female,4.14,Team 8
G-15,2045,Zoe Lim,CCEB,Female,3.89,Team 8
G-15,299,Siddharth Iyer,CoB (NBS),Male,4.22,Team 8
G-15,4090,Caleb Hughes,ASE,Male,4.13,Team 9
G-15,3089,Felicity Morgan,CCDS,Female,04.01,Team 9
G-15,577,Beckett Lee,MSE,Male,04.05,Team 9
G-15,1506,Noor Rani,EEE,Female,3.91,Team 9
G-15,3369,Haroon Qureshi,CEE,Male,4.19,Team 9
G-15,4561,Zahra Khan,CCDS,Female,3.95,Team 10
G-15,1034,Samantha Wu,CoB (NBS),Female,04.01,Team 10
G-15,1181,Jayden Lee,EEE,Male,04.08,Team 10
G-15,450,Hassan Bin Yusof,MAE,Male,04.01,Team 10
G-15,2524,Zhao Li,SPMS,Male,4.2,Team 10
G-16,471,Wesley Villanueva,CoB (NBS),Male,3.89,Team 1
G-16,4058,Jane Lee,SoH,Female,4.17,Team 1
G-16,4365,Mabel Turner,SBS,Female,4.12,Team 1
G-16,4871,Ivan Wong,WKW SCI,Male,04.08,Team 1
G-16,5429,Chloe Green,CCEB,Female,4.14,Team 1
G-16,100,Lydia Chen,CCEB,Female,4,Team 2
G-16,3264,Naina Mehta,SSS,Female,04.02,Team 2
G-16,5380,Derek Bautista,CoB (NBS),Male,4.14,Team 2
G-16,3018,Derek Hill,MAE,Male,04.09,Team 2
G-16,1949,Lihua,EEE,Female,4.2,Team 2
G-16,1300,Jeremiah Santos,SoH,Male,4,Team 3
G-16,1480,Ritika Singh,CoB (NBS),Female,04.01,Team 3
G-16,5691,Wei Jie,CCDS,Male,04.06,Team 3
G-16,5508,Anita Patel,SBS,Female,4.2,Team 3
G-16,3975,Albert Yip,EEE,Male,04.05,Team 3
G-16,3791,Soo-Min Park,SBS,Female,04.03,Team 4
G-16,3046,Ursula Cruz,MAE,Female,04.01,Team 4
G-16,673,Liam Reddy,CoB (NBS),Male,4.22,Team 4
G-16,4750,Tristan Lim,ASE,Male,4.1,Team 4
G-16,522,Mia Clark,SSS,Female,04.03,Team 4
G-16,4212,Nazia Nadeem,CCEB,Female,4,Team 5
G-16,5183,Hiroshi Yamashita,LKCMedicine,Male,3.94,Team 5
G-16,533,Sanjana Gupta,EEE,Female,4.14,Team 5
G-16,302,Kathy Yip,CCDS,Female,4.19,Team 5
G-16,4806,Dylan Lewis,CoB (NBS),Male,4.15,Team 5
G-16,189,Geeta Reddy,MAE,Female,4.1,Team 6
G-16,4469,Nitin Kumar,SoH,Male,3.85,Team 6
G-16,4148,Liam Hughes,CEE,Male,4.15,Team 6
G-16,2030,Maya Alexander,ASE,Female,4.1,Team 6
G-16,3703,Maya Tan,SSS,Female,4.12,Team 6
G-16,3995,Caleb Yang,EEE,Male,3.89,Team 7
G-16,2569,Henry Cheung,MAE,Male,4.11,Team 7
G-16,5902,Sylvia Tan,CEE,Female,4.1,Team 7
G-16,80,Shu Fang,CCEB,Female,4.1,Team 7
G-16,5520,Shuqi,ADM,Male,4.2,Team 7
G-16,1175,Aishwarya Nair,CCEB,Female,3.9,Team 8
G-16,3868,Eva Cooper,SSS,Female,04.05,Team 8
G-16,1111,Khalid Malik,CCDS,Male,04.04,Team 8
G-16,2087,William Li,MAE,Male,4.2,Team 8
G-16,1344,Xiuqin,CEE,Male,4.15,Team 8
G-16,2307,Sophia Davis,MAE,Female,3.88,Team 9
G-16,3361,Chen Wang,CoB (NBS),Male,04.02,Team 9
G-16,5365,Durga Sharma,EEE,Female,4.14,Team 9
G-16,4673,Usman Iqbal,SBS,Male,04.02,Team 9
G-16,3090,Samara Chang,WKW SCI,Female,4.2,Team 9
G-16,1560,Noor Jahan,CoB (NBS),Female,3.95,Team 10
G-16,2050,Tyson Scott,SPMS,Male,04.06,Team 10
G-16,5922,Ami Mori,SBS,Female,04.03,Team 10
G-16,5277,Zhen Li,MAE,Male,04.01,Team 10
G-16,4195,Lydia Yip,EEE,Female,4.48,Team 10
G-17,1982,Wang Feng,SPMS,Male,3.87,Team 1
G-17,1872,Maya Binti Azman,SSS,Female,04.05,Team 1
G-17,1781,Wawan Kurniawan,CEE,Male,4.15,Team 1
G-17,5875,Maya Johnson,CCDS,Female,4.14,Team 1
G-17,3521,Kenny Lim,MAE,Male,4.16,Team 1
G-17,5557,Sana Johar,CCDS,Female,04.02,Team 2
G-17,5523,Violet Zhou,EEE,Female,04.04,Team 2
G-17,5325,Mohammed Ali,CoE,Male,4.11,Team 2
G-17,166,Nash Reddy,MAE,Male,04.08,Team 2
G-17,4231,Geeta Kaur,ASE,Female,4.18,Team 2
G-17,2914,Anya Mohd,CoB (NBS),Female,4.12,Team 3
G-17,3792,Huifen,SBS,Female,4,Team 3
G-17,949,Evan Thomas,LKCMedicine,Male,04.09,Team 3
G-17,4886,Edison Raka,MAE,Male,4.2,Team 3
G-17,4801,Sofia Lee,SSS,Female,04.02,Team 3
G-17,3780,Yuna Tan,CoB (NBS),Female,3.89,Team 4
G-17,411,Aleksei Koval,SoH,Female,3.9,Team 4
G-17,638,Rui Jin Tan,LKCMedicine,Male,04.05,Team 4
G-17,1914,George Wilson,EEE,Male,4.15,Team 4
G-17,4215,Aaron Lee,MAE,Male,4.52,Team 4
G-17,5815,Toshiro Takashima,CCDS,Male,3.9,Team 5
G-17,1812,Zain Ali,CoB (NBS),Female,4.11,Team 5
G-17,4910,Gwen Lee,EEE,Female,4.18,Team 5
G-17,1903,Joshua Thomas,MAE,Male,04.05,Team 5
G-17,5607,Ritika Ali,CCEB,Female,4.18,Team 5
G-17,2101,James Tan,ASE,Male,04.06,Team 6
G-17,3243,Tina Lim,SSS,Female,04.01,Team 6
G-17,993,Reza Khan,CEE,Male,04.02,Team 6
G-17,3097,Kenta Takahashi,EEE,Male,4.17,Team 6
G-17,2138,Zulaikha Binti Mohd,MAE,Female,4.25,Team 6
G-17,322,Vinay Nair,SSS,Male,4.1,Team 7
G-17,4505,Sadia Bukhari,MAE,Female,3.91,Team 7
G-17,4930,Zara Mitchell,SBS,Female,04.09,Team 7
G-17,1652,Angela Zhang,CCEB,Female,04.08,Team 7
G-17,5609,Minh Dao,SPMS,Male,4.27,Team 7
G-17,2037,Peiyu,CoB (NBS),Female,3.9,Team 8
G-17,3303,Xiao Yu,SPMS,Male,4.1,Team 8
G-17,5707,Jin Ho,CoE,Male,4.12,Team 8
G-17,5204,Diyana Binti Kamar,SBS,Female,4.1,Team 8
G-17,3316,Uriah Ramos,SSS,Male,4.22,Team 8
G-17,4292,Manish Joshi,MSE,Male,4.19,Team 9
G-17,1851,Nicolette Cruz,SSS,Female,04.04,Team 9
G-17,4585,Scarlett Tan,CoB (NBS),Female,4.12,Team 9
G-17,3818,Harrison Mendoza,SoH,Male,3.9,Team 9
G-17,520,Jia Ming,SPMS,Male,4.17,Team 9
G-17,2810,Janet Wong,EEE,Female,3.96,Team 10
G-17,3434,Siti Amani,CCEB,Female,04.06,Team 10
G-17,5495,Meher Awan,CCDS,Female,04.09,Team 10
G-17,2321,Anil Mehta,MAE,Male,04.01,Team 10
G-17,2887,Rohan Kumar,CoE,Male,4.3,Team 10
G-18,4383,Derek White,WKW SCI,Male,3.87,Team 1
G-18,4244,Shreya Das,ASE,Female,04.05,Team 1
G-18,5566,Paxton Ross,CoB (NBS),Male,4.12,Team 1
G-18,1277,Zara Lim,SSS,Female,4.15,Team 1
G-18,1983,Layla Harris,MSE,Female,4.17,Team 1
G-18,5185,Fang Mei,MAE,Female,3.97,Team 2
G-18,2266,Harlan Perdana,SPMS,Male,4,Team 2
G-18,1227,Samantha Tan,CoB (NBS),Female,4.14,Team 2
G-18,3056,Brayden Hall,EEE,Male,04.04,Team 2
G-18,589,Sophia Thomas,SSS,Female,4.17,Team 2
G-18,4751,Shuang,CEE,Female,3.9,Team 3
G-18,4647,Ayushi Gupta,SBS,Female,04.01,Team 3
G-18,4422,Uday Singh,MAE,Male,4.12,Team 3
G-18,3288,Jonathan Sun,CCEB,Male,4.15,Team 3
G-18,851,Min Li,CoB (NBS),Female,4.18,Team 3
G-18,3688,Lucas Wright,SoH,Male,3.9,Team 4
G-18,877,Xiu Zhang,MAE,Female,4.15,Team 4
G-18,4003,Megan Lim,CoB (NBS),Female,04.07,Team 4
G-18,4537,Fang Ling,ADM,Female,4.22,Team 4
G-18,4259,Liu Wei,ASE,Female,04.02,Team 4
G-18,37,Citra Amara,MSE,Female,3.9,Team 5
G-18,1507,Adrian Lim,EEE,Male,04.01,Team 5
G-18,2214,Chloe Chen,CoB (NBS),Female,4.1,Team 5
G-18,3847,Dylan Parker,MAE,Male,4.14,Team 5
G-18,4921,Athena Zhao,SBS,Female,4.17,Team 5
G-18,4549,Isabella Lee,CCDS,Female,3.9,Team 6
G-18,1775,Kelly Tsang,CoE,Male,04.04,Team 6
G-18,5297,Shahida Khan,CoB (NBS),Female,4.1,Team 6
G-18,1132,Jawad Khan,WKW SCI,Male,4.14,Team 6
G-18,907,Maya Rani,EEE,Female,4.18,Team 6
G-18,4264,Hao Liang Lim,CoE,Male,3.85,Team 7
G-18,5826,Sana Reddy,CCEB,Female,4.2,Team 7
G-18,5356,Arjun Rao,SPMS,Male,4.14,Team 7
G-18,5919,Shan Binti,CCDS,Female,4.14,Team 7
G-18,79,Suhana Rao,CoB (NBS),Female,04.02,Team 7
G-18,1301,Mira Binti Yusof,MAE,Female,3.9,Team 8
G-18,1269,Luca Wong,SoH,Male,04.01,Team 8
G-18,5751,Kinsley Tsai,SSS,Female,4.12,Team 8
G-18,4155,Mohan Rao,CoB (NBS),Male,4.15,Team 8
G-18,5505,Tessa Lee,MSE,Female,4.16,Team 8
G-18,3253,Yasmin Lee,SBS,Female,04.05,Team 9
G-18,3255,Tyler Garcia,CCEB,Male,3.92,Team 9
G-18,4143,Lila Tan,SSS,Female,4.1,Team 9
G-18,2076,Ella Villanueva,MAE,Female,4.18,Team 9
G-18,2066,Jackson Clark,EEE,Male,4.13,Team 9
G-18,2736,Rita Sharma,CoB (NBS),Female,3.89,Team 10
G-18,5268,Amina Tariq,SSS,Female,4,Team 10
G-18,3260,Yuying Wang,CCEB,Female,04.09,Team 10
G-18,262,Bilal Ahmed,CCDS,Male,4.19,Team 10
G-18,205,Pandu Setiawan,SPMS,Male,4.2,Team 10
G-19,4684,Alyssa Ramirez,EEE,Female,4,Team 1
G-19,4786,Priti Mehta,MAE,Female,04.02,Team 1
G-19,3177,Zhou Rui,CoB (NBS),Male,04.03,Team 1
G-19,5769,Tristan Castillo,SSS,Male,4.14,Team 1
G-19,3993,Lucas Green,CCDS,Male,4.18,Team 1
G-19,3510,Gavin Zhao,LKCMedicine,Male,04.01,Team 2
G-19,1229,Chen Bo,NIE,Male,04.03,Team 2
G-19,3375,Emily White,CoB (NBS),Female,4.18,Team 2
G-19,3574,Violeta Ong,SSS,Female,4,Team 2
G-19,465,Ananya Kaul,CoE,Female,4.18,Team 2
G-19,5635,Sneha Joshi,EEE,Female,04.03,Team 3
G-19,3632,Nina Hu,CCDS,Female,4.14,Team 3
G-19,1761,Ava Wilson,CoB (NBS),Female,4.1,Team 3
G-19,5773,Imran Waseem,ASE,Male,4.17,Team 3
G-19,4341,Amite Agarwal,CoE,Male,04.03,Team 3
G-19,1874,An Nguyen,MAE,Male,3.88,Team 4
G-19,966,Christopher Morris,CoB (NBS),Male,4.15,Team 4
G-19,4380,Qianwen,CCDS,Female,04.05,Team 4
G-19,1632,Matthew Lee,SBS,Male,04.08,Team 4
G-19,3889,Sasha Tan,SSS,Female,4.2,Team 4
G-19,1686,Kendrick Scott,MAE,Male,3.89,Team 5
G-19,1169,Sushmita Roy,CoB (NBS),Female,4.12,Team 5
G-19,2504,Shanaya Tan,EEE,Female,04.06,Team 5
G-19,1520,Rohan Gupta,MSE,Male,4.11,Team 5
G-19,4504,Nina Desai,SBS,Female,4.19,Team 5
G-19,5255,Chen Yu,SBS,Male,3.94,Team 6
G-19,49,Whitney Alvarado,CCDS,Female,4.18,Team 6
G-19,3430,Mason Wilson,EEE,Male,04.07,Team 6
G-19,2490,Chunxiu,CoE,Female,04.05,Team 6
G-19,3120,Ella Mitchell,CoB (NBS),Female,4.12,Team 6
G-19,2812,Arunachalam Devi,CCEB,Female,04.01,Team 7
G-19,5064,Jaxon White,CoB (NBS),Male,04.03,Team 7
G-19,1829,Zachary Li,CoE,Male,04.05,Team 7
G-19,671,Miyuki Watanabe,ADM,Female,04.01,Team 7
G-19,4669,Nguyen Thi Lan,SSS,Female,4.19,Team 7
G-19,4511,Mi-Sook Kim,SSS,Female,3.85,Team 8
G-19,3314,Jessica Martinez,CoB (NBS),Female,4.11,Team 8
G-19,2386,Arvind Reddy,SPMS,Male,04.08,Team 8
G-19,4229,Samuel Lee,EEE,Male,4.14,Team 8
G-19,5668,Aarav Reddy,CEE,Male,4.15,Team 8
G-19,1895,Rohan Shah,CEE,Male,4,Team 9
G-19,320,Nikhil Reddy,CoB (NBS),Male,04.01,Team 9
G-19,5163,Gabriel Scott,SPMS,Male,4.1,Team 9
G-19,5227,Qi Zhang,LKCMedicine,Female,04.02,Team 9
G-19,4156,Olivia Fernandez,EEE,Female,4.25,Team 9
G-19,506,Matthew Clark,CCDS,Male,3.9,Team 10
G-19,880,Lance Alvarado,NIE,Male,4.16,Team 10
G-19,510,Owais Khan,EEE,Male,04.09,Team 10
G-19,1200,Vanya Nair,MAE,Female,4.12,Team 10
G-19,5946,Ping Zhang,SoH,Female,4.11,Team 10
G-2,2547,Lila Zhao,CCDS,Female,04.01,Team 1
G-2,3501,Derek Adams,SoH,Male,04.05,Team 1
G-2,229,Lana Turner,CoB (NBS),Female,4.17,Team 1
G-2,5996,Fatima Yusof,MAE,Female,4.19,Team 1
G-2,4624,Tina Tan,EEE,Female,04.03,Team 1
G-2,3523,Haroon Ali,WKW SCI,Male,3.95,Team 2
G-2,4851,Fatima Rani,SSS,Female,04.09,Team 2
G-2,4558,Shirley Tan,MAE,Female,04.06,Team 2
G-2,3636,Nadia Iqbal,CCEB,Female,4.16,Team 2
G-2,5371,Lina Binti Ali,SBS,Female,4.19,Team 2
G-2,4123,Nguyen Thi Phuong,NIE,Female,04.03,Team 3
G-2,764,Ahmad Ramlie,CEE,Male,04.02,Team 3
G-2,4738,Hanafi Bin Mohd,SSS,Female,04.05,Team 3
G-2,1428,Selena Tan,MAE,Female,4.17,Team 3
G-2,1877,Zhengrong,CCDS,Male,4.2,Team 3
G-2,5802,Addison Chen,CEE,Female,04.03,Team 4
G-2,1455,Sophia Koh,ADM,Female,4.15,Team 4
G-2,1814,Mingjing,CCEB,Female,04.05,Team 4
G-2,3026,David Ho,NIE,Male,4,Team 4
G-2,4392,Nathaniel Adams,EEE,Male,4.2,Team 4
G-2,1765,Aadhya Sharma,CCDS,Female,04.01,Team 5
G-2,2473,Jasper Lim,SPMS,Male,4.12,Team 5
G-2,2611,Yang Zhang,CoB (NBS),Male,04.07,Team 5
G-2,3568,Tanya Sharma,ASE,Female,04.03,Team 5
G-2,3615,Shalini Pillai,MSE,Female,4.22,Team 5
G-2,5073,Quinn Lee,SoH,Male,04.01,Team 6
G-2,3882,Yoshiko Mori,CCEB,Female,04.03,Team 6
G-2,2052,Layla Collins,EEE,Female,04.05,Team 6
G-2,3533,Izzat Bin Ibrahim,CEE,Male,4.15,Team 6
G-2,3611,Sofia Chandra,CCDS,Female,4.22,Team 6
G-2,5750,Chunhua,WKW SCI,Female,3.9,Team 7
G-2,4006,Ali Abubakar,CEE,Male,4.12,Team 7
G-2,460,Brianna Johnson,CCDS,Female,4.1,Team 7
G-2,2788,Carter Moore,MSE,Male,4.17,Team 7
G-2,2712,Mei Zhao,SBS,Female,4.12,Team 7
G-2,1965,Stella Bryant,SBS,Female,3.88,Team 8
G-2,4759,Xiu Li,CCEB,Female,04.03,Team 8
G-2,586,Isaiah Turner,EEE,Male,4.18,Team 8
G-2,5080,Mira Lin,CoB (NBS),Female,4.15,Team 8
G-2,3527,Eli Walker,WKW SCI,Male,4.19,Team 8
G-2,3212,Priya Gupta,CoB (NBS),Female,04.07,Team 9
G-2,248,Winston Villanueva,SSS,Male,04.03,Team 9
G-2,5994,Zain Qureshi,MSE,Female,4.11,Team 9
G-2,1130,Yuri Chekhov,CCDS,Male,04.03,Team 9
G-2,1726,Lara Li,CCEB,Female,4.2,Team 9
G-2,5103,Ki-Hoon Kim,CCDS,Male,04.03,Team 10
G-2,4453,Jesse Bennett,SSS,Male,04.03,Team 10
G-2,321,Anya Chua,SoH,Female,04.01,Team 10
G-2,3926,Gisela Tan,EEE,Female,4.19,Team 10
G-2,5226,Patricia Wong,CCEB,Female,4.18,Team 10
G-20,5381,Yoshiko Taniguchi,EEE,Female,3.88,Team 1
G-20,5216,Jasmine Hall,CEE,Female,4.12,Team 1
G-20,5653,Gaurav Dutta,SPMS,Male,4.18,Team 1
G-20,4912,Patrick Villanueva,SBS,Male,4.12,Team 1
G-20,3289,Natasha Wong,CoB (NBS),Female,4.1,Team 1
G-20,847,Huang Xin,EEE,Male,3.95,Team 2
G-20,5201,Cameron Hall,CoB (NBS),Male,04.02,Team 2
G-20,4883,Zeeshan Khan,SPMS,Male,4,Team 2
G-20,300,Kazuko Watanabe,SSS,Female,04.08,Team 2
G-20,4898,Priyanka Singh,CoB (NBS),Female,4.52,Team 2
G-20,976,Kartik Nair,MAE,Male,04.07,Team 3
G-20,2673,Jack Ng,CoE,Male,3.95,Team 3
G-20,5182,Emily Hill,CoB (NBS),Female,04.04,Team 3
G-20,2019,Yuki Tanaka,MSE,Female,4.14,Team 3
G-20,2579,Alice Liu,SPMS,Female,4.22,Team 3
G-20,104,Simon Li,CCDS,Male,3.88,Team 4
G-20,4270,Ivy Chan,CoB (NBS),Female,3.96,Team 4
G-20,62,Luna Lin,EEE,Female,4.14,Team 4
G-20,3895,Milo Li,SPMS,Male,4.19,Team 4
G-20,258,Yuna Tanaka,MAE,Female,4.18,Team 4
G-20,5123,Tanvi Kapoor,EEE,Female,3.86,Team 5
G-20,2658,Xiang Hong,EEE,Female,04.07,Team 5
G-20,4586,Yulianto Budi,CCDS,Male,4.2,Team 5
G-20,3248,Oliver Gray,MSE,Male,04.03,Team 5
G-20,5126,Quinn Rivera,CoB (NBS),Female,4.18,Team 5
G-20,3166,Jingwen,SBS,Female,04.05,Team 6
G-20,130,Ayush Desai,CoB (NBS),Male,04.01,Team 6
G-20,836,Greta Lin,ADM,Female,04.07,Team 6
G-20,3383,Mi-Ya Kim,MAE,Female,4.1,Team 6
G-20,4302,Huang Feng,EEE,Male,4.21,Team 6
G-20,1630,Miyuki Kobayashi,EEE,Female,4,Team 7
G-20,1519,Nguyen Huu Phuc,CCEB,Male,04.02,Team 7
G-20,5720,Emily Baker,CoE,Female,4.2,Team 7
G-20,5593,Jaden Walker,CoB (NBS),Male,4.12,Team 7
G-20,255,Jin Ping,CEE,Male,4.12,Team 7
G-20,1140,Truong Minh Quang,CoB (NBS),Male,3.85,Team 8
G-20,1499,Ishaan Mehta,CCDS,Male,04.03,Team 8
G-20,4005,Mia Wang,CoB (NBS),Female,4.1,Team 8
G-20,1433,Huanyu,EEE,Female,4.15,Team 8
G-20,604,Matthew Wu,LKCMedicine,Male,4.3,Team 8
G-20,3456,Harper Wright,EEE,Female,04.03,Team 9
G-20,1436,Yasir Shah,SPMS,Male,4,Team 9
G-20,3991,Bella Torres,SoH,Female,4.1,Team 9
G-20,3943,Mia Chang,CoB (NBS),Female,4.18,Team 9
G-20,886,Raghav Sharma,WKW SCI,Male,04.05,Team 9
G-20,826,Riya Chen,CoB (NBS),Female,4.1,Team 10
G-20,879,Gina Agustina,SBS,Female,4,Team 10
G-20,2092,Sanjay Tan,CEE,Male,3.96,Team 10
G-20,853,Hiroshi Kobayashi,EEE,Male,4.2,Team 10
G-20,3428,Abigail White,MAE,Female,4.11,Team 10
G-21,2077,Kali Chang,CCEB,Female,4.14,Team 1
G-21,2360,Joseph Lee,CoB (NBS),Male,04.01,Team 1
G-21,5512,Noel Pineda,CEE,Male,4.1,Team 1
G-21,5048,Kai Li Tan,SBS,Female,4.25,Team 1
G-21,3223,Zara Tan,SSS,Female,3.94,Team 1
G-21,1663,Hassan Nawaz,CoB (NBS),Male,3.95,Team 2
G-21,3165,Ursula Ng,MSE,Female,3.93,Team 2
G-21,1418,Aarav Mehta,CCDS,Male,4.18,Team 2
G-21,4575,Ivy Wong,SBS,Female,4.2,Team 2
G-21,3823,Sonya Khanna,ADM,Female,04.06,Team 2
G-21,1013,Pooja Sinha,SBS,Female,04.06,Team 3
G-21,3389,Boris Sergeyevich,CCDS,Male,4.17,Team 3
G-21,1720,Mei Ling Ong,MAE,Female,04.05,Team 3
G-21,121,Aria Rogers,CoB (NBS),Female,3.86,Team 3
G-21,2215,Liam Mitchell,ASE,Male,4.18,Team 3
G-21,4255,Leo Turner,CCDS,Male,04.04,Team 4
G-21,1316,Siti Aisyah Binti Ibrahim,CoB (NBS),Female,4.2,Team 4
G-21,1878,Zhao Wei Lim,ASE,Male,04.05,Team 4
G-21,1486,Zahra Nabila,SSS,Female,4.15,Team 4
G-21,3522,Rania Hussain,CCEB,Female,04.03,Team 4
G-21,5300,Zhaohui,CoB (NBS),Female,3.9,Team 5
G-21,4543,Sameer Khan,SBS,Male,04.03,Team 5
G-21,2365,Neha Patel,CCDS,Female,04.09,Team 5
G-21,2150,Gage Cooper,ASE,Male,4.17,Team 5
G-21,2512,Zoe Turner,SPMS,Female,4.15,Team 5
G-21,4067,Moxie Lin,CoB (NBS),Female,4.11,Team 6
G-21,304,Samuel Tan,CCDS,Male,3.88,Team 6
G-21,817,Calvin Bell,CEE,Male,4.18,Team 6
G-21,2549,Chloe Collins,EEE,Female,4.16,Team 6
G-21,5686,Sita Sharma,CCEB,Female,4,Team 6
G-21,2784,Kevin Lee,CCEB,Male,3.9,Team 7
G-21,596,Beckett Liu,CCDS,Male,04.01,Team 7
G-21,4385,Helena Lam,ADM,Female,4.12,Team 7
G-21,3455,Yvonne Tan,MAE,Female,04.03,Team 7
G-21,3112,Raymond Lim,CEE,Male,4.25,Team 7
G-21,2120,Pooja Aggarwal,MSE,Female,4,Team 8
G-21,5555,Jin Hua,CoB (NBS),Male,3.97,Team 8
G-21,1203,Hanh Nguyen,SPMS,Female,4.1,Team 8
G-21,681,Ananya Jain,CCDS,Female,4.19,Team 8
G-21,2743,Dante Li,CCEB,Male,04.06,Team 8
G-21,3776,Sharon Tan,CoB (NBS),Female,3.91,Team 9
G-21,4462,Katherine Lee,SSS,Female,04.02,Team 9
G-21,3852,Neelam Agarwal,CCDS,Female,04.09,Team 9
G-21,3258,Dylan Walker,MAE,Male,4.22,Team 9
G-21,5775,Rio Yang,CoE,Male,4.12,Team 9
G-21,3994,Rebecca Ong,SBS,Female,4.13,Team 10
G-21,4247,Bodhi Li,SPMS,Male,04.02,Team 10
G-21,436,Jaxon Bennett,CoE,Male,4.1,Team 10
G-21,2977,Pooja Joshi,MAE,Female,3.88,Team 10
G-21,1882,Demi Zhao,CCDS,Female,4.18,Team 10
G-22,452,Zhang Lian,EEE,Male,04.04,Team 1
G-22,680,Emily Nguyen,CoB (NBS),Female,3.94,Team 1
G-22,3819,Jameelah Binti Ali,CEE,Female,04.05,Team 1
G-22,815,Alia Bin Zul,NIE,Male,4.15,Team 1
G-22,4571,Zoe Wang,SBS,Female,4.22,Team 1
G-22,654,Natasha Ng,ADM,Female,4,Team 2
G-22,1685,Yao Liu,EEE,Male,04.02,Team 2
G-22,2352,Serena Chang,EEE,Female,04.05,Team 2
G-22,5160,Soniya Bhatia,CoB (NBS),Female,4.2,Team 2
G-22,4366,Jonathan Ramirez,CEE,Male,4.19,Team 2
G-22,1933,Upton Reyes,CCDS,Male,3.88,Team 3
G-22,2126,Aaron White,EEE,Male,4.19,Team 3
G-22,2160,Weimin,MAE,Female,4.1,Team 3
G-22,5598,Hugo Lee,CoB (NBS),Male,4.14,Team 3
G-22,5233,Neelam Sharma,SPMS,Female,04.09,Team 3
G-22,2056,Putri Ayu,EEE,Female,4,Team 4
G-22,4484,Aamir Khan,SoH,Male,04.04,Team 4
G-22,3203,Rohan Chaudhary,CCDS,Male,04.03,Team 4
G-22,3667,Andrew Yang,CoB (NBS),Male,4.22,Team 4
G-22,5535,Rina Devi,SBS,Female,4.19,Team 4
G-22,5375,Liam Young,CoE,Male,04.02,Team 5
G-22,292,Zhi Zhen,EEE,Male,4.15,Team 5
G-22,2327,Harini Rao,CCDS,Female,4.17,Team 5
G-22,2356,Ariana Cox,SSS,Female,4.14,Team 5
G-22,4278,Alia Binti Mohd,CoB (NBS),Female,4,Team 5
G-22,989,Paloma Chang,CCDS,Female,3.96,Team 6
G-22,2281,Shi Lian,EEE,Female,4,Team 6
G-22,4836,Cristian Martinez,EEE,Male,04.03,Team 6
G-22,3541,Raghav Singh,SSS,Male,4.15,Team 6
G-22,763,Brielle Scarlett,CEE,Female,4.27,Team 6
G-22,1163,Cassandra Tan,CCDS,Female,4.17,Team 7
G-22,983,Min-Seo Park,CCEB,Female,3.86,Team 7
G-22,3024,Thuy Le,CEE,Female,4.18,Team 7
G-22,5194,Carter White,EEE,Male,4,Team 7
G-22,5358,Samuel Davis,WKW SCI,Male,4.14,Team 7
G-22,878,Kenshin Nakamura,CCDS,Male,04.02,Team 8
G-22,3238,Omer Shah,EEE,Male,04.08,Team 8
G-22,2462,Viola Lim,SSS,Female,04.05,Team 8
G-22,3100,Ningzhi,CoE,Female,4.15,Team 8
G-22,5793,Asher Young,CoB (NBS),Male,4.13,Team 8
G-22,1672,Hani Binti Ahmad,CCEB,Female,3.85,Team 9
G-22,1987,Eugene Lim,CoB (NBS),Male,04.05,Team 9
G-22,747,Zain Bin Mohd,EEE,Male,04.05,Team 9
G-22,4795,Lucy Cooper,EEE,Female,4.17,Team 9
G-22,386,Joni Chang,CCDS,Female,4.21,Team 9
G-22,2293,Nurul Izzati,EEE,Female,3.94,Team 10
G-22,2428,Andrew Cheung,NIE,Male,04.03,Team 10
G-22,4436,Aarohi Kapoor,CoB (NBS),Female,04.08,Team 10
G-22,368,Kenneth Tan,CCDS,Male,4.18,Team 10
G-22,4847,Mei Ling,CCEB,Female,4.13,Team 10
G-23,2973,Ahsan Shah,CEE,Male,4.18,Team 1
G-23,3379,Benjamin Lee,CCEB,Male,04.02,Team 1
G-23,1943,Jia Chen,CCDS,Female,4.12,Team 1
G-23,4095,Carlito Morales,SoH,Male,4.11,Team 1
G-23,3091,Tanya Bhatia,CoB (NBS),Female,3.86,Team 1
G-23,4895,Kira Cruz,CCDS,Female,3.92,Team 2
G-23,1942,Jaxon Jenkins,ADM,Male,4.17,Team 2
G-23,4834,Vincent Lopez,WKW SCI,Male,04.01,Team 2
G-23,2664,Rhea Mehta,MAE,Female,4.16,Team 2
G-23,2416,Lihua,EEE,Male,4.15,Team 2
G-23,840,Ningqi,CoB (NBS),Female,3.9,Team 3
G-23,445,Amina Binti Ali,SBS,Female,3.8,Team 3
G-23,3061,Victoria Sanchez,ADM,Female,4.15,Team 3
G-23,434,Jasper Chen,EEE,Male,4.18,Team 3
G-23,2363,Zheng Yu Lim,MAE,Male,4.3,Team 3
G-23,470,Cleo Carter,CoB (NBS),Female,04.01,Team 4
G-23,5068,Oksana Sergeyevna,EEE,Female,04.01,Team 4
G-23,3333,Yasmin Reddy,MAE,Female,04.04,Team 4
G-23,1241,Hiroki Tanaka,SoH,Male,04.09,Team 4
G-23,4019,Joshua Li,CCDS,Male,4.48,Team 4
G-23,4036,Anya Chen,CCDS,Female,04.03,Team 5
G-23,5417,Nishant Kapoor,WKW SCI,Male,4,Team 5
G-23,5192,Yanzhi,SSS,Female,4.73,Team 5
G-23,5639,Eric Lim,CoB (NBS),Male,3.89,Team 5
G-23,685,Gregory Wong,EEE,Male,04.02,Team 5
G-23,769,Nai Li,CCDS,Male,3.93,Team 6
G-23,1012,Luna Phillips,SSS,Female,3.89,Team 6
G-23,3681,Owen Garcia,MAE,Male,04.09,Team 6
G-23,2145,Zac Johnson,CoE,Male,4.15,Team 6
G-23,5808,Elaine Tan,EEE,Female,4.22,Team 6
G-23,4354,Neha Reddy,SSS,Female,3.9,Team 7
G-23,924,Ella Liu,CoB (NBS),Female,04.01,Team 7
G-23,4471,Xiao Ling,SBS,Male,4.12,Team 7
G-23,512,Lucas Wang,CoE,Male,4.12,Team 7
G-23,3704,Sabrina Binti Ismail,CCDS,Female,4.2,Team 7
G-23,340,Liam Carter,MAE,Male,3.86,Team 8
G-23,5677,Yuzhi,CCDS,Female,4.1,Team 8
G-23,3851,Jin Wei,SBS,Male,4.11,Team 8
G-23,4667,Yu Zhang,CCDS,Female,04.06,Team 8
G-23,4617,Evelyn Adams,SPMS,Female,4.18,Team 8
G-23,4457,Ying Li,SSS,Female,3.86,Team 9
G-23,1791,Yuan Rui,CCDS,Male,4.14,Team 9
G-23,1625,Jamilah Binti Rahman,CoB (NBS),Female,04.05,Team 9
G-23,844,Mason Miller,SPMS,Male,4.1,Team 9
G-23,2903,Nash Zhao,CCEB,Male,4.15,Team 9
G-23,20,Siti Wong,SPMS,Female,04.03,Team 10
G-23,4923,Wyatt Reed,CEE,Male,04.02,Team 10
G-23,5236,Rida Javed,CoB (NBS),Female,04.09,Team 10
G-23,4800,Manoj Menon,CCDS,Male,4.18,Team 10
G-23,4513,Brielle Lin,SBS,Female,04.01,Team 10
G-24,1272,Maya Scott,SSS,Female,3.88,Team 1
G-24,1081,Zhen Li,CoE,Male,04.02,Team 1
G-24,1884,Althea Reyes,EEE,Female,4.12,Team 1
G-24,1187,Lucas Zhang,CCEB,Male,4.12,Team 1
G-24,5178,Irfan Khan,CEE,Male,4.1,Team 1
G-24,656,Oliver Li,CoB (NBS),Male,04.01,Team 2
G-24,77,Shila Binti Ali,EEE,Female,4,Team 2
G-24,3246,Johan Sari,CCDS,Male,04.03,Team 2
G-24,919,Piper Rivera,SoH,Female,4.26,Team 2
G-24,2449,Wei Lin Tan,CCEB,Male,04.05,Team 2
G-24,1264,Wen Jin Tan,SBS,Male,4,Team 3
G-24,2687,Kieran Yip,CoE,Male,04.04,Team 3
G-24,5298,Sylvia Liu,SoH,Female,04.03,Team 3
G-24,1614,Melody Tan,CCEB,Female,04.06,Team 3
G-24,384,Dustin Chen,EEE,Male,4.2,Team 3
G-24,707,Monica Yeo,CoE,Female,04.05,Team 4
G-24,1010,Vikram Gupta,EEE,Male,04.02,Team 4
G-24,1174,Daniel Johnson,SPMS,Male,3.86,Team 4
G-24,4515,Dustin Yang,CEE,Male,4.1,Team 4
G-24,5917,Mia Thomas,CCDS,Female,4.19,Team 4
G-24,5308,Silas Yang,NIE,Male,04.03,Team 5
G-24,2980,Tiffany Chua,EEE,Female,04.02,Team 5
G-24,2269,Kuan Tan,CCEB,Male,4.15,Team 5
G-24,509,Damon Carter,CoE,Male,3.9,Team 5
G-24,2841,Tahira Ali,SoH,Female,4.22,Team 5
G-24,1732,Owen Prabowo,CCDS,Male,4,Team 6
G-24,210,Eko Supriyanto,SoH,Male,04.05,Team 6
G-24,3135,Mia Moore,CCEB,Female,4,Team 6
G-24,400,Naina Choudhury,CoB (NBS),Female,04.05,Team 6
G-24,3656,Owen Yip,EEE,Male,4.18,Team 6
G-24,1286,Guo Wei,EEE,Male,4.18,Team 7
G-24,2610,Ankit Joshi,SoH,Male,3.86,Team 7
G-24,5931,Jack Murphy,CoB (NBS),Male,04.03,Team 7
G-24,3941,Willow Chang,SPMS,Female,4.1,Team 7
G-24,4937,Qiming,SSS,Female,4.1,Team 7
G-24,4293,Alisha Tan,CoB (NBS),Female,04.09,Team 8
G-24,5414,Jovian Huang,SPMS,Male,3.95,Team 8
G-24,4289,Ethan Jones,SBS,Male,4.22,Team 8
G-24,4381,Nathan Wu,MAE,Male,04.01,Team 8
G-24,1701,Jasmine Reed,CCDS,Female,04.02,Team 8
G-24,2937,Claire Jenkins,MSE,Female,3.86,Team 9
G-24,5642,David Tan,CCDS,Male,4.14,Team 9
G-24,2181,Nira Nair,CCEB,Female,04.09,Team 9
G-24,988,Aaliyah Santos,EEE,Female,4.18,Team 9
G-24,2758,Aiden Chan,CoB (NBS),Male,04.05,Team 9
G-24,3811,Isha Rani,SoH,Female,3.87,Team 10
G-24,4373,Zhang Lian,CEE,Male,04.06,Team 10
G-24,3356,Kumar Nair,SPMS,Male,4.18,Team 10
G-24,284,Meera Nair,CCEB,Female,4,Team 10
G-24,5699,Tian Yu,CoB (NBS),Male,4.15,Team 10
G-25,698,Ronald Tan,CCDS,Male,3.93,Team 1
G-25,1062,Wei Ling,CEE,Female,04.05,Team 1
G-25,1883,Sanya Ali,CoB (NBS),Female,4.12,Team 1
G-25,1980,Caleb Murphy,EEE,Male,4.11,Team 1
G-25,2251,Meera Prasad,SSS,Female,4.2,Team 1
G-25,3812,Zoe Johnson,CoB (NBS),Female,04.01,Team 2
G-25,1343,Devon Tan,SoH,Male,04.08,Team 2
G-25,3804,Luna Liu,MAE,Female,04.03,Team 2
G-25,4461,Katherine Tan,EEE,Female,4.17,Team 2
G-25,2647,Isaac Chen,WKW SCI,Male,4.18,Team 2
G-25,829,Lydia Kim,CoB (NBS),Female,4.22,Team 3
G-25,4300,Eddie Kwan,CoE,Male,04.02,Team 3
G-25,2749,Nishant Kumar,EEE,Male,4.1,Team 3
G-25,3638,Yue Ling,SoH,Female,04.09,Team 3
G-25,4879,Akira Fujimoto,CCEB,Female,04.03,Team 3
G-25,3077,Disha Sharma,SSS,Female,3.91,Team 4
G-25,2690,Maya Reddy,CoB (NBS),Female,4.14,Team 4
G-25,4277,Ananya Reddy,CEE,Female,4.1,Team 4
G-25,5066,Jason Lim,MAE,Male,4.1,Team 4
G-25,697,Yannick Dela Cruz,EEE,Male,4.17,Team 4
G-25,5761,Sanjay Nair,MAE,Male,04.01,Team 5
G-25,487,Adeline Ramirez,CoB (NBS),Female,04.04,Team 5
G-25,2566,Lydia White,SSS,Female,04.06,Team 5
G-25,3052,Jackson Adams,CEE,Male,4.15,Team 5
G-25,1303,Fiona Wong,SoH,Female,4.22,Team 5
G-25,4689,Mira Singh,ASE,Female,3.92,Team 6
G-25,194,Shafeeq Bin Ahmad,EEE,Male,04.05,Team 6
G-25,4935,Nancy Liu,NIE,Female,4.2,Team 6
G-25,5065,Shafika Binti Mohd,SSS,Female,4.15,Team 6
G-25,3778,Natsuki Sato,SPMS,Female,4.15,Team 6
G-25,4475,Sahara Chen,SoH,Female,3.92,Team 7
G-25,5920,Cathy Li,SPMS,Female,4.19,Team 7
G-25,1445,Giovanna Chen,MAE,Female,4.1,Team 7
G-25,1094,Daniel Wu,CoE,Male,04.06,Team 7
G-25,4377,Dante Zhang,CEE,Male,4.12,Team 7
G-25,5305,William Yip,NIE,Male,3.8,Team 8
G-25,2085,Kareem Shah,CoE,Male,04.05,Team 8
G-25,2182,Nicole Lee,MAE,Female,3.9,Team 8
G-25,3958,Natalie Ramirez,CCDS,Female,04.01,Team 8
G-25,5136,Liyana Binti Mohd,SoH,Female,4.73,Team 8
G-25,1188,Pooja Iyer,SBS,Female,04.03,Team 9
G-25,242,Eric Anderson,MAE,Male,4.22,Team 9
G-25,675,Zheng Yang,CoB (NBS),Male,04.02,Team 9
G-25,3190,Kira Tan,SPMS,Female,4.17,Team 9
G-25,2411,Linda Tan,CEE,Female,04.05,Team 9
G-25,5275,Min Jie Lim,CEE,Male,3.95,Team 10
G-25,5271,Dahlia Morales,CoB (NBS),Female,04.08,Team 10
G-25,3109,Carl Li,SBS,Male,04.09,Team 10
G-25,5497,Nora Wang,EEE,Female,4.23,Team 10
G-25,4755,Aisyah Mohd,MAE,Female,4.14,Team 10
G-26,5009,Jianjun,CEE,Female,4.2,Team 1
G-26,5094,Miki Aizawa,SBS,Female,4,Team 1
G-26,3557,Naomi Chen,CCDS,Female,4.1,Team 1
G-26,5098,Alia Bin Abd,ADM,Male,3.95,Team 1
G-26,2155,Victor Black,WKW SCI,Male,4.14,Team 1
G-26,1540,Layla Evans,CoB (NBS),Female,04.02,Team 2
G-26,1650,Siti Nurbaya,MAE,Female,04.05,Team 2
G-26,279,Felix Liu,EEE,Male,3.95,Team 2
G-26,204,Elena Leonova,ADM,Female,4.12,Team 2
G-26,3835,Jacob Wang,SoH,Male,4.26,Team 2
G-26,5219,Owen Lee,CCDS,Male,4.19,Team 3
G-26,3765,Aria Cook,CCDS,Female,04.01,Team 3
G-26,3366,Mohit Desai,CoE,Male,4.1,Team 3
G-26,2691,Ruby Lee,CCEB,Female,3.9,Team 3
G-26,3536,Hana Chan,MAE,Female,4.2,Team 3
G-26,4116,Yifan,SoH,Male,3.85,Team 4
G-26,574,Daphne Lim,MAE,Female,4.15,Team 4
G-26,1045,Diya Singh,CCDS,Female,04.09,Team 4
G-26,3590,Kelsey Lim,CoB (NBS),Female,04.02,Team 4
G-26,5058,Ryan Bennett,WKW SCI,Male,4.22,Team 4
G-26,1053,Milo Zhao,EEE,Male,4.1,Team 5
G-26,15,Eric Long,CCDS,Male,4.22,Team 5
G-26,1224,Nora Diaz,SoH,Female,3.89,Team 5
G-26,3730,Kazuko Nishida,CCEB,Female,4.17,Team 5
G-26,1342,Maria Lam,MAE,Female,04.04,Team 5
G-26,5521,Kendra Alvarado,EEE,Female,3.91,Team 6
G-26,5604,Eshan,SoH,Female,04.05,Team 6
G-26,3685,Rishabh Sharma,CoE,Male,04.06,Team 6
G-26,1800,Fariha Binti Mohd,MAE,Female,4.15,Team 6
G-26,2137,Desmond Tan,CCDS,Male,4.3,Team 6
G-26,301,Anita Khanna,CCDS,Female,3.95,Team 7
G-26,372,Hira Bukhari,EEE,Female,4.1,Team 7
G-26,2409,Quentin Chiu,SPMS,Male,04.06,Team 7
G-26,5880,Kira Yang,MSE,Female,04.03,Team 7
G-26,2574,James Zhao,LKCMedicine,Male,4.27,Team 7
G-26,5372,Riya Gupta,SBS,Female,04.03,Team 8
G-26,1260,Hafsa Khan,CCEB,Female,4.14,Team 8
G-26,4997,Puneet Kumar,MAE,Male,04.05,Team 8
G-26,3477,Jasmine Yeo,EEE,Female,3.9,Team 8
G-26,233,Ferdinand Villanueva,SSS,Male,4.27,Team 8
G-26,3204,Deepa Menon,CoB (NBS),Female,3.88,Team 9
G-26,285,Ibrahim Zain,EEE,Male,04.03,Team 9
G-26,1817,Vera Kuznetsova,LKCMedicine,Female,4.13,Team 9
G-26,4490,Sophie Chua,CCDS,Female,4.15,Team 9
G-26,3775,Ivy Tan,MSE,Female,4.19,Team 9
G-26,3254,Zoe Sanchez,MAE,Female,04.03,Team 10
G-26,3331,Hugo Wang,CCDS,Male,04.02,Team 10
G-26,3625,Vera Tan,CEE,Female,4,Team 10
G-26,4127,Fatin Binti Ahmad,EEE,Female,4.2,Team 10
G-26,47,Yuri Li,SBS,Male,4.2,Team 10
G-27,4880,Akira Yoshida,CoB (NBS),Female,4.15,Team 1
G-27,4239,Mohammed Sadiq,EEE,Male,3.75,Team 1
G-27,1232,Liana Goh,CCEB,Female,4.1,Team 1
G-27,4904,Nicolas Zhao,MAE,Male,4.12,Team 1
G-27,5892,Rhea Sharma,CCDS,Female,4.19,Team 1
G-27,3387,Riley Tsai,CoB (NBS),Female,3.92,Team 2
G-27,5076,Rekha Menon,EEE,Female,3.92,Team 2
G-27,872,Aria Wilson,SBS,Female,04.07,Team 2
G-27,3749,Jonathan Wong,CoE,Male,4.2,Team 2
G-27,1773,Daniel Baker,SPMS,Male,4.15,Team 2
G-27,4367,Santiago Garcia,MAE,Male,3.9,Team 3
G-27,1083,Shinji Saito,EEE,Male,4.1,Team 3
G-27,1821,Hannah Wang,SPMS,Female,4.1,Team 3
G-27,2002,Cynthia Sun,SSS,Female,04.06,Team 3
G-27,3702,Mira Ng,CCDS,Female,4.2,Team 3
G-27,5331,Alexander Hill,CoE,Male,04.08,Team 4
G-27,1767,Mei Xing,SBS,Female,04.09,Team 4
G-27,1844,Isabella Morris,EEE,Female,3.95,Team 4
G-27,3786,Anjali Tan,ADM,Female,4.15,Team 4
G-27,1122,Vinay Bhatia,CCDS,Male,4.18,Team 4
G-27,5436,Suri Chang,CoB (NBS),Female,4.16,Team 5
G-27,3727,Zaira Binti Karim,MAE,Female,04.05,Team 5
G-27,4711,Ella Young,ASE,Female,3.92,Team 5
G-27,137,Lucas Ramirez,EEE,Male,4,Team 5
G-27,3469,Khalil Khan,CCDS,Male,4.19,Team 5
G-27,705,Aarti Desai,CCDS,Female,04.02,Team 6
G-27,2195,Vikas Sharma,SPMS,Male,3.9,Team 6
G-27,3504,Alexis Lee,MSE,Female,4,Team 6
G-27,212,Karan Joshi,SoH,Male,4.17,Team 6
G-27,3196,Zara Bennett,CoB (NBS),Female,4.27,Team 6
G-27,5757,Sonia Bukhari,CoE,Female,4.1,Team 7
G-27,181,Kunal Patel,CoB (NBS),Male,3.97,Team 7
G-27,5347,Nadia Ali,LKCMedicine,Female,3.91,Team 7
G-27,2139,Brody Hughes,CCDS,Male,4.2,Team 7
G-27,790,Hui Chen,CCEB,Female,4.19,Team 7
G-27,2739,Jett Wu,MSE,Male,04.06,Team 8
G-27,196,Dominic Scott,SPMS,Male,04.09,Team 8
G-27,2127,Mila Collins,EEE,Female,3.87,Team 8
G-27,5456,Nora Wu,CEE,Female,04.01,Team 8
G-27,1449,Olivia Johnson,CCDS,Female,4.52,Team 8
G-27,5288,Talia Wang,CCEB,Female,4.17,Team 9
G-27,2259,Ella Safira,NIE,Female,4.2,Team 9
G-27,257,Arnav Kumar,CCDS,Male,3.85,Team 9
G-27,2022,Sana Iqbal,CoB (NBS),Female,04.02,Team 9
G-27,2166,Oscar Lee,MAE,Male,4.11,Team 9
G-27,961,Fei Hong Lim,CoB (NBS),Male,3.9,Team 10
G-27,578,Sadia Awan,MAE,Female,04.02,Team 10
G-27,1635,Minjie,CEE,Female,4.1,Team 10
G-27,3752,Tania Chan,SSS,Female,04.08,Team 10
G-27,703,Aarav Yadav,CoE,Male,4.3,Team 10
G-28,1413,Zach Lim,SPMS,Male,04.02,Team 1
G-28,3830,Ivy Pineda,CCEB,Female,4.22,Team 1
G-28,498,Emma Hall,CoB (NBS),Female,3.88,Team 1
G-28,3735,Sophie Chen,CoB (NBS),Female,4.17,Team 1
G-28,3182,Rylan King,SoH,Male,04.05,Team 1
G-28,2738,Mark Johnson,ASE,Male,4.18,Team 2
G-28,361,Bilal Zafar,SoH,Male,04.08,Team 2
G-28,772,Nazia Rehman,SSS,Female,04.06,Team 2
G-28,4827,Liam Lewis,WKW SCI,Male,4.17,Team 2
G-28,1477,Nina Chang,CoB (NBS),Female,3.88,Team 2
G-28,859,Raymond Ho,CoB (NBS),Male,04.02,Team 3
G-28,3446,Lina Abdullah,SoH,Female,4,Team 3
G-28,4865,Chloe Wilson,MSE,Female,04.08,Team 3
G-28,524,Xander Lawson,CCDS,Male,4.26,Team 3
G-28,5490,Alana Tan,CoE,Female,4,Team 3
G-28,4649,Nur Fatimah,MAE,Female,04.04,Team 4
G-28,5958,Sebastian Wright,CEE,Male,4,Team 4
G-28,3880,Xiangrong,CoB (NBS),Male,4.1,Team 4
G-28,4316,Savannah Cooper,CoB (NBS),Female,04.04,Team 4
G-28,5424,Ria Patel,EEE,Female,4.19,Team 4
G-28,4313,Aubrey Morgan,CCEB,Female,3.9,Team 5
G-28,3096,Victor Andreyev,EEE,Male,4.12,Team 5
G-28,3156,Arif Hussain,CoB (NBS),Male,4.1,Team 5
G-28,4780,Zoe Ali,SoH,Female,4.19,Team 5
G-28,5579,Julian Li,MAE,Male,4.1,Team 5
G-28,2080,Lily Cook,SSS,Female,4.18,Team 6
G-28,2705,Ming Feng Tan,MAE,Male,04.05,Team 6
G-28,4358,Mason Reyes,SoH,Male,3.92,Team 6
G-28,3879,Camille Chen,CCEB,Female,4.14,Team 6
G-28,525,Stella Chang,CoB (NBS),Female,4.12,Team 6
G-28,725,Eddie Cheung,SPMS,Male,04.02,Team 7
G-28,5439,Kenshin Watanabe,CoB (NBS),Male,04.02,Team 7
G-28,4789,Rashidah Binti Ibrahim,ADM,Female,4.2,Team 7
G-28,1320,Steve Lau,EEE,Male,04.01,Team 7
G-28,2035,Madison Reed,CCEB,Female,4.1,Team 7
G-28,5039,Peter Harris,MAE,Male,3.88,Team 8
G-28,2429,Misha Devi,CCEB,Female,4.14,Team 8
G-28,5256,Sergio Moreno,SSS,Male,04.03,Team 8
G-28,1771,Asha Binti,CoB (NBS),Female,4.11,Team 8
G-28,4004,Neela Nair,EEE,Female,4.2,Team 8
G-28,256,Elijah Carter,CCEB,Male,3.9,Team 9
G-28,495,Max Chen,CoB (NBS),Male,04.09,Team 9
G-28,2518,Lian Tan,SSS,Female,4.2,Team 9
G-28,1237,Aditi Sharma,MAE,Female,4.14,Team 9
G-28,5186,Rong Liu,SoH,Female,04.02,Team 9
G-28,2565,Priya Patel,CoB (NBS),Female,3.86,Team 10
G-28,5731,Oliver Wong,MAE,Male,04.01,Team 10
G-28,1419,Nirmala Iyer,CCEB,Female,4.18,Team 10
G-28,3297,Aaron Huskel,SPMS,Male,4.15,Team 10
G-28,5601,Alia Khan,CoB (NBS),Female,4.14,Team 10
G-29,3347,Kelly Ng,WKW SCI,Female,04.06,Team 1
G-29,1197,Rahul Reddy,EEE,Male,04.05,Team 1
G-29,2844,Ritika Bansal,CCDS,Female,04.03,Team 1
G-29,4031,Silas Tan,SBS,Male,04.06,Team 1
G-29,929,Poppy Smith,CoB (NBS),Female,4.27,Team 1
G-29,2526,Xander Lee,CoB (NBS),Male,4.12,Team 2
G-29,729,Rongwei,EEE,Male,04.09,Team 2
G-29,367,Avery Wilson,SBS,Female,4.11,Team 2
G-29,4451,Kiran Tiwari,CCDS,Female,3.9,Team 2
G-29,2692,Nadia Cahyani,SSS,Female,4.15,Team 2
G-29,3307,Eva Wang,SSS,Female,04.09,Team 3
G-29,3124,Jason Lim,CoB (NBS),Male,04.09,Team 3
G-29,823,Tobias Tan,CoB (NBS),Male,04.03,Team 3
G-29,4286,Evelyn Green,LKCMedicine,Female,4.27,Team 3
G-29,2081,Xiao Jun,CoE,Male,04.02,Team 3
G-29,1525,Brayden Adams,LKCMedicine,Male,04.04,Team 4
G-29,1823,Aria Lim,CoB (NBS),Female,04.04,Team 4
G-29,496,Zachary Price,CCDS,Male,3.91,Team 4
G-29,5389,Skylar Tan,CoE,Female,4.15,Team 4
G-29,1488,Raymond Smith,SBS,Male,4.18,Team 4
G-29,857,Lucy Barnes,ASE,Female,3.9,Team 5
G-29,3278,Nadeem Ali,WKW SCI,Male,04.04,Team 5
G-29,5164,Yong Jie,SSS,Male,4.12,Team 5
G-29,2216,Alisha Iyer,CoB (NBS),Female,4.13,Team 5
G-29,4399,Jamal Karim,EEE,Male,4.19,Team 5
G-29,1104,Nisha Singh,CoE,Female,04.01,Team 6
G-29,2596,Madison Gray,EEE,Female,04.03,Team 6
G-29,2829,Gemma Jenkins,SBS,Female,04.09,Team 6
G-29,2548,Panshi,MAE,Male,4.18,Team 6
G-29,4661,Jasper Zhang,SPMS,Male,4.15,Team 6
G-29,942,Hao Xun,EEE,Male,3.96,Team 7
G-29,4854,Shahid Raza,SoH,Male,04.03,Team 7
G-29,3311,Riya Tan,SBS,Female,4.1,Team 7
G-29,5614,Faris Bin Mohd,SPMS,Male,4.15,Team 7
G-29,2733,Christina Tan,CoB (NBS),Female,4.2,Team 7
G-29,2772,Alyssa Carter,EEE,Female,3.97,Team 8
G-29,1959,Elias Carter,NIE,Male,3.95,Team 8
G-29,4528,Nurul Hani,SSS,Female,4.1,Team 8
G-29,2965,Ethan Young,SBS,Male,4.2,Team 8
G-29,213,Ananya Sharma,CoB (NBS),Female,4.18,Team 8
G-29,5895,Kai Ren Ng,EEE,Male,4.1,Team 9
G-29,2194,Maya Li,SoH,Female,04.09,Team 9
G-29,4734,Surya Kumar,WKW SCI,Male,4.1,Team 9
G-29,4026,Shanwei,CoB (NBS),Male,3.9,Team 9
G-29,202,Kimberly Lim,CoE,Female,4.18,Team 9
G-29,1515,Tianming,CoB (NBS),Male,3.8,Team 10
G-29,1290,Huanqing,EEE,Female,04.05,Team 10
G-29,5742,Joshua Murphy,NIE,Male,4.11,Team 10
G-29,4339,Janelle Tan,SSS,Female,4,Team 10
G-29,5323,Sadia Khan,MAE,Female,4.52,Team 10
G-3,1947,Keira Lee,MAE,Female,3.94,Team 1
G-3,1693,Jasmine Sari,SoH,Female,04.05,Team 1
G-3,2701,Nguyen Van Tam,CEE,Male,4.18,Team 1
G-3,5730,Qing Zhao,EEE,Male,4.11,Team 1
G-3,3414,Keng Tan,CoB (NBS),Male,4.15,Team 1
G-3,3463,Felix Tsang,MAE,Male,4,Team 2
G-3,3045,Jing Xuan,EEE,Female,04.03,Team 2
G-3,310,Zeeshan Bukhari,SSS,Female,4.17,Team 2
G-3,3612,Maya Zhang,CoB (NBS),Female,3.9,Team 2
G-3,2061,Leo Li,CCDS,Male,4.15,Team 2
G-3,2680,Nida Waseem,MAE,Female,4,Team 3
G-3,3237,Tomi Budi,SPMS,Male,04.05,Team 3
G-3,668,Riya Desai,EEE,Female,04.08,Team 3
G-3,1314,Nashit Bhatia,CCDS,Male,4.22,Team 3
G-3,2098,Zhen Yu,SoH,Male,04.09,Team 3
G-3,584,Ella Cheung,CCEB,Female,4.1,Team 4
G-3,1648,Benjamin Hernandez,MAE,Male,4.79,Team 4
G-3,4291,Ethan Lee,CEE,Male,04.02,Team 4
G-3,26,Autumn Diaz,WKW SCI,Female,04.03,Team 4
G-3,1710,Mansoor Aslam,CoE,Male,3.95,Team 4
G-3,4981,Aditi Bhatia,EEE,Female,4.1,Team 5
G-3,2124,Keith Tan,CCDS,Male,3.96,Team 5
G-3,5187,Rita Rani,CoB (NBS),Female,04.05,Team 5
G-3,5580,Wei Fang,SSS,Male,4.12,Team 5
G-3,1144,Gabriel Wood,MSE,Male,4.22,Team 5
G-3,5842,Harvey Tan,EEE,Male,4.1,Team 6
G-3,2764,Maya Patel,CEE,Female,04.09,Team 6
G-3,3405,Nadia Noor,CoB (NBS),Female,04.03,Team 6
G-3,5379,Gita Saputra,WKW SCI,Female,4.15,Team 6
G-3,2121,Jianli,MSE,Male,4.2,Team 6
G-3,3569,Neha Sharma,MAE,Female,3.86,Team 7
G-3,3418,Kobe Alexander,CoB (NBS),Male,04.02,Team 7
G-3,3740,Zuri Lin,ADM,Female,04.02,Team 7
G-3,1782,Harvey Smith,CCDS,Male,04.05,Team 7
G-3,3028,Hunter Green,CEE,Male,4.97,Team 7
G-3,5781,Hina Bhatia,MAE,Female,4.15,Team 8
G-3,2119,Khairul Anuar Bin Mohd,EEE,Male,04.05,Team 8
G-3,585,Naina Kapoor,SoH,Female,4.12,Team 8
G-3,1242,Qing Li,CCEB,Female,04.01,Team 8
G-3,2746,Xuan Zhang,CoE,Male,4.2,Team 8
G-3,341,Cecilia Chen,CCDS,Female,04.03,Team 9
G-3,1054,Zeeshan Iqbal,WKW SCI,Male,04.06,Team 9
G-3,5989,Rachel Ong,EEE,Female,3.96,Team 9
G-3,3296,Christian Ward,MAE,Male,4.11,Team 9
G-3,3152,Lily Zhou,CEE,Female,4.2,Team 9
G-3,4764,Evelyn Wong,EEE,Female,3.85,Team 10
G-3,1474,Riya Shah,CEE,Female,04.09,Team 10
G-3,4723,Asher Brown,CoE,Male,4.15,Team 10
G-3,650,Olivia Goh,SPMS,Female,4.15,Team 10
G-3,3409,Milo Tan,CCDS,Male,4.17,Team 10
G-30,4408,Biaochun,CCDS,Female,4,Team 1
G-30,2942,Kai Li,MAE,Male,4.26,Team 1
G-30,1592,Patricia White,SBS,Female,4.2,Team 1
G-30,3553,Colton Huang,LKCMedicine,Male,3.88,Team 1
G-30,814,Jasmine Ng,SSS,Female,4.2,Team 1
G-30,244,Atsuko Taniguchi,SSS,Female,3.91,Team 2
G-30,3444,Kunal Tan,SBS,Male,4.15,Team 2
G-30,50,Nida Malik,EEE,Male,4.12,Team 2
G-30,5702,Harriet Rivera,NIE,Female,4.22,Team 2
G-30,1628,Anushka Mehra,MAE,Female,4.17,Team 2
G-30,531,Ava King,CoB (NBS),Female,4.2,Team 3
G-30,5279,Trevor Lim,EEE,Male,04.03,Team 3
G-30,1873,Rhea Reddy,SoH,Female,4.15,Team 3
G-30,874,Owais Bukhari,MAE,Male,3.96,Team 3
G-30,4440,Elijah Wong,SSS,Male,04.01,Team 3
G-30,636,Areeba Bukhari,EEE,Female,04.02,Team 4
G-30,81,Kieran Lewis,MAE,Male,4.22,Team 4
G-30,3647,Gavin Walker,CCEB,Male,3.97,Team 4
G-30,165,Xena Wong,SoH,Female,4.12,Team 4
G-30,2677,Thomas Collins,CoE,Male,4.18,Team 4
G-30,1164,Huma Qureshi,SoH,Female,3.91,Team 5
G-30,3795,Jing Wei,CCDS,Male,04.02,Team 5
G-30,2931,Maisie Lee,MAE,Female,4.11,Team 5
G-30,422,Riley Johnson,CoB (NBS),Male,4.19,Team 5
G-30,5177,Huma Malik,MSE,Female,4.22,Team 5
G-30,3517,Brandon Lee,SBS,Male,4.14,Team 6
G-30,3675,Lian Xu,CCDS,Female,4.11,Team 6
G-30,197,Vivian Tan,EEE,Female,04.07,Team 6
G-30,3149,Keshav Yadav,MAE,Male,04.01,Team 6
G-30,3269,Dylan Nguyen,CoE,Male,4.18,Team 6
G-30,2537,Michael Brown,CCDS,Male,04.01,Team 7
G-30,3567,Sofia Ramirez,SSS,Female,04.02,Team 7
G-30,2096,Seng Hua Lim,NIE,Male,04.02,Team 7
G-30,3162,Mi-kyung Han,CEE,Female,4.52,Team 7
G-30,1347,Ananya Nair,MAE,Female,04.01,Team 7
G-30,4596,Siti Zulaikha Binti Rahim,MAE,Female,4.1,Team 8
G-30,5678,Aadhya Reddy,CCDS,Female,3.9,Team 8
G-30,4237,Mason Wong,CoB (NBS),Male,04.08,Team 8
G-30,2448,Han Song Lim,CoE,Male,4.2,Team 8
G-30,383,Roxanne Chan,SSS,Female,4.19,Team 8
G-30,5176,Xiao Chen,MAE,Male,4.11,Team 9
G-30,167,Nurul Farah,SPMS,Female,3.85,Team 9
G-30,2589,Anthony Hughes,CCDS,Male,04.04,Team 9
G-30,5494,Sania Malik,SSS,Female,4.21,Team 9
G-30,946,Jack Martin,WKW SCI,Male,4.2,Team 9
G-30,5915,Mason Smith,SPMS,Male,3.88,Team 10
G-30,4973,James Bailey,MAE,Male,04.07,Team 10
G-30,5752,Kieran Wu,CCDS,Male,04.08,Team 10
G-30,3828,Kelly Lee,CCEB,Female,4.15,Team 10
G-30,4984,Ayesha Binti Rahman,CEE,Female,4.25,Team 10
G-31,4603,Henry Tsang,CCDS,Male,04.02,Team 1
G-31,5360,Vania Alonzo,EEE,Female,04.05,Team 1
G-31,3672,Toni Agustian,CoB (NBS),Male,4.1,Team 1
G-31,1818,Megan Sari,CCEB,Female,4.15,Team 1
G-31,5700,Bina Patel,SBS,Female,4.27,Team 1
G-31,4502,Hailey Lin,SBS,Female,3.88,Team 2
G-31,2809,Logan Wong,ASE,Male,04.08,Team 2
G-31,4149,Sora Inoue,EEE,Male,4.2,Team 2
G-31,4294,Vikas Yadav,CCDS,Male,4.16,Team 2
G-31,3976,Aarohi Verma,CoB (NBS),Female,4.12,Team 2
G-31,3,Isaac Liu,SBS,Male,3.9,Team 3
G-31,365,Chloe Torres,CoB (NBS),Female,04.09,Team 3
G-31,190,Hana Binti Mohd,CCDS,Female,4,Team 3
G-31,5168,Gideon Hayes,SPMS,Male,4.15,Team 3
G-31,69,Suhana Bhat,CEE,Female,4.79,Team 3
G-31,5783,Maya Rajan,MAE,Female,04.02,Team 4
G-31,2890,Ryan Baker,ASE,Male,04.06,Team 4
G-31,2706,Kamran Ahmed,CoB (NBS),Male,04.03,Team 4
G-31,514,Gabriel Edwards,EEE,Male,4.19,Team 4
G-31,2277,Olive Wang,CCDS,Female,4.22,Team 4
G-31,3959,Vivian Cooper,CEE,Female,3.89,Team 5
G-31,336,Arjun Singh,EEE,Male,4,Team 5
G-31,4640,Siti Sarah,CoB (NBS),Female,4.2,Team 5
G-31,2555,Kavya Singh,SBS,Female,4.14,Team 5
G-31,2652,Elijah Lewis,CCDS,Male,4.27,Team 5
G-31,5675,Boris Mikhailov,WKW SCI,Male,3.87,Team 6
G-31,752,Sophie Chiu,SBS,Female,04.09,Team 6
G-31,5474,Samara Khan,CoB (NBS),Female,4.22,Team 6
G-31,4421,Ryder Li,SoH,Male,4.15,Team 6
G-31,4887,Cathy Tan,CCDS,Female,4.15,Team 6
G-31,3919,Zain Bin Ali,CCDS,Male,4.1,Team 7
G-31,1709,Anjali Rao,EEE,Female,04.01,Team 7
G-31,2431,Ella Gonzalez,CCEB,Female,3.92,Team 7
G-31,3987,Harish Kumar,CoB (NBS),Male,4.19,Team 7
G-31,5864,Landon Parker,SoH,Male,4.16,Team 7
G-31,1172,Liam Rivera,NIE,Male,3.91,Team 8
G-31,3649,Damon Wu,CoB (NBS),Male,04.08,Team 8
G-31,325,Kenta Yamada,MAE,Male,04.05,Team 8
G-31,236,Mika Sato,EEE,Female,4.19,Team 8
G-31,5310,Jasmine Chen,SBS,Female,4.25,Team 8
G-31,5774,Imran Ashraf,NIE,Male,3.85,Team 9
G-31,4190,Dustin Young,CoB (NBS),Male,4.14,Team 9
G-31,629,Jessica Lim,MSE,Female,4.16,Team 9
G-31,2787,Lina Binti Zain,MAE,Female,4.2,Team 9
G-31,5309,Deepak Nair,EEE,Male,4.13,Team 9
G-31,2225,Toby Lim,MAE,Male,3.95,Team 10
G-31,2459,Bodhi Chen,CCEB,Male,04.02,Team 10
G-31,5222,Claire Tan,CoB (NBS),Female,04.06,Team 10
G-31,169,Moe Yamashita,EEE,Female,4.19,Team 10
G-31,5171,Peyton Bell,CoB (NBS),Female,4.25,Team 10
G-32,4463,Alvin Khor,EEE,Male,3.9,Team 1
G-32,2944,Sara Lim,SSS,Female,04.05,Team 1
G-32,5410,Ying Xiu,CoB (NBS),Female,4.19,Team 1
G-32,2814,Omer Javed,SoH,Male,04.03,Team 1
G-32,981,Leonardo Wu,SPMS,Male,4.19,Team 1
G-32,802,Xue Chen,CoB (NBS),Female,04.02,Team 2
G-32,102,Hector Mendoza,SSS,Male,04.06,Team 2
G-32,3810,Nicholas Tan,MAE,Male,3.95,Team 2
G-32,5289,Cynthia Chan,CCEB,Female,4.17,Team 2
G-32,4660,Mina Lim,SoH,Female,4.2,Team 2
G-32,4094,Isla Ross,CoB (NBS),Female,04.09,Team 3
G-32,3157,Dingqi,EEE,Male,4.3,Team 3
G-32,736,Lorelei Chen,SSS,Female,04.06,Team 3
G-32,2191,Oliver Reed,SPMS,Male,04.05,Team 3
G-32,1715,Sabrina Wong,CCEB,Female,04.01,Team 3
G-32,2648,Nisa Tan,MAE,Female,4.14,Team 4
G-32,3365,Yasmin Cruz,SPMS,Female,4.26,Team 4
G-32,909,Yang Chen,CoB (NBS),Male,04.01,Team 4
G-32,2442,Derek Wilson,CCEB,Male,4.14,Team 4
G-32,1721,Aisya Binti Azhar,SBS,Female,3.85,Team 4
G-32,2180,Anthony Stewart,EEE,Male,4.1,Team 5
G-32,3716,Sergey Fedorov,LKCMedicine,Male,04.01,Team 5
G-32,3259,Amira Rahman,SPMS,Female,4.11,Team 5
G-32,240,Aditi Suresh,CoB (NBS),Female,04.03,Team 5
G-32,4206,Addison Ward,CCEB,Female,4.18,Team 5
G-32,4765,Nora Hall,CCEB,Female,3.94,Team 6
G-32,5143,Kien Vo,CEE,Male,04.09,Team 6
G-32,1919,Hao Chen,EEE,Male,04.03,Team 6
G-32,5559,Naina Noor,CoB (NBS),Female,4.16,Team 6
G-32,2637,Derek Chen,SoH,Male,4.22,Team 6
G-32,1349,Hua Lin,SSS,Female,3.95,Team 7
G-32,182,Colton Ross,CCEB,Male,04.03,Team 7
G-32,2410,Rylan Cooper,SPMS,Male,4.1,Team 7
G-32,4841,Anya Iyer,MAE,Female,4.14,Team 7
G-32,3713,Selene Tsai,CCDS,Female,4.2,Team 7
G-32,1684,Mason Carter,NIE,Male,04.02,Team 8
G-32,4958,Ryan Turner,CoB (NBS),Male,4,Team 8
G-32,3610,Caleb Nelson,CEE,Male,4.14,Team 8
G-32,1255,Uli Agustin,MSE,Female,4.1,Team 8
G-32,868,Rida Bukhari,SSS,Female,4.2,Team 8
G-32,1097,Shubham Prakash,EEE,Male,4.15,Team 9
G-32,5956,Cheng Yuan,WKW SCI,Male,04.03,Team 9
G-32,2167,Kanghao,CCDS,Male,4.1,Team 9
G-32,7,Sophie Allen,CoB (NBS),Female,4.16,Team 9
G-32,5556,Yuki Mori,CEE,Female,04.02,Team 9
G-32,2054,Xiaofang,CEE,Male,3.85,Team 10
G-32,2983,Yani Tan,LKCMedicine,Female,4.11,Team 10
G-32,4978,Igor Petrov,CoE,Male,4.11,Team 10
G-32,4437,Fatima Binti Rahim,EEE,Female,04.06,Team 10
G-32,1285,Xingyu,MAE,Female,4.2,Team 10
G-33,1434,Wira Bin Fadli,CEE,Male,3.85,Team 1
G-33,1937,Maverick Brown,EEE,Male,4.12,Team 1
G-33,3618,Mila Perez,CoB (NBS),Female,4.19,Team 1
G-33,3399,Bunga Melati,CCDS,Female,4.15,Team 1
G-33,3198,Raymond Tan,MAE,Male,4.22,Team 1
G-33,19,Maya Sarin,CoB (NBS),Female,04.03,Team 2
G-33,5421,Sophie Lee,WKW SCI,Female,3.92,Team 2
G-33,4620,Ayden Cooper,ASE,Male,4.12,Team 2
G-33,4690,Fengxiu,SoH,Female,4.15,Team 2
G-33,5927,Liang Zhao,NIE,Male,4.22,Team 2
G-33,32,Sophie Ong,SSS,Female,04.02,Team 3
G-33,4081,Liam Collins,EEE,Male,04.05,Team 3
G-33,2911,Liang Wei,CoB (NBS),Male,04.08,Team 3
G-33,274,Zoe Murphy,CCDS,Female,4.11,Team 3
G-33,1431,Lucy Rogers,MSE,Female,4.26,Team 3
G-33,4406,Hannah Lim,CoB (NBS),Female,04.03,Team 4
G-33,1675,Mina Qiu,CCDS,Female,04.03,Team 4
G-33,1517,Liang Zhao,SPMS,Male,4.22,Team 4
G-33,1748,Maya Shankar,CCEB,Female,4.19,Team 4
G-33,5100,Jacky Lau,SBS,Male,04.04,Team 4
G-33,1148,Rebecca Chen,CCEB,Female,04.02,Team 5
G-33,3594,Luna Zhao,CoB (NBS),Female,4.52,Team 5
G-33,2382,Aashir Khan,MSE,Male,04.08,Team 5
G-33,1134,Afreen Bukhari,NIE,Female,04.09,Team 5
G-33,4194,Jin Hui,EEE,Male,04.09,Team 5
G-33,1121,Milo Wong,CoB (NBS),Male,4,Team 6
G-33,2817,Lyndon Torres,MAE,Male,04.04,Team 6
G-33,3589,Fatima Reddy,WKW SCI,Female,4.52,Team 6
G-33,3842,Priti Singh,CCEB,Female,04.03,Team 6
G-33,4512,Hao Chen,CEE,Female,04.01,Team 6
G-33,4754,Yu Chen,CEE,Female,3.89,Team 7
G-33,4777,Amir Bin Jamal,EEE,Male,4.1,Team 7
G-33,645,Xinyi Lim,SBS,Female,4.15,Team 7
G-33,5069,Yuan Li,CCEB,Female,4.15,Team 7
G-33,1876,Jonas Li,CoB (NBS),Male,4.19,Team 7
G-33,2795,Rhea Verma,EEE,Female,04.01,Team 8
G-33,3161,Neela Kaur,CoB (NBS),Female,4.14,Team 8
G-33,125,Graham Yang,ADM,Male,04.03,Team 8
G-33,553,Lola Lee,SoH,Female,4.15,Team 8
G-33,1423,Nandan Yadav,CCDS,Male,4.2,Team 8
G-33,1059,Eleanor Scott,CCDS,Female,3.9,Team 9
G-33,781,Nur Fatima,NIE,Female,4.2,Team 9
G-33,3680,Lin Yi,SoH,Female,4.11,Team 9
G-33,1717,Chase Sanders,CEE,Male,4.15,Team 9
G-33,3777,Isaac Robinson,SSS,Male,04.02,Team 9
G-33,3537,Cora Foster,CoB (NBS),Female,04.01,Team 10
G-33,4555,Hana Yamada,SBS,Female,4.14,Team 10
G-33,2896,Edward Li,NIE,Male,04.03,Team 10
G-33,1552,Dylan Richardson,CCDS,Male,4.22,Team 10
G-33,2855,Maya Teo,SoH,Female,4.25,Team 10
G-34,2629,Fiona Garcia,CEE,Female,04.01,Team 1
G-34,429,Samuel Wang,CoB (NBS),Male,04.03,Team 1
G-34,2881,Cynthia Handayani,EEE,Female,04.05,Team 1
G-34,38,Liam Zhao,CoE,Male,04.04,Team 1
G-34,5412,Dewi Anjani,CCDS,Female,4.3,Team 1
G-34,232,Hafizah Binti Mohd,CCEB,Female,3.85,Team 2
G-34,4010,Lily Li,CoE,Female,04.08,Team 2
G-34,2860,Nathan Lee,NIE,Male,4.19,Team 2
G-34,2635,Jin Wei Tan,CCDS,Male,4.15,Team 2
G-34,4919,Ivy Yu,CoB (NBS),Female,4.19,Team 2
G-34,3154,Jessica Liu,CCEB,Female,04.01,Team 3
G-34,3659,Arjun Sharma,CCDS,Male,04.06,Team 3
G-34,2250,Gina Tam,WKW SCI,Female,3.91,Team 3
G-34,1396,Tina Li,SBS,Female,4.22,Team 3
G-34,1624,Aihua Li,SPMS,Male,4.2,Team 3
G-34,5364,Vanessa Lee,SPMS,Female,4.1,Team 4
G-34,2656,Siddharth Patel,CoB (NBS),Male,4.26,Team 4
G-34,2954,Rizwan Bin Mohd,EEE,Female,4.1,Team 4
G-34,4989,Ethan Clark,CCEB,Male,3.97,Team 4
G-34,1247,Dahlia Zhao,ADM,Female,04.06,Team 4
G-34,1345,Angela Lee,EEE,Female,4.14,Team 5
G-34,5046,Nanami Nakamura,WKW SCI,Female,4.12,Team 5
G-34,3086,Arnav Mehta,NIE,Male,3.88,Team 5
G-34,101,Hao Ren,CoE,Male,4.19,Team 5
G-34,1778,Nadia Sari,SBS,Female,4.15,Team 5
G-34,2153,Takashi Tanaka,SPMS,Male,3.97,Team 6
G-34,4368,Kaira Tan,SSS,Female,3.92,Team 6
G-34,739,Nash Clark,CEE,Male,04.08,Team 6
G-34,4000,Li Wei,CCDS,Female,4.17,Team 6
G-34,1907,Bruno Alonzo,EEE,Male,4.26,Team 6
G-34,722,Talia Wong,SSS,Female,3.91,Team 7
G-34,4967,Xiang Li,SoH,Male,4.17,Team 7
G-34,1992,Victoria Ross,MAE,Female,04.02,Team 7
G-34,5851,Li Qiang,CCEB,Male,4.14,Team 7
G-34,3582,Sakshi Bhatia,EEE,Female,4.26,Team 7
G-34,3875,Mei Lin,CCDS,Female,3.94,Team 8
G-34,4932,Nitesh Singh,NIE,Male,4.2,Team 8
G-34,3956,Asher Bell,ADM,Male,04.03,Team 8
G-34,5564,Owen Cox,SPMS,Male,4.14,Team 8
G-34,6,Ellie Stewart,CoB (NBS),Female,4.2,Team 8
G-34,864,Xiao Liu,ASE,Male,3.97,Team 9
G-34,4573,Ruba Khan,CEE,Female,4.12,Team 9
G-34,2003,Matthew Morgan,SPMS,Male,04.08,Team 9
G-34,1587,Aditi Reddy,CCEB,Female,4.17,Team 9
G-34,3048,Tama Prabowo,SBS,Male,4,Team 9
G-34,5444,Frankie Yip,NIE,Male,3.88,Team 10
G-34,2128,Rizwan Ahmad,CCDS,Male,04.02,Team 10
G-34,1069,Zhen Yang,EEE,Male,4.18,Team 10
G-34,4843,Emily Liang,ASE,Female,4.14,Team 10
G-34,2969,Zai Binti Mohd,SSS,Female,4.2,Team 10
G-35,3720,Shalini Gupta,CCDS,Female,4,Team 1
G-35,3002,Sana Iyer,CEE,Female,4.12,Team 1
G-35,5403,Isaac Robinson,CoB (NBS),Male,4.27,Team 1
G-35,1975,Bodhi Yang,CoE,Male,04.05,Team 1
G-35,3997,Mira Wong,EEE,Female,4.12,Team 1
G-35,1896,Eko Supriyanto,NIE,Male,04.09,Team 2
G-35,1917,Riya Joshi,CoB (NBS),Female,04.06,Team 2
G-35,1384,Zara Abbas,CCDS,Female,04.06,Team 2
G-35,4353,Zain Karim,EEE,Male,4.12,Team 2
G-35,4446,Elsa Binti Sulaiman,SSS,Female,4.3,Team 2
G-35,3650,Huang Lei,EEE,Male,4.17,Team 3
G-35,4826,Amira Khan,MAE,Female,04.08,Team 3
G-35,1676,Saba Qureshi,SoH,Female,4.11,Team 3
G-35,3353,Zhi Qi Tan,CoE,Male,4.19,Team 3
G-35,57,Ling Xu,CEE,Female,04.06,Team 3
G-35,940,Fangzhou,SoH,Female,4.2,Team 4
G-35,3069,Zhang Qiang,CCDS,Male,4.13,Team 4
G-35,1453,Taro Yamamoto,EEE,Male,4.15,Team 4
G-35,526,Nicole Li,SPMS,Female,4.14,Team 4
G-35,5086,Isla Lin,MSE,Female,3.95,Team 4
G-35,5124,Anika Patel,EEE,Female,3.85,Team 5
G-35,5301,Chao Xu,SoH,Male,04.06,Team 5
G-35,5772,Peishan,CCDS,Female,4.15,Team 5
G-35,1512,Yuan Feng,SBS,Male,4.18,Team 5
G-35,3507,Ika Binti Jamal,CCEB,Female,4.2,Team 5
G-35,467,Samantha Nguyen,MAE,Female,4.22,Team 6
G-35,4407,Shiming,ADM,Female,04.05,Team 6
G-35,360,Leo Tan,EEE,Male,4.12,Team 6
G-35,2222,Talha Ali,CoE,Male,04.02,Team 6
G-35,68,Minnie Zhang,SSS,Female,4.15,Team 6
G-35,2065,Katherine Diaz,ADM,Female,3.85,Team 7
G-35,5838,Thomas Lee,EEE,Male,4.19,Team 7
G-35,1388,Alina Tan,CCDS,Female,04.05,Team 7
G-35,1127,Carter Bell,MAE,Male,04.09,Team 7
G-35,404,Mei Ling,EEE,Female,4.2,Team 7
G-35,4604,Jianjun,EEE,Male,3.85,Team 8
G-35,3916,Luca Yang,CoE,Male,4.12,Team 8
G-35,1521,Miki Suzuki,SoH,Female,4.2,Team 8
G-35,3796,Zhonghua,SSS,Female,4.2,Team 8
G-35,2928,Alyssa Ong,CCDS,Female,4.12,Team 8
G-35,2912,Kieran Tan,CCDS,Male,04.03,Team 9
G-35,4445,Evelyn Wang,MAE,Female,4.1,Team 9
G-35,5467,Lily Wong,SBS,Female,4.14,Team 9
G-35,773,Tran Thi Phuong,EEE,Female,4.16,Team 9
G-35,504,Zeke Murphy,CoB (NBS),Male,4.14,Team 9
G-35,4521,Laurel Wu,CCEB,Female,4.22,Team 10
G-35,1029,Stella Lim,MAE,Female,04.06,Team 10
G-35,4053,Gemma Lee,SSS,Female,4,Team 10
G-35,5258,Noah Wong,CCDS,Male,4.15,Team 10
G-35,3711,Rohan Bhatt,SBS,Male,4.22,Team 10
G-36,5933,Azlan Bin Rahim,EEE,Male,3.9,Team 1
G-36,1705,Owen Mitchell,CCDS,Male,04.09,Team 1
G-36,3743,Aisha Noor,CCEB,Female,4.11,Team 1
G-36,1454,Shreyas Nair,SPMS,Male,4.12,Team 1
G-36,176,Susan Tan,MAE,Female,04.03,Team 1
G-36,1219,Addison Cook,CCDS,Female,4,Team 2
G-36,2279,Maya Yusof,MAE,Female,4.12,Team 2
G-36,653,Jasper Lim,CCEB,Male,04.02,Team 2
G-36,2620,Chunxiu,EEE,Male,4,Team 2
G-36,2176,Logan Kim,SPMS,Male,4.26,Team 2
G-36,5286,Dylan Nguyen,NIE,Male,04.04,Team 3
G-36,3712,Eliza Lin,CoB (NBS),Female,4.22,Team 3
G-36,4209,Olivia Moore,CCEB,Female,3.87,Team 3
G-36,2573,Benjamin Huang,SoH,Male,4.12,Team 3
G-36,4165,Alvin Young,EEE,Male,4.18,Team 3
G-36,5332,Ella Lee,CoB (NBS),Female,3.91,Team 4
G-36,4606,Xing Ying,EEE,Female,4.18,Team 4
G-36,2299,Nguyen Van Thanh,CCDS,Male,04.05,Team 4
G-36,5974,Adil Patel,SPMS,Male,4.15,Team 4
G-36,576,Marco Garcia,SSS,Male,4.1,Team 4
G-36,590,Erik Yang,SPMS,Male,04.01,Team 5
G-36,1780,Anna Yang,SoH,Female,3.94,Team 5
G-36,693,Yuki Nakamura,SBS,Female,04.03,Team 5
G-36,5756,Omar Peterson,CCDS,Male,4.12,Team 5
G-36,3451,Samuel Nelson,WKW SCI,Male,4.27,Team 5
G-36,2333,Robert Jones,EEE,Male,3.88,Team 6
G-36,1309,Benjamin Zhu,CoE,Male,4,Team 6
G-36,4246,Jae-Suk Jung,CCDS,Male,4.11,Team 6
G-36,1252,Lily Zhang,SSS,Female,4.25,Team 6
G-36,5549,Layla Hughes,CCEB,Female,4.11,Team 6
G-36,3761,Anisa Rahman,CoB (NBS),Female,3.95,Team 7
G-36,2042,Kevin Ross,SPMS,Male,04.09,Team 7
G-36,4805,Chris Evans,NIE,Male,04.08,Team 7
G-36,4493,Hannah Moore,CCDS,Female,4.21,Team 7
G-36,4748,Hassan Raza,CEE,Male,4.14,Team 7
G-36,916,Vikash Wang,EEE,Female,4,Team 8
G-36,2540,Arvind Nair,CCDS,Male,4.26,Team 8
G-36,2729,Ryder Brown,CCEB,Male,4.11,Team 8
G-36,4115,Rakesh Pillai,ADM,Male,3.86,Team 8
G-36,672,Angelina Chang,MAE,Female,04.07,Team 8
G-36,4109,Lila Chang,SBS,Female,3.9,Team 9
G-36,2552,Sanya Yadav,EEE,Female,4.12,Team 9
G-36,2832,Tama Prabowo,SPMS,Male,04.05,Team 9
G-36,3240,Bo Wen Lim,SoH,Male,04.05,Team 9
G-36,2021,Hugo Long,CoB (NBS),Male,4.26,Team 9
G-36,2864,Emily Lee,CCDS,Female,3.89,Team 10
G-36,4966,Oliver Cheng,SoH,Male,4.26,Team 10
G-36,3473,Leah Smith,MAE,Female,04.03,Team 10
G-36,2202,Carmen Lim,CoB (NBS),Female,4.15,Team 10
G-36,4305,Liam Davis,NIE,Male,4.12,Team 10
G-37,161,Min-Young Kim,LKCMedicine,Female,3.9,Team 1
G-37,3606,Evelyn Carter,MAE,Female,4.14,Team 1
G-37,4859,Jasper Wu,CoB (NBS),Male,04.09,Team 1
G-37,198,Cory Tan,CCDS,Male,4.1,Team 1
G-37,1662,Jin Wei,CCEB,Female,4.52,Team 1
G-37,4722,Benjamin Lee,CCDS,Male,4.1,Team 2
G-37,2372,Medi Prabowo,CoB (NBS),Male,04.05,Team 2
G-37,4170,Isabella Cheung,SBS,Female,04.04,Team 2
G-37,188,Sophie Zhao,MAE,Female,4.18,Team 2
G-37,3164,Sophia Johnson,CCEB,Female,4.52,Team 2
G-37,4220,Lily Liu,CoB (NBS),Female,4.22,Team 3
G-37,407,Kellan Baker,CCEB,Male,04.05,Team 3
G-37,5590,Victor Wong,EEE,Male,4,Team 3
G-37,4248,Megan Tsai,MSE,Female,4.18,Team 3
G-37,3494,Nora Tan,CoB (NBS),Female,4.15,Team 3
G-37,4960,Chengxian,MAE,Male,3.9,Team 4
G-37,3147,Tran Van Phuc,CCDS,Male,4.11,Team 4
G-37,2078,Amina Zainal,EEE,Female,4.23,Team 4
G-37,2561,Nita Yuliana,SBS,Female,4.1,Team 4
G-37,2689,Neha Yadav,CoB (NBS),Female,4.2,Team 4
G-37,637,Zara Binti Mohd,CoB (NBS),Female,3.9,Team 5
G-37,93,Sara Tan,SSS,Female,04.06,Team 5
G-37,2306,Cameron Tan,LKCMedicine,Male,4.11,Team 5
G-37,3855,Gordon Ho,MAE,Male,4.17,Team 5
G-37,3256,Asma Sheikh,CCEB,Female,4.2,Team 5
G-37,5799,Nisha Binti,MAE,Female,3.95,Team 6
G-37,193,Gavin Wu,ASE,Male,04.02,Team 6
G-37,4217,Ember Chen,CoB (NBS),Female,04.06,Team 6
G-37,294,Logan King,CEE,Male,3.9,Team 6
G-37,1502,Dante Ong,CoE,Male,4.97,Team 6
G-37,1282,Mia White,MAE,Female,4,Team 7
G-37,5209,Caleb Bennett,EEE,Male,04.03,Team 7
G-37,5092,Jin Xiu Lim,CoB (NBS),Male,4.15,Team 7
G-37,5869,Juliet Chen,SPMS,Female,4.19,Team 7
G-37,4235,Willa Ford,SSS,Female,04.09,Team 7
G-37,56,Bruno Alonzo,MAE,Male,4,Team 8
G-37,3870,Erin Zhang,CoB (NBS),Female,04.09,Team 8
G-37,1603,Amelia Clark,SSS,Female,4.17,Team 8
G-37,339,Wenkai,CCEB,Female,04.05,Team 8
G-37,2891,Rajesh Yadav,EEE,Male,4.22,Team 8
G-37,374,Bennett Yang,SPMS,Male,4.12,Team 9
G-37,1216,Vera Kim,CCEB,Female,04.02,Team 9
G-37,1820,Jasper Tan,SBS,Male,04.09,Team 9
G-37,1582,Kavita Iyer,SSS,Female,04.09,Team 9
G-37,3887,Alya Farisha,CoB (NBS),Female,4.22,Team 9
G-37,2375,Lisa Yang,EEE,Female,04.08,Team 10
G-37,326,Avery Lee,SBS,Male,04.03,Team 10
G-37,5879,Kavya Joshi,CoB (NBS),Female,04.09,Team 10
G-37,3631,Zac Johnson,WKW SCI,Male,4.19,Team 10
G-37,34,Theresa Tan,MSE,Female,4.3,Team 10
G-38,1611,Lina Zhang,CCEB,Female,04.05,Team 1
G-38,1240,Benson Huang,WKW SCI,Male,4.2,Team 1
G-38,5672,Fatima Binti,CoB (NBS),Female,3.85,Team 1
G-38,1805,Tanya Lim,CCDS,Female,4.14,Team 1
G-38,3373,Bhavesh Gandhi,ADM,Male,4.2,Team 1
G-38,3436,Lina Binti Omar,SPMS,Female,4,Team 2
G-38,4481,Nisha Kaur,MAE,Female,04.08,Team 2
G-38,4258,Pallavi Menon,SoH,Female,04.02,Team 2
G-38,3839,Hunter Moore,ASE,Male,04.03,Team 2
G-38,1760,Tristan Smith,CCDS,Male,4.52,Team 2
G-38,5285,Sana Rani,MAE,Female,3.91,Team 3
G-38,2623,Noah Alonzo,CoB (NBS),Male,4.19,Team 3
G-38,3965,Prisha Singh,NIE,Female,04.01,Team 3
G-38,3813,Simran Kaur,SPMS,Female,4.19,Team 3
G-38,3376,Andrew Wright,CCDS,Male,4.22,Team 3
G-38,1358,Zainab Rashid,CCDS,Female,04.06,Team 4
G-38,5471,Stepan Aleksandrov,NIE,Male,4.18,Team 4
G-38,508,Tiantian,CoB (NBS),Female,4.1,Team 4
G-38,3070,Layla Price,ADM,Female,4.15,Team 4
G-38,4638,Phan Duc Minh,MAE,Male,3.87,Team 4
G-38,1327,Neela Joshi,CoB (NBS),Female,3.97,Team 5
G-38,5499,Ikram Tan,SBS,Male,04.01,Team 5
G-38,4284,Ruby Chow,SSS,Female,04.03,Team 5
G-38,3294,Tingting,EEE,Female,4.15,Team 5
G-38,2672,Zhi Hao Lim,CCEB,Male,4.3,Team 5
G-38,2358,Kaito Saito,SBS,Male,3.89,Team 6
G-38,3493,Aoqin,CoB (NBS),Female,4.1,Team 6
G-38,1811,Marcus Chen,NIE,Male,04.06,Team 6
G-38,723,Dina Binti Omar,CoE,Female,4.25,Team 6
G-38,316,Zainab Bukhari,CCDS,Female,4.19,Team 6
G-38,4802,Sara Binti Kamar,CoB (NBS),Female,3.95,Team 7
G-38,2331,Ming Zhen Lim,CEE,Male,4.1,Team 7
G-38,570,Ulysses Ramos,CCDS,Male,4.21,Team 7
G-38,3922,Ruqaiya Ali,SoH,Female,4,Team 7
G-38,3321,Anis Binti Ahmad,CCEB,Female,4.1,Team 7
G-38,2608,Peyton James,CoB (NBS),Female,3.89,Team 8
G-38,4941,Vera Nikitina,SSS,Female,4.15,Team 8
G-38,2351,Li Wei,ADM,Male,04.05,Team 8
G-38,4776,Shivam Reddy,CCDS,Male,4.14,Team 8
G-38,1036,Sonia Irfan,CCEB,Female,4.2,Team 8
G-38,649,Xena Chan,MAE,Female,4.1,Team 9
G-38,4060,Misha Javed,CCEB,Female,4.15,Team 9
G-38,3742,Nora Binti Rahman,EEE,Female,3.8,Team 9
G-38,3760,Jett Chen,CoB (NBS),Male,4.16,Team 9
G-38,1307,Tanner Pineda,CCDS,Male,4.14,Team 9
G-38,2850,Yuna Sato,SBS,Female,3.89,Team 10
G-38,3597,Nina Singh,CoB (NBS),Female,4.2,Team 10
G-38,655,Rishi Reddy,NIE,Male,4.14,Team 10
G-38,1835,Prisha Tan,CCDS,Female,4.19,Team 10
G-38,396,Wyatt Price,CCEB,Male,04.03,Team 10
G-39,4114,Mia Thompson,CoB (NBS),Female,4.14,Team 1
G-39,52,Saanvi Kapoor,NIE,Female,3.87,Team 1
G-39,3392,Ethan Wilson,SPMS,Male,04.08,Team 1
G-39,3093,Aakash Kumar,ASE,Male,4.2,Team 1
G-39,1752,Shan Li,CCEB,Female,4.1,Team 1
G-39,4100,Ananya Sinha,MAE,Female,04.02,Team 2
G-39,5260,Aman Ali,CCDS,Male,4.14,Team 2
G-39,2310,Nicolas Brown,CoE,Male,04.09,Team 2
G-39,4304,Emilia Tsang,ADM,Female,4.14,Team 2
G-39,2811,Zainab Iqbal,CCEB,Female,4,Team 2
G-39,1487,Bingli,CCDS,Female,4,Team 3
G-39,1573,Ulysses Wong,MAE,Male,04.04,Team 3
G-39,3598,Jinlong,CoB (NBS),Male,4.1,Team 3
G-39,5759,Nancy Lee,NIE,Female,04.04,Team 3
G-39,2394,Emiko Takahashi,SSS,Female,4.26,Team 3
G-39,4784,Saswati Roy,SBS,Female,4,Team 4
G-39,218,Tran Thi Lan,CoB (NBS),Female,04.05,Team 4
G-39,5506,Anita Wong,WKW SCI,Female,4.1,Team 4
G-39,2523,Ariana Bennett,CCEB,Female,04.04,Team 4
G-39,4280,Quincy Turner,EEE,Male,4.22,Team 4
G-39,4185,Mukti Bin Ibrahim,CoE,Male,3.8,Team 5
G-39,2278,Matthew Scott,CoB (NBS),Male,4.16,Team 5
G-39,4724,Rani Kaur,SBS,Female,4.18,Team 5
G-39,3657,Zara Chen,SSS,Female,4.12,Team 5
G-39,4133,Pooja Bhatt,CCEB,Female,04.08,Team 5
G-39,60,Layla Tsai,CoB (NBS),Female,3.95,Team 6
G-39,5621,Hannah Wong,ASE,Female,04.08,Team 6
G-39,1070,Nadia Wong,SSS,Female,4.11,Team 6
G-39,5321,Noor Fatima,CCDS,Female,04.04,Team 6
G-39,3037,Michael Nelson,CCEB,Male,4.2,Team 6
G-39,2851,Kirk Lee,SSS,Male,4.1,Team 7
G-39,1853,Xue Ling Tan,EEE,Female,3.8,Team 7
G-39,4771,Vikram Seth,CEE,Male,4.13,Team 7
G-39,2186,Kiran Nadar,CoB (NBS),Female,4.1,Team 7
G-39,2634,Sariyah Binti Rahman,MAE,Female,4.2,Team 7
G-39,2502,Xiu Ying Tan,EEE,Female,4,Team 8
G-39,5823,Faye Wong,LKCMedicine,Female,4.11,Team 8
G-39,5789,Savannah Scott,SoH,Female,04.03,Team 8
G-39,687,Freddie Chan,SBS,Male,04.08,Team 8
G-39,1322,Liam Wong,CEE,Male,4.2,Team 8
G-39,4811,Zoe Perez,EEE,Female,3.9,Team 9
G-39,3642,Lily Wang,SSS,Female,04.05,Team 9
G-39,977,Elena Chen,MAE,Female,04.06,Team 9
G-39,1510,Alexander Black,ASE,Male,4.15,Team 9
G-39,3132,Griffin Yang,CoB (NBS),Male,4.18,Team 9
G-39,3232,Saifullah Malik,LKCMedicine,Male,04.04,Team 10
G-39,2497,Sofia Turner,SBS,Female,04.04,Team 10
G-39,5689,Victoria Kwan,WKW SCI,Female,4.14,Team 10
G-39,3319,Ella Harris,SSS,Female,4.18,Team 10
G-39,5597,Rohit Sharma,CoB (NBS),Male,04.03,Team 10
G-4,3371,Dapeng,CCEB,Female,3.95,Team 1
G-4,1535,Sofia Khan,CoB (NBS),Female,04.02,Team 1
G-4,3674,Xiaoping,CCDS,Female,4.1,Team 1
G-4,791,Arvind Rao,CEE,Male,4.15,Team 1
G-4,3949,Pooja Verma,MAE,Female,4.22,Team 1
G-4,3159,Rongwei,SSS,Female,3.95,Team 2
G-4,3500,Sania Bukhari,ASE,Female,04.04,Team 2
G-4,3431,Dylan Ward,CCEB,Male,4.15,Team 2
G-4,5979,Parvati Chatterjee,CoB (NBS),Female,04.09,Team 2
G-4,4700,Ruby Kwan,SBS,Female,4.16,Team 2
G-4,3073,Charles Robinson,WKW SCI,Male,4,Team 3
G-4,3831,Molly Chen,SSS,Female,04.03,Team 3
G-4,4163,Esther Lee,CoB (NBS),Female,4.12,Team 3
G-4,2107,Cathy Ng,MAE,Female,04.08,Team 3
G-4,1930,Gracie Scott,EEE,Female,4.22,Team 3
G-4,1734,Dmitry Orlov,CCDS,Male,3.9,Team 4
G-4,5568,Sophie Fox,LKCMedicine,Female,04.08,Team 4
G-4,1899,Charlotte Tsai,SBS,Female,4.14,Team 4
G-4,3925,Sophia Mitchell,CoB (NBS),Female,04.07,Team 4
G-4,2727,Kieran Ross,SoH,Male,4.18,Team 4
G-4,865,Meera Bansal,CoB (NBS),Female,3.97,Team 5
G-4,2391,Sanya Mehta,EEE,Female,04.02,Team 5
G-4,3236,Xiu Fen,CCDS,Female,4.11,Team 5
G-4,1302,Zachary Nelson,SoH,Male,4.12,Team 5
G-4,4046,Kiran Patel,CCEB,Male,4.17,Team 5
G-4,5625,Nora Pineda,MAE,Female,3.92,Team 6
G-4,4671,Juliati Wibowo,EEE,Female,4,Team 6
G-4,2775,Zainab Farooq,CCEB,Female,4.15,Team 6
G-4,4944,William Harris,SoH,Male,4.12,Team 6
G-4,1830,Fiona Yeo,WKW SCI,Female,4.21,Team 6
G-4,5450,Emilio Garcia,CoE,Male,04.03,Team 7
G-4,842,Santiago De Leon,SSS,Male,04.01,Team 7
G-4,2802,Nina Baker,ADM,Female,4.12,Team 7
G-4,67,Laura Tan,CCEB,Female,3.95,Team 7
G-4,1101,Nozomi Takahashi,CoB (NBS),Female,4.26,Team 7
G-4,2341,Elan Shah,CoE,Male,3.85,Team 8
G-4,430,Lan Huang,EEE,Female,04.05,Team 8
G-4,4605,Derek Yang,CCEB,Male,4.1,Team 8
G-4,5644,Fatimah Abdullah,CoB (NBS),Female,4.15,Team 8
G-4,1184,Aaliyah Morgan,MSE,Female,4.2,Team 8
G-4,1991,Emily Tan,CCDS,Female,04.03,Team 9
G-4,3155,Luca Wu,EEE,Male,04.02,Team 9
G-4,3498,Lina Tan,MAE,Female,4.11,Team 9
G-4,1619,Aiden Turner,CoB (NBS),Male,4,Team 9
G-4,5413,Nurul Hafiza,LKCMedicine,Female,4.2,Team 9
G-4,3600,Ming Li Tan,CCEB,Female,3.85,Team 10
G-4,2985,Elias Carter,CCDS,Male,4.14,Team 10
G-4,5401,David Hughes,EEE,Male,4.15,Team 10
G-4,345,Hana Tan,CoE,Female,04.09,Team 10
G-4,1162,Eryan,CoB (NBS),Female,4.2,Team 10
G-40,1105,Zora Villanueva,CoB (NBS),Female,4.11,Team 1
G-40,2789,Yuri Chekhov,EEE,Male,4.19,Team 1
G-40,3270,Elliot Bautista,SSS,Male,4.17,Team 1
G-40,3172,Akiko Suzuki,SoH,Female,4.14,Team 1
G-40,2577,Felicia Tan,CEE,Female,3.92,Team 1
G-40,1736,Aiyun,CoB (NBS),Female,4,Team 2
G-40,2992,Chandan Sharma,CCEB,Male,04.03,Team 2
G-40,5921,Hudson Walker,CCDS,Male,04.07,Team 2
G-40,2046,Emily Wu,CoE,Female,04.02,Team 2
G-40,2296,Tam Nguyen,MAE,Female,4.52,Team 2
G-40,3390,Fedor Baranov,CoE,Male,3.91,Team 3
G-40,2486,Finn Roberts,SoH,Male,4.12,Team 3
G-40,4282,Yasmin Binti Aziz,SBS,Female,4.1,Team 3
G-40,1595,Maya Chan,SPMS,Female,4.14,Team 3
G-40,4101,Saira Malik,CCDS,Female,4.12,Team 3
G-40,3691,Tian Zhang,CCDS,Male,4.14,Team 4
G-40,5745,Mukesh Kumar,MAE,Male,4.14,Team 4
G-40,4713,Maya Mohd,CCEB,Female,4.11,Team 4
G-40,5390,Elena Tan,SSS,Female,4.17,Team 4
G-40,222,Wani Binti Amin,CEE,Female,3.9,Team 4
G-40,5693,Sierra Murphy,EEE,Female,3.94,Team 5
G-40,1360,Claudia Kim,SBS,Female,04.04,Team 5
G-40,2083,Isaac Tan,WKW SCI,Male,04.05,Team 5
G-40,2943,Indira Das,CoB (NBS),Female,04.02,Team 5
G-40,618,Yun Ling Ng,MAE,Male,4.52,Team 5
G-40,4482,Karim Khan,MAE,Male,04.01,Team 6
G-40,2478,Stella Li,CCDS,Female,04.02,Team 6
G-40,109,Willow Chan,CoE,Female,3.93,Team 6
G-40,4810,Lola Li,SSS,Female,4.52,Team 6
G-40,1368,Isaac Hall,CEE,Male,4.13,Team 6
G-40,1523,Rita Lee,EEE,Female,04.03,Team 7
G-40,5174,Zara Adams,MAE,Female,04.02,Team 7
G-40,3087,Rizal Ramadhan,SoH,Male,4.25,Team 7
G-40,480,Ava Martinez,CCDS,Female,04.08,Team 7
G-40,155,Yogi Setiawan,ASE,Male,4.15,Team 7
G-40,5632,Daria Tan,EEE,Female,04.09,Team 8
G-40,3534,Elijah Turner,CoB (NBS),Male,4.25,Team 8
G-40,108,Jia Zhang,ADM,Female,3.9,Team 8
G-40,5870,Xavier Hall,SoH,Male,4.12,Team 8
G-40,1988,Tam Vo,CEE,Male,4.12,Team 8
G-40,1233,Saira Bukhari,CEE,Female,04.04,Team 9
G-40,3115,Ryan Lewis,EEE,Male,4.1,Team 9
G-40,5241,Duy Pham,CoE,Female,04.06,Team 9
G-40,3394,Jacob Parker,SoH,Male,04.01,Team 9
G-40,449,Tari Hapsari,CoB (NBS),Female,4.25,Team 9
G-40,208,Zhao Yu Tan,CEE,Male,3.9,Team 10
G-40,3146,Hua Mei,NIE,Female,04.04,Team 10
G-40,5874,Dinesh Rao,CCDS,Male,4.2,Team 10
G-40,1089,Harrison Mendoza,MAE,Male,4.15,Team 10
G-40,3348,Aiko Yoshikawa,CoB (NBS),Female,4.17,Team 10
G-41,3565,Riley Campbell,CoB (NBS),Female,3.89,Team 1
G-41,4885,Leah Wang,MAE,Female,04.03,Team 1
G-41,3962,Siddharth Rao,CCDS,Male,4.1,Team 1
G-41,2751,Desmond Tan,SBS,Male,4.21,Team 1
G-41,371,Samantha Murphy,SPMS,Female,4.26,Team 1
G-41,4848,Areeba Ahmad,CoB (NBS),Female,4.17,Team 2
G-41,3802,Shahid Waseem,CoE,Male,3.89,Team 2
G-41,2919,Anushka Singh,SSS,Female,04.05,Team 2
G-41,622,Ling Yu,CEE,Female,4.19,Team 2
G-41,2038,Tariq Bin Ali,ADM,Male,4.15,Team 2
G-41,1363,Xing Chen,MAE,Female,3.85,Team 3
G-41,1249,Rishabh Sharma,EEE,Male,4.19,Team 3
G-41,1954,Vinay Nair,CEE,Male,4.15,Team 3
G-41,3107,Caleb Lee,CCDS,Male,04.04,Team 3
G-41,147,Hilda Andayani,CoB (NBS),Female,4.2,Team 3
G-41,4979,Owen Tan,CoB (NBS),Male,3.88,Team 4
G-41,3010,Ananya Verma,EEE,Female,4.12,Team 4
G-41,499,Samuel Lin,CCDS,Male,4.12,Team 4
G-41,318,Samia Bukhari,LKCMedicine,Female,4.17,Team 4
G-41,3022,Rebecca Tan,MAE,Female,4.16,Team 4
G-41,1214,Riley Brown,EEE,Male,3.94,Team 5
G-41,2886,Elena Fedorova,SBS,Female,4.1,Team 5
G-41,1794,Xia Yan,CEE,Female,4.11,Team 5
G-41,3065,Daniel Alonzo,CoB (NBS),Male,4.14,Team 5
G-41,4545,Feng Gao,CCDS,Male,4.25,Team 5
G-41,970,Celeste Ong,CEE,Female,4,Team 6
G-41,1209,Farah Ali,CCDS,Female,04.01,Team 6
G-41,1604,Ryoji Yamamoto,EEE,Male,4.2,Team 6
G-41,3005,Jenna Lim,MAE,Female,4.15,Team 6
G-41,5716,Leo Flores,ASE,Male,4.14,Team 6
G-41,870,Khairul Bin Jamil,CCEB,Male,4.2,Team 7
G-41,278,Aarav Singh,MAE,Male,04.09,Team 7
G-41,5673,Xing Li,SSS,Female,04.03,Team 7
G-41,1995,Jaya Kapoor,CoB (NBS),Female,4.15,Team 7
G-41,313,Lina Zhao,SPMS,Female,4,Team 7
G-41,4242,Victor Leonov,SoH,Male,3.91,Team 8
G-41,5771,Priya Mehta,SBS,Female,4.14,Team 8
G-41,1429,Isha Rai,EEE,Female,4.11,Team 8
G-41,543,Hana Kim,CCDS,Female,4.26,Team 8
G-41,5877,Adeel Ahmed,CEE,Male,04.08,Team 8
G-41,2627,Lana Wang,EEE,Female,3.95,Team 9
G-41,2823,Riley Yang,LKCMedicine,Female,04.03,Team 9
G-41,4807,Yuna Lee,SoH,Female,4.1,Team 9
G-41,5873,Mason Garcia,CoE,Male,4.17,Team 9
G-41,1867,Vikram Nair,MAE,Male,4.25,Team 9
G-41,3660,Nikhil Joshi,CoB (NBS),Male,4.2,Team 10
G-41,5107,Jayden Richardson,SPMS,Male,04.04,Team 10
G-41,3487,Min-Seok Lee,CCEB,Male,4.12,Team 10
G-41,5112,Lily Roberts,MSE,Female,4.19,Team 10
G-41,4685,Phoebe Wang,CCDS,Female,3.95,Team 10
G-42,2005,Jin-Ho Park,CoB (NBS),Male,4.2,Team 1
G-42,5333,Dallas Liu,CCEB,Male,04.03,Team 1
G-42,2982,Brenda Yip,SoH,Female,3.88,Team 1
G-42,4117,Hina Ahmad,CCDS,Female,4.17,Team 1
G-42,1640,Gavin White,MSE,Male,04.06,Team 1
G-42,5316,Suresh Iyer,MAE,Male,3.88,Team 2
G-42,4050,Heng Yi Lim,CCDS,Male,4.2,Team 2
G-42,282,Tanvi Desai,MSE,Female,04.04,Team 2
G-42,2836,Rina Iyer,NIE,Female,04.08,Team 2
G-42,5172,Jasmine Putri,EEE,Female,4.3,Team 2
G-42,1476,Holly Morales,EEE,Female,4.19,Team 3
G-42,4306,Sienna Martinez,SoH,Female,04.01,Team 3
G-42,4418,Kevin Patel,CCDS,Male,3.9,Team 3
G-42,4785,Ryan Yang,CoB (NBS),Male,04.09,Team 3
G-42,1606,Sonali Singh,SSS,Female,4.27,Team 3
G-42,2237,Obi Prabowo,CoE,Male,4,Team 4
G-42,1691,Ling Hua,CCEB,Female,3.89,Team 4
G-42,782,Lola Lin,LKCMedicine,Female,4.23,Team 4
G-42,1588,Haruki Fujii,EEE,Male,4.18,Team 4
G-42,1745,Nai Li,CCDS,Male,4.19,Team 4
G-42,3131,Mackenzie Dela Cruz,SSS,Female,3.93,Team 5
G-42,3679,Grace King,EEE,Female,04.03,Team 5
G-42,963,Luca Walker,CCDS,Male,04.02,Team 5
G-42,1011,Dinesh Patil,SPMS,Male,4.11,Team 5
G-42,1312,Sophia Brown,CoB (NBS),Female,4.52,Team 5
G-42,5270,Darren Lee,MSE,Male,3.93,Team 6
G-42,376,Dante Hughes,ADM,Male,4.2,Team 6
G-42,5739,Riya Patil,EEE,Female,4.14,Team 6
G-42,2808,Nina Morales,CCEB,Female,4.15,Team 6
G-42,5438,Mikayla Lin,CCDS,Female,4.15,Team 6
G-42,1016,James Martinez,CoE,Male,4.22,Team 7
G-42,3482,Kiran Sethi,SoH,Male,4.11,Team 7
G-42,3936,Nisha Reddy,SPMS,Female,4.12,Team 7
G-42,4884,Sanya Sharma,EEE,Female,3.88,Team 7
G-42,587,Colton Zhao,CCDS,Male,04.01,Team 7
G-42,2626,Ian Alonzo,SSS,Male,4.52,Team 8
G-42,1421,Ali Salam,MAE,Male,04.02,Team 8
G-42,5180,Lina Agustina,EEE,Female,3.85,Team 8
G-42,5154,Ava Miller,MSE,Female,04.09,Team 8
G-42,3639,Sonia Mehta,CCDS,Female,4,Team 8
G-42,3857,Cheng Yu,CCDS,Male,4.2,Team 9
G-42,1925,Ivy Lim,EEE,Female,04.03,Team 9
G-42,1758,Laila Khan,SSS,Female,04.03,Team 9
G-42,5053,Mai Ngo,SBS,Female,04.01,Team 9
G-42,5592,Tristan King,SPMS,Male,4.19,Team 9
G-42,2482,Jacob Young,CCDS,Male,3.95,Team 10
G-42,4204,Koa Wu,ADM,Male,04.07,Team 10
G-42,3641,Victor Parker,MAE,Male,04.02,Team 10
G-42,1400,Chloe Young,SSS,Female,04.03,Team 10
G-42,1870,Anushka Reddy,EEE,Female,4.52,Team 10
G-43,3244,Evan Lewis,CCEB,Male,04.09,Team 1
G-43,5978,Da Huang,MSE,Female,4.15,Team 1
G-43,5812,Min Zhu,EEE,Female,4.1,Team 1
G-43,933,Danish Malik,CEE,Male,04.02,Team 1
G-43,133,Zhi Qi Tan,CCDS,Male,04.05,Team 1
G-43,3358,Isaac Green,ASE,Male,3.9,Team 2
G-43,4416,Sara Li,SPMS,Female,4.11,Team 2
G-43,1217,Xia Yu,CCDS,Female,4.1,Team 2
G-43,3461,Kayla Rivera,MSE,Female,4.11,Team 2
G-43,1737,Asim Hussain,SBS,Male,4.17,Team 2
G-43,2960,Kade Young,SoH,Male,3.92,Team 3
G-43,4824,Sophie Ong,CoB (NBS),Female,04.02,Team 3
G-43,105,Aditi Singh,MSE,Female,4.11,Team 3
G-43,3110,Nugroho Setyawan,MAE,Male,4.2,Team 3
G-43,4838,Nadeem Khan,CEE,Male,4.14,Team 3
G-43,5366,Kendra Zhao,EEE,Female,04.03,Team 4
G-43,5011,Shiv Kumar,MAE,Male,04.03,Team 4
G-43,4593,Ben Wong,CoE,Male,04.09,Team 4
G-43,1278,Liam Patel,CCDS,Male,04.03,Team 4
G-43,4138,Kanghao,CoB (NBS),Female,4.25,Team 4
G-43,1764,Ruiqi,MAE,Female,4,Team 5
G-43,5990,Kiran Tan,CEE,Female,04.05,Team 5
G-43,3403,Takumi Nakamura,CoB (NBS),Male,04.08,Team 5
G-43,5969,Ke Wang,CoE,Male,04.08,Team 5
G-43,2936,David Wright,CCDS,Male,4.22,Team 5
G-43,1724,Ava Brown,MAE,Female,4.14,Team 6
G-43,1961,Lana Wong,CCDS,Female,04.06,Team 6
G-43,573,Hao Zhi Lim,SoH,Male,4,Team 6
G-43,2106,Jaxon Martin,CoB (NBS),Male,04.06,Team 6
G-43,4271,Vincent King,ADM,Male,4.18,Team 6
G-43,3833,Jackson Yip,LKCMedicine,Male,04.02,Team 7
G-43,5780,Jin Xiu,SPMS,Male,04.03,Team 7
G-43,5476,Grace Campbell,CCDS,Female,4.1,Team 7
G-43,1981,Ada Tan,CoB (NBS),Female,4.2,Team 7
G-43,767,Taro Watanabe,WKW SCI,Male,04.02,Team 7
G-43,667,Zara Latif,CCDS,Female,04.06,Team 8
G-43,3173,Koh Wei,CCEB,Male,4,Team 8
G-43,5374,Deepak Kumar,CoE,Male,4.22,Team 8
G-43,3095,Pooja Bansal,CoB (NBS),Female,04.09,Team 8
G-43,2170,Rina Sharma,EEE,Female,04.02,Team 8
G-43,5784,Chandra Menon,SoH,Male,3.89,Team 9
G-43,5114,Amber Tan,NIE,Female,04.04,Team 9
G-43,5157,Isaiah Huang,CoE,Male,4.11,Team 9
G-43,4223,Hugo Cruz,CCDS,Male,4.14,Team 9
G-43,3385,Hui Mei,SSS,Female,4.2,Team 9
G-43,903,Kiran Gupta,SPMS,Male,04.01,Team 10
G-43,2252,Yasmin Rahmadani,ADM,Female,4.15,Team 10
G-43,2930,Khadija Waseem,EEE,Female,04.03,Team 10
G-43,5518,Gavin Ramirez,CCEB,Male,04.09,Team 10
G-43,2835,Gita Menon,NIE,Female,4.12,Team 10
G-44,1401,Kiran Lee,EEE,Female,3.95,Team 1
G-44,4634,Evelyn Lim,CoB (NBS),Female,4.12,Team 1
G-44,4872,Zoe Adams,SBS,Female,4.14,Team 1
G-44,1236,Isaac Koh,SoH,Male,4.15,Team 1
G-44,1816,Dorian Morales,CCDS,Male,4.15,Team 1
G-44,3824,Eli,MAE,Female,3.9,Team 2
G-44,4651,Aiko Fujimoto,CoB (NBS),Female,4.1,Team 2
G-44,140,Willa Howard,CCDS,Female,4.19,Team 2
G-44,5715,Wyatt Campbell,SPMS,Male,4.12,Team 2
G-44,3312,Milo Zhao,EEE,Male,4.2,Team 2
G-44,1548,Quincy Ong,SSS,Male,3.92,Team 3
G-44,391,Ava Kim,SBS,Female,4.2,Team 3
G-44,2477,Lillian Kelly,CoB (NBS),Female,4.15,Team 3
G-44,546,An Pham,SPMS,Female,4.12,Team 3
G-44,4541,Christian Peterson,MAE,Male,4.14,Team 3
G-44,1355,Rafael Mendoza,CoB (NBS),Male,4.15,Team 4
G-44,3789,Asher Wu,EEE,Male,3.92,Team 4
G-44,3040,Rinawati Rahim,CCDS,Male,04.02,Team 4
G-44,2247,Xia Li,SoH,Female,4.22,Team 4
G-44,1201,Valeria Ivanova,CoE,Female,4.19,Team 4
G-44,2923,Sanjay Verma,ADM,Male,4,Team 5
G-44,1539,Xue Liu,WKW SCI,Female,04.08,Team 5
G-44,5472,Aria Smith,CCEB,Female,4.12,Team 5
G-44,2525,Ming Zhao,MAE,Male,4.15,Team 5
G-44,2157,Mahesh Babu,EEE,Male,4.19,Team 5
G-44,3745,Matthew Wu,EEE,Male,04.01,Team 6
G-44,1802,Gabriel Diaz,SoH,Male,4.12,Team 6
G-44,1166,Zhihao Wang,LKCMedicine,Male,4.12,Team 6
G-44,5304,Anika Mehta,CCDS,Female,4.19,Team 6
G-44,4372,Una Ningsih,ADM,Female,04.05,Team 6
G-44,306,Elijah Wilson,CoE,Male,4.23,Team 7
G-44,5818,Zara Yang,CCDS,Female,4.12,Team 7
G-44,5513,Elena Wong,EEE,Female,4.12,Team 7
G-44,1894,Taojie,MAE,Male,04.05,Team 7
G-44,4846,Isaiah Cooper,CCEB,Male,04.02,Team 7
G-44,1337,Alina Iqbal,MAE,Female,4,Team 8
G-44,2036,Sadaf Iqbal,SBS,Female,04.05,Team 8
G-44,503,Tae-Woo Lee,CoB (NBS),Male,4.16,Team 8
G-44,2707,Nguyen Quoc Duy,SoH,Male,4.18,Team 8
G-44,3860,Patricia Lim,EEE,Female,04.09,Team 8
G-44,5709,Zeenat Awan,SBS,Female,3.93,Team 9
G-44,3801,Rehan Khan,ASE,Male,04.08,Team 9
G-44,4254,Oliver Lopez,EEE,Male,04.04,Team 9
G-44,3315,Ling Feng,CoE,Male,04.04,Team 9
G-44,2520,Aditi Joshi,MAE,Female,4.52,Team 9
G-44,30,Leo Wilson,MAE,Male,4.19,Team 10
G-44,5422,Suresh Kumar,ADM,Male,4.1,Team 10
G-44,702,Jin Xiu,SBS,Female,4.11,Team 10
G-44,4038,Chen Xiang,EEE,Male,4.2,Team 10
G-44,944,Nora Baker,CoB (NBS),Female,3.95,Team 10
G-45,908,Aliya Khan,EEE,Female,04.02,Team 1
G-45,2438,Ulysses Mitchell,WKW SCI,Male,04.06,Team 1
G-45,948,Elliot Lim,SSS,Male,3.89,Team 1
G-45,4745,Kang Wei Lim,CoB (NBS),Male,4.15,Team 1
G-45,2084,Bingqi,CCDS,Female,4.2,Team 1
G-45,1096,Neha Bhatia,SoH,Female,3.89,Team 2
G-45,3496,Maya Lim,EEE,Female,04.03,Team 2
G-45,5142,Ahmad Hassan,CCDS,Male,4.11,Team 2
G-45,3817,Theo Campbell,MAE,Male,4.12,Team 2
G-45,4178,Fikri Bin Ali,CoB (NBS),Male,4.15,Team 2
G-45,4071,Molly Pineda,SSS,Female,3.9,Team 3
G-45,2995,Charlie Wong,LKCMedicine,Male,04.05,Team 3
G-45,566,Kou Suzuki,CoB (NBS),Male,4.1,Team 3
G-45,599,Cahya Sari,MAE,Female,4.25,Team 3
G-45,1746,Ava Harris,CoB (NBS),Female,04.03,Team 3
G-45,1458,Rachael Tan,SSS,Female,3.7,Team 4
G-45,1699,Jesse Mendoza,ASE,Male,4.11,Team 4
G-45,2843,Abby Cooper,CoB (NBS),Female,4.18,Team 4
G-45,1051,Vince Wong,NIE,Male,04.07,Team 4
G-45,4609,Saanvi Rao,SBS,Female,4.12,Team 4
G-45,4956,Rahul Khanna,CoB (NBS),Male,3.88,Team 5
G-45,1766,Tu Le,EEE,Female,04.03,Team 5
G-45,2193,Charlotte Perez,SSS,Female,4.19,Team 5
G-45,4659,Anu Rao,MAE,Female,4.12,Team 5
G-45,4987,Tuan Le,SPMS,Male,04.01,Team 5
G-45,1376,Alina Shah,CoB (NBS),Female,3.88,Team 6
G-45,674,Leah Liu,MAE,Female,04.03,Team 6
G-45,2136,Erik Yudhi,SPMS,Male,04.05,Team 6
G-45,5942,Lincoln Yang,SBS,Male,4.19,Team 6
G-45,3620,Hana Nishida,CCEB,Female,4.12,Team 6
G-45,4328,Nguyen Thi Kim,EEE,Female,3.88,Team 7
G-45,4389,Sarah Taylor,LKCMedicine,Female,4.15,Team 7
G-45,950,Luka Brown,CoB (NBS),Male,4.12,Team 7
G-45,4878,Nurul Huda,CCDS,Female,4.2,Team 7
G-45,4727,Kartik Subramanian,CCEB,Male,3.95,Team 7
G-45,1352,Sidharth Malhotra,SPMS,Male,4,Team 8
G-45,5954,Beatrice Kwan,CCDS,Female,04.02,Team 8
G-45,2262,Wei Zhang,CCEB,Male,04.03,Team 8
G-45,5701,Charlotte Moore,ASE,Female,04.06,Team 8
G-45,4168,Kavita Gupta,CoB (NBS),Female,4.22,Team 8
G-45,421,Lacey Tsai,CoB (NBS),Female,04.09,Team 9
G-45,5837,Yun Cheng,EEE,Male,04.04,Team 9
G-45,5215,Winston Santos,CCDS,Male,04.02,Team 9
G-45,2684,Isabella Tan,SPMS,Female,04.05,Team 9
G-45,5516,Gianna Kim,CCEB,Female,4.26,Team 9
G-45,64,Ava Carter,CCEB,Female,3.97,Team 10
G-45,1153,Coco Tan,CoB (NBS),Female,4.14,Team 10
G-45,2747,Mara Dela Cruz,CCDS,Female,04.05,Team 10
G-45,1257,Winston Wong,SBS,Male,4.19,Team 10
G-45,2661,Aiden Tan,CEE,Male,4.12,Team 10
G-46,5811,Isabella Wright,CoB (NBS),Female,3.9,Team 1
G-46,1594,Wenyi,CEE,Male,4,Team 1
G-46,442,Fiona Lim,SPMS,Female,4.1,Team 1
G-46,243,Elijah Scott,MAE,Male,4.11,Team 1
G-46,3199,Shreya Choudhury,EEE,Female,4.27,Team 1
G-46,1868,Harrison Chen,SPMS,Male,3.88,Team 2
G-46,4371,Ashley Thompson,EEE,Female,3.91,Team 2
G-46,307,Josh Tan,SSS,Male,3.9,Team 2
G-46,4982,Ella Davis,CCDS,Female,3.89,Team 2
G-46,5735,Nadia Binti Zain,LKCMedicine,Male,4.97,Team 2
G-46,834,Wyatt Johnson,CCEB,Male,3.85,Team 3
G-46,3850,Shila Binti Zain,CoB (NBS),Female,4,Team 3
G-46,1518,Penny Yip,MAE,Female,04.09,Team 3
G-46,994,Haruna Ito,CCDS,Female,4.14,Team 3
G-46,4529,Zane Huang,SoH,Male,4.14,Team 3
G-46,3250,Dmitry Grigoriev,EEE,Male,04.06,Team 4
G-46,4409,Rakesh Nair,SBS,Male,3.9,Team 4
G-46,5336,Isha Rao,SSS,Female,4.12,Team 4
G-46,3279,Elizaveta Semyonova,CoB (NBS),Female,3.9,Team 4
G-46,3564,Kiran Sharma,CEE,Male,4.22,Team 4
G-46,1283,Sakshi Gupta,SSS,Female,3.87,Team 5
G-46,351,Sophie Johnson,CoB (NBS),Female,04.01,Team 5
G-46,3323,Tian Li,ADM,Male,04.03,Team 5
G-46,4151,Madiha Bukhari,CCEB,Female,4.14,Team 5
G-46,4228,Quincy Turner,MAE,Male,4.21,Team 5
G-46,2290,Wyatt Ward,NIE,Male,04.07,Team 6
G-46,1597,Minghao,EEE,Male,04.02,Team 6
G-46,1297,Sabrina Chen,MAE,Female,04.03,Team 6
G-46,1080,Rania Sulaiman,CCDS,Female,4.12,Team 6
G-46,1549,Mabel Tsai,SBS,Female,04.02,Team 6
G-46,825,Leah Wong,CEE,Female,3.86,Team 7
G-46,160,Dante Huang,NIE,Male,04.09,Team 7
G-46,5963,Rachael Chang,SBS,Female,4.14,Team 7
G-46,2174,Owais Javed,CCDS,Male,04.05,Team 7
G-46,5975,Nikita Alexeyev,CoB (NBS),Male,4.17,Team 7
G-46,2421,Pallavi Jain,MSE,Female,3.85,Team 8
G-46,2617,Kwan-Jin Park,CoE,Male,4.12,Team 8
G-46,4636,Daniel Hall,CoB (NBS),Male,04.01,Team 8
G-46,5437,Dina Binti Azhar,SBS,Female,4.1,Team 8
G-46,3092,Beckett Lee,CCEB,Male,04.09,Team 8
G-46,3421,Lianhua,CoB (NBS),Male,3.9,Team 9
G-46,5543,Dahlia Li,SBS,Female,4.15,Team 9
G-46,3663,Cora Tsai,ADM,Female,3.96,Team 9
G-46,4162,Yong Wei Tan,WKW SCI,Male,04.05,Team 9
G-46,4702,Leonard Wong,CCDS,Male,4.2,Team 9
G-46,3969,Nash Lee,CEE,Male,04.02,Team 10
G-46,4683,Shunwei,CCEB,Female,3.95,Team 10
G-46,3911,Lila Hayes,ADM,Female,04.06,Team 10
G-46,3640,James Griffin,SoH,Male,04.06,Team 10
G-46,5087,Zeeshan Muneeb,CoB (NBS),Male,4.2,Team 10
G-47,5005,Julian Bennett,SoH,Male,4.11,Team 1
G-47,3724,Nguyen Van Khoa,CCDS,Male,04.01,Team 1
G-47,914,Priti Yeo,WKW SCI,Female,3.93,Team 1
G-47,2592,Lily Rivera,SSS,Female,4.13,Team 1
G-47,5267,Finn Liu,CoE,Male,4.15,Team 1
G-47,4524,Lily Gonzalez,CoB (NBS),Female,3.92,Team 2
G-47,5872,James Lewis,CoE,Male,3.95,Team 2
G-47,2487,Madison Baker,EEE,Female,4.22,Team 2
G-47,517,Willa Reed,SBS,Female,4.1,Team 2
G-47,91,Exiang,SSS,Male,4.17,Team 2
G-47,2357,Emily Powell,SSS,Female,3.85,Team 3
G-47,4523,Madiha Khan,MAE,Female,4.14,Team 3
G-47,2118,Oscar Harris,SPMS,Male,3.95,Team 3
G-47,5246,Jae Min Lim,CEE,Male,4.15,Team 3
G-47,1504,Jett Liu,EEE,Male,4.19,Team 3
G-47,4900,Maddox Hughes,CCDS,Female,04.08,Team 4
G-47,2227,Parker Cruz,MAE,Male,4.1,Team 4
G-47,4442,Kamal Nair,ASE,Male,04.06,Team 4
G-47,1681,Samuel White,WKW SCI,Male,3.91,Team 4
G-47,3773,Zeenat Malik,CoE,Female,4.18,Team 4
G-47,810,Tarun Khanna,EEE,Male,04.02,Team 5
G-47,1275,Tanner Mendoza,MAE,Male,4.1,Team 5
G-47,2467,Nora Turner,SPMS,Female,04.03,Team 5
G-47,5156,Sophia Wilson,CCDS,Female,3.9,Team 5
G-47,4413,Sakura Tanaka,CCEB,Female,4.2,Team 5
G-47,5057,Violet Simpson,SSS,Female,04.01,Team 6
G-47,2893,Eleanor Morales,CoB (NBS),Female,04.03,Team 6
G-47,5903,Scarlett Coleman,ADM,Female,4.1,Team 6
G-47,5359,Chris Young,CCDS,Male,3.91,Team 6
G-47,2100,David Wright,CoE,Male,4.22,Team 6
G-47,2476,Zainab Ali,ASE,Female,04.03,Team 7
G-47,2543,Chloe Ward,CCEB,Female,04.02,Team 7
G-47,1687,Yoshio Suzuki,CoB (NBS),Male,3.88,Team 7
G-47,1399,Rajiv Singh,MAE,Male,4.14,Team 7
G-47,896,Fenny Widianti,EEE,Female,4.2,Team 7
G-47,4804,Ethan Hall,CCEB,Male,04.03,Team 8
G-47,3286,Si Min Tan,ADM,Female,4,Team 8
G-47,3601,Noel Wu,NIE,Male,04.05,Team 8
G-47,2274,Sienna Allen,MAE,Female,4.22,Team 8
G-47,5646,Leila Rahman,SSS,Female,04.01,Team 8
G-47,4831,Subhash Yadav,CCEB,Male,04.05,Team 9
G-47,5594,Naina Bhatia,CoE,Female,04.02,Team 9
G-47,770,Kiran Yadav,CoB (NBS),Male,3.91,Team 9
G-47,5460,Vivian Chen,CCDS,Female,4.12,Team 9
G-47,5184,Kishore Iyer,MAE,Male,4.15,Team 9
G-47,3866,Zeke Villanueva,CCDS,Male,3.86,Team 10
G-47,528,Rani Malik,SBS,Female,4.11,Team 10
G-47,4985,Sienna Morales,EEE,Female,4,Team 10
G-47,713,Gina Permata,SoH,Female,4.15,Team 10
G-47,3082,Nazim Bin Ali,SPMS,Male,4.15,Team 10
G-48,1372,Naila Zainal,SBS,Female,3.9,Team 1
G-48,4990,Harrison Moore,MAE,Male,4.15,Team 1
G-48,3549,Alya Dwi,EEE,Female,4.1,Team 1
G-48,5930,Hannah King,SSS,Female,4.14,Team 1
G-48,2645,Logan Scott,CoB (NBS),Male,4.22,Team 1
G-48,4102,Veda Chen,CoB (NBS),Female,3.96,Team 2
G-48,2323,Oscar Cheung,CEE,Male,4.11,Team 2
G-48,5977,Emma Zhang,CCEB,Female,4.1,Team 2
G-48,1598,Yin Wei,CCDS,Male,4.18,Team 2
G-48,3117,Zeus Yang,ADM,Male,4.15,Team 2
G-48,324,Khadija Ali,CoB (NBS),Female,04.01,Team 3
G-48,5035,Yara Ali,CoB (NBS),Female,04.04,Team 3
G-48,1064,Guntur Wibowo,CCDS,Male,4.2,Team 3
G-48,1776,Quinn Adams,ASE,Male,4.14,Team 3
G-48,1850,Wyatt Tan,MAE,Male,4.18,Team 3
G-48,5937,Mei Zhen Goh,LKCMedicine,Female,4,Team 4
G-48,42,Harper Garcia,CoB (NBS),Female,04.05,Team 4
G-48,4539,Maya Lee,CCEB,Female,04.09,Team 4
G-48,3422,Dante Lee,ADM,Male,04.08,Team 4
G-48,1157,Li Xuan Tan,MAE,Male,4.3,Team 4
G-48,501,Jasmine Chan,SSS,Female,4,Team 5
G-48,3103,Isaac Clark,EEE,Male,04.07,Team 5
G-48,3920,Wren Flores,CCDS,Female,4.12,Team 5
G-48,3419,Caleb White,CoB (NBS),Male,4.16,Team 5
G-48,532,Siddharth Gupta,MAE,Male,4.22,Team 5
G-48,5613,Aldina Putri,SoH,Female,4,Team 6
G-48,1378,Timothy Tan,SBS,Male,3.95,Team 6
G-48,2116,James Wong,CCDS,Male,4.1,Team 6
G-48,774,Kade Young,CEE,Male,04.05,Team 6
G-48,5351,Aira Binti,CCEB,Female,4.79,Team 6
G-48,777,Freya Brown,CCEB,Female,4.11,Team 7
G-48,2757,Liam Young,MAE,Male,4.11,Team 7
G-48,3602,Victor Wong,LKCMedicine,Male,04.04,Team 7
G-48,2371,Ava Lim,NIE,Female,4.2,Team 7
G-48,4644,Naresh Yadav,CoB (NBS),Male,4.12,Team 7
G-48,4470,Greg Tsang,EEE,Male,04.02,Team 8
G-48,1193,Neha Kumar,MAE,Female,04.02,Team 8
G-48,2287,Soo-Hyun Kim,CCEB,Female,4.13,Team 8
G-48,1842,Destiny Li,CoB (NBS),Female,4.19,Team 8
G-48,1195,Asher Liu,MSE,Male,4.22,Team 8
G-48,4273,Callum Williams,NIE,Male,3.87,Team 9
G-48,98,Aisha Chen,CCEB,Female,04.08,Team 9
G-48,5287,Nadia Tan,CoB (NBS),Female,4.25,Team 9
G-48,5373,Huifen,EEE,Male,4.2,Team 9
G-48,5738,Amber Lee,MAE,Female,4.14,Team 9
G-48,5674,Gavin Thompson,EEE,Male,3.9,Team 10
G-48,5542,Zayden Scott,CCDS,Male,04.03,Team 10
G-48,3019,Qomariyah Ningsih,MSE,Female,4.3,Team 10
G-48,1432,Nitin Mehta,CoB (NBS),Male,4.14,Team 10
G-48,3126,Emma Rodriguez,CCEB,Female,4.15,Team 10
G-49,4326,Robert Davis,CoB (NBS),Male,4.21,Team 1
G-49,4767,Bella Lin,EEE,Female,04.03,Team 1
G-49,3425,Nina Kaur,CoB (NBS),Female,04.04,Team 1
G-49,5585,Leonardo Wu,SBS,Male,4.2,Team 1
G-49,4850,Rizqi Bin Mohd,MAE,Female,04.05,Team 1
G-49,1373,Neha Desai,SSS,Female,04.03,Team 2
G-49,545,Arvind Sharma,CEE,Male,04.03,Team 2
G-49,3142,Aida Binti Omar,MAE,Female,04.05,Team 2
G-49,25,Panshi,CoB (NBS),Female,04.05,Team 2
G-49,1815,David Simmons,ADM,Male,4.3,Team 2
G-49,4536,Olivia Tam,CEE,Female,04.04,Team 3
G-49,3767,Rachel Tan,LKCMedicine,Female,04.01,Team 3
G-49,1656,Riya Sinha,CoB (NBS),Female,04.02,Team 3
G-49,1733,Lucas Huang,CCDS,Male,4.12,Team 3
G-49,260,Manish Singh,EEE,Male,4.26,Team 3
G-49,5344,Wei Jie,NIE,Male,3.9,Team 4
G-49,3515,Liam Davis,CoB (NBS),Female,04.09,Team 4
G-49,1190,Bella Wright,EEE,Female,4.2,Team 4
G-49,4708,Zayn Malik,CEE,Male,04.08,Team 4
G-49,2055,Ethan Ramirez,CCDS,Male,4.11,Team 4
G-49,1006,Nadia Khan,EEE,Female,3.91,Team 5
G-49,1340,Tina Wei,SBS,Female,4.11,Team 5
G-49,4068,Arif Waseem,CCDS,Male,04.08,Team 5
G-49,1119,Kong Jian,CoB (NBS),Male,4.1,Team 5
G-49,1065,Mia Johnson,SSS,Female,4.25,Team 5
G-49,4666,Pranav Nair,EEE,Male,3.89,Team 6
G-49,5881,Vani Patil,MAE,Female,4.12,Team 6
G-49,5129,Mason Jackson,CEE,Male,04.09,Team 6
G-49,2587,Shalini Patel,CoB (NBS),Female,4.14,Team 6
G-49,1325,Leah Li,MSE,Female,4.15,Team 6
G-49,3744,Chester Lim,EEE,Male,4,Team 7
G-49,5777,Jia Yu,MAE,Female,04.02,Team 7
G-49,335,Lydia Lim,CCEB,Female,4.15,Team 7
G-49,2546,Ilya Petrovich,CoE,Male,4.11,Team 7
G-49,4382,Elaine Lim,CCDS,Female,04.08,Team 7
G-49,5546,Molly Tan,SSS,Female,04.05,Team 8
G-49,5130,Nina Wu,CCEB,Female,04.05,Team 8
G-49,559,Natsuki Sakamoto,CoB (NBS),Female,04.01,Team 8
G-49,2366,Noble Huang,EEE,Male,3.93,Team 8
G-49,3044,Owen Villanueva,CCDS,Male,4.22,Team 8
G-49,5428,Serena Lee,ASE,Female,3.85,Team 9
G-49,883,Vladimir Sergeyev,CoB (NBS),Male,4.12,Team 9
G-49,5361,Rocco Wu,CoE,Male,4.14,Team 9
G-49,5149,Rabia Iqbal,MAE,Female,4.1,Team 9
G-49,1253,Sami Ali,CCDS,Female,4.17,Team 9
G-49,1615,Nina Ong,CoB (NBS),Female,3.93,Team 10
G-49,1697,Fanny Tan,CCDS,Female,4.1,Team 10
G-49,3299,Levi Edwards,SoH,Male,04.05,Team 10
G-49,4947,Marwan Bin Ali,WKW SCI,Male,4.1,Team 10
G-49,4622,Kanika Verma,SBS,Female,4.26,Team 10
G-5,3341,Olive Li,CCDS,Female,04.01,Team 1
G-5,3798,Hassan Bin Yusof,CoB (NBS),Male,4,Team 1
G-5,4015,Priya Rao,LKCMedicine,Female,3.95,Team 1
G-5,1952,Riya Ali,EEE,Female,4.15,Team 1
G-5,1018,Aria Morales,CCEB,Female,4.26,Team 1
G-5,938,Ryan Hall,CoB (NBS),Male,3.88,Team 2
G-5,1976,Christopher Harris,NIE,Male,04.05,Team 2
G-5,2028,Harlow Diaz,EEE,Female,4.12,Team 2
G-5,5788,Samantha Taylor,CoE,Female,4.16,Team 2
G-5,385,Rhea Joshi,SPMS,Female,4.2,Team 2
G-5,2025,Xue Rui,CoB (NBS),Female,3.8,Team 3
G-5,2825,Tatiana Morozova,SoH,Female,4.11,Team 3
G-5,1336,Wendy Wong,CCDS,Female,4.18,Team 3
G-5,4766,Dylan Kim,CoB (NBS),Male,4.16,Team 3
G-5,4333,Anthony Parker,MSE,Male,4.1,Team 3
G-5,3226,Aarav Patel,ASE,Male,3.9,Team 4
G-5,1048,Imogen Butler,SPMS,Female,4.14,Team 4
G-5,5026,Jamal Bin Rahman,EEE,Male,4.1,Team 4
G-5,2383,Rebecca Lee,CCDS,Female,04.05,Team 4
G-5,4472,Ying Chen,CoB (NBS),Female,4.22,Team 4
G-5,2961,Danying,SBS,Female,04.05,Team 5
G-5,5290,Tanya Qureshi,MSE,Female,3.95,Team 5
G-5,2316,Exiang,EEE,Male,3.95,Team 5
G-5,5044,Shu Zhang,CoB (NBS),Female,04.01,Team 5
G-5,5458,Tian Gao,CCDS,Male,4.48,Team 5
G-5,2171,Gavin Carter,WKW SCI,Male,3.94,Team 6
G-5,3231,Xiaofang,CCDS,Female,4.15,Team 6
G-5,4569,Rina Sato,MSE,Female,4.19,Team 6
G-5,614,Naomi Tanaka,EEE,Female,3.9,Team 6
G-5,5445,Samuel Huang,CoB (NBS),Male,4.19,Team 6
G-5,1387,Elijah Clark,WKW SCI,Male,04.04,Team 7
G-5,5912,Dorian Wu,MAE,Male,4.14,Team 7
G-5,975,Anushka Desai,ADM,Female,3.96,Team 7
G-5,1922,Ananya Choudhury,CCEB,Female,04.03,Team 7
G-5,564,Qi Wang,CoB (NBS),Female,4.25,Team 7
G-5,999,Marcus Turner,CoE,Male,3.88,Team 8
G-5,776,Suhana Roy,CoB (NBS),Female,4.2,Team 8
G-5,4931,Lucas White,SPMS,Male,04.06,Team 8
G-5,554,Sophie Zhou,EEE,Female,4.11,Team 8
G-5,192,Layla Chen,SSS,Female,4.21,Team 8
G-5,3227,Savannah Hayes,EEE,Female,3.9,Team 9
G-5,1674,Liam Reyes,CCDS,Male,4.14,Team 9
G-5,5047,Victoria Ward,MAE,Female,4,Team 9
G-5,1246,Yue Zhang,SSS,Female,04.07,Team 9
G-5,2801,Dorian Wu,SPMS,Male,4.22,Team 9
G-5,5755,Katherine Lim,CCDS,Female,3.88,Team 10
G-5,2309,Dmitri Andreev,EEE,Male,04.03,Team 10
G-5,5732,Michelle Kwan,SSS,Female,4.18,Team 10
G-5,1784,Nadia Chai,CCEB,Female,04.03,Team 10
G-5,5658,Nisha Tan,CoB (NBS),Female,4.21,Team 10
G-50,4918,Emma Brown,NIE,Female,04.02,Team 1
G-50,3526,Levi Tan,CCDS,Male,3.92,Team 1
G-50,5718,Jonathan Ramirez,CoB (NBS),Male,4.18,Team 1
G-50,928,Arjun Bansal,EEE,Male,4.17,Team 1
G-50,1113,Sophia Zhang,SoH,Female,4.19,Team 1
G-50,5108,Gavin Adams,EEE,Male,04.01,Team 2
G-50,5899,Kirti Sharma,CoB (NBS),Female,04.02,Team 2
G-50,1150,Qori Cahyani,CCEB,Female,4.15,Team 2
G-50,3324,Nikhil Bansal,SoH,Male,4.17,Team 2
G-50,2933,Syed Faris Bin Ali,ADM,Male,4.3,Team 2
G-50,2207,Liam Johnson,NIE,Male,4.14,Team 3
G-50,1679,Freya Murphy,EEE,Female,04.02,Team 3
G-50,2959,Gavin Wright,CCDS,Male,04.04,Team 3
G-50,5382,Arun Nair,LKCMedicine,Male,4.16,Team 3
G-50,2869,Natasha Singh,CCEB,Female,4.2,Team 3
G-50,2827,Santhosh Menon,CEE,Male,4,Team 4
G-50,5682,Leo Chan,EEE,Male,04.04,Team 4
G-50,1306,Amy Yeo,SSS,Female,3.85,Team 4
G-50,2576,Tanisha Reddy,NIE,Female,04.01,Team 4
G-50,1783,Ciara Lim,CCDS,Female,4.79,Team 4
G-50,1998,Owen Wang,CCDS,Male,4.12,Team 5
G-50,1331,Siti Khadijah,MSE,Female,04.01,Team 5
G-50,2657,Widi Hardiyanto,SoH,Male,04.05,Team 5
G-50,1513,Haibin Zhao,CEE,Male,04.06,Team 5
G-50,4833,Ayu Dwi,EEE,Female,4.3,Team 5
G-50,1522,Lana Garcia,CoB (NBS),Female,4.14,Team 6
G-50,4298,Cheng Yi,SoH,Male,4.12,Team 6
G-50,3210,Hannah Jenkins,SSS,Female,04.02,Team 6
G-50,1990,Peter Lee,EEE,Male,4.11,Team 6
G-50,4312,Daryl Lee,CCDS,Male,4.17,Team 6
G-50,3790,Sophia Liu,CCDS,Female,4,Team 7
G-50,3979,Deepti Sharma,LKCMedicine,Female,04.05,Team 7
G-50,3310,Derek Lee,SoH,Male,4.12,Team 7
G-50,3815,Hafiz Bin Abdul,EEE,Male,4.2,Team 7
G-50,1092,Kiran Reddy,WKW SCI,Male,4.19,Team 7
G-50,5688,Fatimah Binti Ahmad,SoH,Female,3.75,Team 8
G-50,2683,Karan Nair,CEE,Male,4.17,Team 8
G-50,562,Hua Ling,CCDS,Female,04.09,Team 8
G-50,2882,Zhen Zhou,CoB (NBS),Male,4.15,Team 8
G-50,1864,Nolan Reyes,SSS,Male,4.16,Team 8
G-50,1826,Wiley Huang,CEE,Male,04.05,Team 9
G-50,871,Layla Baker,SSS,Female,4,Team 9
G-50,398,Asad Malik,EEE,Male,4.11,Team 9
G-50,1323,May Li,CCDS,Female,4.15,Team 9
G-50,186,Rhea Nair,SoH,Female,4.19,Team 9
G-50,53,Bria Ong,MAE,Female,4.14,Team 10
G-50,1503,Benjamin White,EEE,Male,04.06,Team 10
G-50,5526,Anjali Verma,CEE,Female,4.14,Team 10
G-50,2957,Bingwen,CCDS,Female,04.05,Team 10
G-50,1966,Jay Lim,CCEB,Male,4.21,Team 10
G-51,860,Bella Evans,CCEB,Female,4.19,Team 1
G-51,804,Min Xu,EEE,Female,4.12,Team 1
G-51,2178,Samuel Ng,CCDS,Male,04.04,Team 1
G-51,2458,Emilia Tan,MAE,Female,4.18,Team 1
G-51,2457,Arvind Menon,CoB (NBS),Male,3.95,Team 1
G-51,1142,Saad Khan,MAE,Male,4,Team 2
G-51,2245,Olivia Harris,ASE,Female,04.02,Team 2
G-51,2968,Jasmine Tan,SSS,Female,04.06,Team 2
G-51,2190,Gavin Harris,EEE,Male,4.15,Team 2
G-51,1068,Gina Alvarado,CCEB,Female,4.19,Team 2
G-51,3034,Ivan Novikov,CoB (NBS),Male,4,Team 3
G-51,5492,Shazia Ahmed,CCEB,Female,04.03,Team 3
G-51,4715,Jett Li,SSS,Male,3.87,Team 3
G-51,5357,Sneha Menon,EEE,Female,4.15,Team 3
G-51,2198,Yongqiang,SoH,Female,4.73,Team 3
G-51,3878,Amelia Martin,CCEB,Female,3.86,Team 4
G-51,479,Dustin Yang,CoE,Male,04.01,Team 4
G-51,5433,Victor Liu,EEE,Male,4.52,Team 4
G-51,228,Kenzie Tsai,SSS,Female,3.89,Team 4
G-51,1798,Kim Lee,CEE,Female,4.14,Team 4
G-51,2993,Ming Yi Tan,SoH,Female,4,Team 5
G-51,5836,Prakash Menon,EEE,Male,3.96,Team 5
G-51,2197,Serena Liu,CoB (NBS),Female,04.09,Team 5
G-51,61,Heath Cruz,EEE,Male,4.18,Team 5
G-51,4663,Vera Chen,CCEB,Female,4.19,Team 5
G-51,3017,Jaxon Thomas,CEE,Male,04.04,Team 6
G-51,2199,Neha Mehta,CoB (NBS),Female,4.1,Team 6
G-51,4768,Omer Hussain,EEE,Male,4.11,Team 6
G-51,4632,Rina Binti Khairul,CCDS,Female,04.05,Team 6
G-51,5318,Sanya Rao,CCEB,Female,04.01,Team 6
G-51,5785,Syed Muneer Bin Shah,CEE,Male,4.15,Team 7
G-51,230,Tania Tan,SBS,Female,4.2,Team 7
G-51,3420,Krisha Malhotra,SSS,Female,04.03,Team 7
G-51,3952,Siti Hawa,EEE,Male,04.04,Team 7
G-51,912,Nida Bukhari,CoB (NBS),Female,04.01,Team 7
G-51,1390,Duncan Lee,CoB (NBS),Male,4,Team 8
G-51,2318,Nusrat Bukhari,MSE,Female,4.22,Team 8
G-51,4670,Asim Hussain,EEE,Male,3.96,Team 8
G-51,3770,Daphne Kwan,SoH,Female,4.15,Team 8
G-51,855,Zoe Tan,WKW SCI,Female,4.19,Team 8
G-51,4899,Esther Tan,CoB (NBS),Female,4.12,Team 9
G-51,8,Emily Turner,CCEB,Female,04.08,Team 9
G-51,2820,Lila Allen,CCDS,Female,04.04,Team 9
G-51,534,Leo Sanders,CoE,Male,4.2,Team 9
G-51,5589,Gabriel Navarro,EEE,Male,4.14,Team 9
G-51,4107,Annie Goh,ADM,Female,4,Team 10
G-51,5237,Wendy Chan,MSE,Female,04.01,Team 10
G-51,2895,Kara Liu,CCEB,Female,4.11,Team 10
G-51,3308,Zach Chan,SoH,Male,4.15,Team 10
G-51,2773,Eli Barnes,EEE,Male,4.52,Team 10
G-52,3075,Samantha Brown,CCEB,Female,4,Team 1
G-52,247,Carlos Martinez,ASE,Male,04.09,Team 1
G-52,5072,Nina Li,MAE,Female,3.91,Team 1
G-52,3144,Zhi Yi Ng,CoE,Male,4.15,Team 1
G-52,2607,Amelia Garcia,SBS,Female,4.15,Team 1
G-52,2133,Leela Menon,SSS,Female,04.03,Team 2
G-52,3737,Niharika Roy,ASE,Female,4.12,Team 2
G-52,4252,Arjun Choudhury,SBS,Male,3.95,Team 2
G-52,2649,Qingxian,EEE,Male,4,Team 2
G-52,5385,Phoebe Lim,NIE,Female,4.2,Team 2
G-52,3800,Layla Wong,EEE,Female,3.9,Team 3
G-52,5906,Freddy Martinez,CCDS,Male,04.02,Team 3
G-52,1461,Jin Jian Lim,CoE,Male,4.15,Team 3
G-52,4902,Dongmei,ADM,Female,4.1,Team 3
G-52,1049,Hannah Reed,NIE,Female,4.19,Team 3
G-52,3036,Isaiah Brown,CCDS,Male,3.9,Team 4
G-52,2200,Bethany Zhang,MSE,Female,04.02,Team 4
G-52,3555,Daisy Brown,CCEB,Female,04.06,Team 4
G-52,2248,Kairo Wu,CoE,Male,4.15,Team 4
G-52,1452,Ella Walker,EEE,Female,4.22,Team 4
G-52,1473,Veer Singh,ASE,Male,3.88,Team 5
G-52,1779,Misha Binti Noor,SoH,Female,04.05,Team 5
G-52,3490,Aaliyah Tan,EEE,Female,4.1,Team 5
G-52,2639,Olivia Wu,CCEB,Female,4.11,Team 5
G-52,4518,Chau Tran,CoB (NBS),Male,4.19,Team 5
G-52,2665,Siti Rahman,MAE,Female,3.89,Team 6
G-52,2862,Mingyu,SBS,Female,4,Team 6
G-52,4562,Xiaoyu Zhang,CoB (NBS),Female,04.03,Team 6
G-52,4832,Yuri Cruz,MSE,Male,4,Team 6
G-52,751,Pei Li,WKW SCI,Male,4.52,Team 6
G-52,2806,Yuan Wei,SPMS,Male,4.12,Team 7
G-52,2381,Dylan Scott,CCEB,Male,4,Team 7
G-52,1424,Tania Das,CCDS,Female,3.88,Team 7
G-52,4560,Jasmine Wang,MSE,Female,4.12,Team 7
G-52,3905,Kiera Tan,EEE,Female,4.25,Team 7
G-52,5423,Yasmin Khan,MAE,Female,04.02,Team 8
G-52,4487,Cheng Chen,CoE,Male,04.03,Team 8
G-52,349,Guixiang,CCDS,Female,04.05,Team 8
G-52,1003,Fang Yu,SoH,Female,04.01,Team 8
G-52,2819,Yuan Zhang,EEE,Male,4.25,Team 8
G-52,3797,Aditi Rao,EEE,Female,3.89,Team 9
G-52,2466,Vinny Rivera,MAE,Male,04.08,Team 9
G-52,848,Ruocong,CoB (NBS),Female,04.05,Team 9
G-52,3902,Hazel Lim,ADM,Female,4.1,Team 9
G-52,5431,Han Song Lim,CCEB,Male,4.2,Team 9
G-52,2254,Amara Zhang,CEE,Female,3.89,Team 10
G-52,231,Dylan Chan,EEE,Male,4,Team 10
G-52,2803,Alexis Parker,SPMS,Female,04.06,Team 10
G-52,3083,Lakshmi Iyer,CoB (NBS),Female,4.2,Team 10
G-52,4177,Arvind Nair,MAE,Male,4.17,Team 10
G-53,1103,Grace Walker,MSE,Female,04.02,Team 1
G-53,1570,Lola Martinez,SSS,Female,4.22,Team 1
G-53,5863,Ophelia Harris,EEE,Female,04.06,Team 1
G-53,2348,Kaden Hernandez,CCDS,Male,4.12,Team 1
G-53,5955,John Walker,CoB (NBS),Male,04.02,Team 1
G-53,634,Nathan Ong,CoB (NBS),Male,4.16,Team 2
G-53,3183,Vinny Rivera,LKCMedicine,Male,04.04,Team 2
G-53,4816,Neha Singh,EEE,Female,04.03,Team 2
G-53,5984,Aidan Ong,CCDS,Male,04.03,Team 2
G-53,1365,Chloe Lin,CCEB,Female,4.14,Team 2
G-53,4260,Aihua,CoB (NBS),Female,3.9,Team 3
G-53,1731,Iqra Awan,CCEB,Female,04.09,Team 3
G-53,87,Zhang Li,CoE,Male,4.1,Team 3
G-53,741,Maya Perry,MSE,Female,4.14,Team 3
G-53,3588,Riku Saito,CCDS,Male,4.12,Team 3
G-53,4007,Omar Tan,CCDS,Male,04.05,Team 4
G-53,3754,Tariq Malik,MSE,Male,4.18,Team 4
G-53,2026,Hui Xuan,NIE,Female,4.2,Team 4
G-53,3200,Emily Mitchell,CoB (NBS),Female,3.92,Team 4
G-53,3928,Shahid Hussain,CCEB,Female,04.05,Team 4
G-53,2927,Nash Wong,SoH,Male,3.92,Team 5
G-53,3904,Jessica Wright,CCDS,Female,4.18,Team 5
G-53,730,Sulekha Yadav,MAE,Female,04.06,Team 5
G-53,5014,Fina Rahmawati,EEE,Female,4.1,Team 5
G-53,2415,Ayden Clark,CEE,Male,4.15,Team 5
G-53,4924,Nadia Binti Zain,SSS,Female,4,Team 6
G-53,12,Henry Wood,LKCMedicine,Male,04.09,Team 6
G-53,4325,Samir Patel,ADM,Male,4.15,Team 6
G-53,58,Wira Setiawan,CCDS,Male,4.15,Team 6
G-53,5541,Naina Rani,CoE,Female,04.02,Team 6
G-53,2669,Rina Lim,EEE,Female,4.15,Team 7
G-53,2500,Zhen Zhou,NIE,Male,3.8,Team 7
G-53,5115,Nadia Binti Rahman,CCEB,Female,04.04,Team 7
G-53,3030,Liang Gao,CEE,Male,4.22,Team 7
G-53,4405,Gianna Lopez,CCDS,Female,4.12,Team 7
G-53,1001,Siena Chang,CoB (NBS),Female,3.91,Team 8
G-53,990,Zara Kumar,CCDS,Female,04.08,Team 8
G-53,476,Dylan King,SPMS,Male,04.06,Team 8
G-53,2628,Tanvi Joshi,EEE,Female,04.08,Team 8
G-53,1984,Eli Morales,CCEB,Male,4.22,Team 8
G-53,978,Grayson Lee,EEE,Male,04.02,Team 9
G-53,2396,Nisha Binti,ASE,Female,04.02,Team 9
G-53,1040,Laxmi Joshi,CoB (NBS),Female,04.02,Team 9
G-53,1420,Yao Chen,CCDS,Female,4.12,Team 9
G-53,971,Jae-Won Oh,CCDS,Male,4.2,Team 9
G-53,4959,Jing Xu,EEE,Male,3.89,Team 10
G-53,819,Ashton Yang,WKW SCI,Male,04.06,Team 10
G-53,5281,Finn Ramirez,CCEB,Male,4.18,Team 10
G-53,2354,Lijuan,CCDS,Female,4.15,Team 10
G-53,3652,Hui Xin,SBS,Female,4.1,Team 10
G-54,5430,Sara Lee,CoE,Female,4.11,Team 1
G-54,1178,Derek Tan,CCDS,Male,04.09,Team 1
G-54,4301,Sophie Sanders,SSS,Female,3.87,Team 1
G-54,4955,Isaiah Moore,WKW SCI,Male,4.14,Team 1
G-54,1881,Jing Yu,CoB (NBS),Female,4.27,Team 1
G-54,2621,Malcolm Chen,CCDS,Male,4.18,Team 2
G-54,1997,Bradley Wong,MAE,Male,4.1,Team 2
G-54,4674,Pratiwi Sari,EEE,Female,4.15,Team 2
G-54,2242,Rina Matsumoto,CoB (NBS),Female,4.2,Team 2
G-54,507,Aoi Sakamoto,CCEB,Female,3.88,Team 2
G-54,5547,Jonathan Yang,CCDS,Male,04.03,Team 3
G-54,2740,Talia Lin,CCEB,Female,4.1,Team 3
G-54,617,David Brown,EEE,Male,4.2,Team 3
G-54,3140,Akiko Yamashita,CCDS,Female,4.17,Team 3
G-54,5060,Fariha Malik,CoB (NBS),Female,04.09,Team 3
G-54,5109,Maya Wang,SoH,Female,04.06,Team 4
G-54,5667,Sandeep Sharma,SBS,Male,4.11,Team 4
G-54,2320,Jordan Washington,CEE,Male,4.19,Team 4
G-54,1079,Miranda Wang,ADM,Female,4.15,Team 4
G-54,4335,Aisha Tan,CCDS,Female,04.02,Team 4
G-54,1712,Rohan Joshi,EEE,Male,04.05,Team 5
G-54,1220,Piper Reyes,CoE,Female,4,Team 5
G-54,2424,Tarun Singh,CCDS,Male,4.14,Team 5
G-54,4594,Emma Wang,LKCMedicine,Female,4.15,Team 5
G-54,5831,Zhen Wei,MSE,Female,4.25,Team 5
G-54,2308,Kaira Singh,EEE,Female,04.03,Team 6
G-54,309,Rani Kurnia,ADM,Female,04.05,Team 6
G-54,388,Charlotte Ortiz,CCEB,Female,4.14,Team 6
G-54,5473,Brady Yang,SSS,Male,4.19,Team 6
G-54,4863,Wyatt Cheung,CCDS,Male,4.22,Team 6
G-54,4922,Jameson Cruz,CCDS,Male,4.1,Team 7
G-54,5342,Haley Santos,CCEB,Female,4.2,Team 7
G-54,3121,Muhammad Amir,SPMS,Male,4.15,Team 7
G-54,5353,Siti Zainab,EEE,Female,3.9,Team 7
G-54,4340,Tina Goh,SSS,Female,4.2,Team 7
G-54,2641,Anya Dela Cruz,SoH,Female,04.04,Team 8
G-54,2528,Aariv Patel,EEE,Male,04.04,Team 8
G-54,1483,Yasmine Kwan,CoB (NBS),Female,4.19,Team 8
G-54,4,Zhang Li,SBS,Male,4.25,Team 8
G-54,200,Elya Fitria,CCDS,Female,04.05,Team 8
G-54,833,Aaliyah Sanders,SSS,Female,3.88,Team 9
G-54,3871,Kayla Brooks,CoB (NBS),Female,04.04,Team 9
G-54,2676,Hieu Nguyen,EEE,Male,4.1,Team 9
G-54,3604,Rameez Khan,CCDS,Female,4.19,Team 9
G-54,4584,Yuri Sokolov,WKW SCI,Male,4.17,Team 9
G-54,136,Marcus Turner,SPMS,Male,04.03,Team 10
G-54,756,Yasmin Wong,CoB (NBS),Female,04.03,Team 10
G-54,5137,Lena Tan,EEE,Female,04.02,Team 10
G-54,158,Liam Yang,CCDS,Male,4.12,Team 10
G-54,3739,Nabihah Binti Rahman,SBS,Female,4.73,Team 10
G-55,1571,Isabella Rossellini,CoB (NBS),Female,3.88,Team 1
G-55,1636,Saad Khatri,EEE,Male,04.09,Team 1
G-55,726,Owen Chen,EEE,Male,4.15,Team 1
G-55,3832,Lucas Cox,SPMS,Male,4.15,Team 1
G-55,4152,Ava Chen,MAE,Female,4.2,Team 1
G-55,4965,Ella Robinson,SPMS,Female,3.9,Team 2
G-55,4002,Kye Wu,EEE,Male,4.2,Team 2
G-55,1370,Dylan Ong,SBS,Male,4.11,Team 2
G-55,962,Sushmita Das,MAE,Female,4.15,Team 2
G-55,5660,Connor Murphy,SoH,Male,4.11,Team 2
G-55,4164,Anjali Mehta,EEE,Female,3.85,Team 3
G-55,2837,Xavier Salazar,CCDS,Male,4.12,Team 3
G-55,187,Veronica Zhao,EEE,Female,4.12,Team 3
G-55,3102,Faris Aji,MSE,Male,4.15,Team 3
G-55,755,Fatima Syed,CoB (NBS),Female,4.18,Team 3
G-55,4652,Victor So,EEE,Male,4,Team 4
G-55,2699,Brenda Li,LKCMedicine,Female,04.05,Team 4
G-55,4337,Yuri Salazar,MAE,Male,04.05,Team 4
G-55,5303,Ray Tan,SBS,Male,4.21,Team 4
G-55,4706,Alina Yeo,SoH,Female,4.2,Team 4
G-55,1769,Yusuf Bin Ahmad,SoH,Male,4,Team 5
G-55,694,Clara Wu,CoB (NBS),Female,04.08,Team 5
G-55,3488,Nguyen Thanh Tam,EEE,Female,04.09,Team 5
G-55,5941,Ashok Pillai,ASE,Male,04.09,Team 5
G-55,3764,Hafizah Binti Rahman,CCEB,Female,4.25,Team 5
G-55,3328,Nadia Binti Noor,SBS,Female,4,Team 6
G-55,2175,Deepak Kumar,EEE,Male,04.09,Team 6
G-55,4122,Zain Tran,CoB (NBS),Male,04.02,Team 6
G-55,5314,Dmitry Alekseev,CCDS,Male,4.18,Team 6
G-55,5463,Serena Chen,CoE,Female,4.2,Team 6
G-55,2718,Grace Rogers,SPMS,Female,04.03,Team 7
G-55,1281,Gavin Kim,WKW SCI,Male,4.14,Team 7
G-55,405,Tobias Wu,SoH,Male,4.25,Team 7
G-55,2615,Priya Sharma,EEE,Female,3.95,Team 7
G-55,3955,Thomas Wu,CCDS,Male,04.09,Team 7
G-55,4362,Axel Liu,CoE,Male,04.08,Team 8
G-55,3723,Maya Chang,MAE,Female,4,Team 8
G-55,1204,Vladislav Nikiforov,SoH,Male,04.05,Team 8
G-55,4852,Tessa Bennett,CoB (NBS),Female,4.1,Team 8
G-55,1546,Kieran Villanueva,EEE,Male,4.2,Team 8
G-55,1599,Mason Carter,CoE,Male,04.02,Team 9
G-55,658,Talha Ali,EEE,Male,04.05,Team 9
G-55,3234,Dylan Anderson,SSS,Male,04.05,Team 9
G-55,4817,Xiao Mei,EEE,Female,4.12,Team 9
G-55,364,Nadia Rehman,SoH,Female,4.2,Team 9
G-55,3759,Irfan Bin Mohd,MAE,Male,4,Team 10
G-55,4374,Xavier Lee,EEE,Male,04.06,Team 10
G-55,712,Autumn Powell,SSS,Female,04.05,Team 10
G-55,3814,Ly Nguyen,CCEB,Female,4.17,Team 10
G-55,144,Harlan Wu,CEE,Male,4.2,Team 10
G-56,5795,Ulysses Wong,WKW SCI,Male,3.9,Team 1
G-56,2123,Elsie Ward,CoB (NBS),Female,04.04,Team 1
G-56,803,Wen Lee Tan,EEE,Female,04.05,Team 1
G-56,5238,Yuki Tan,CCEB,Female,4.16,Team 1
G-56,3479,Darren Yeo,CoE,Male,4.12,Team 1
G-56,428,Diana Wong,CoB (NBS),Female,3.89,Team 2
G-56,4267,Aubrey Sanchez,CoE,Female,04.03,Team 2
G-56,2506,Jackson Carter,MAE,Male,04.08,Team 2
G-56,1263,Finn Tan,SBS,Male,4.18,Team 2
G-56,3014,Wei Lin,LKCMedicine,Female,4.15,Team 2
G-56,5949,Kylie Hughes,EEE,Female,3.89,Team 3
G-56,1180,Karla Mendoza,CoB (NBS),Female,04.08,Team 3
G-56,3064,Nguyen Thi An,SPMS,Female,04.06,Team 3
G-56,2493,Rizal Bin Ibrahim,ASE,Male,04.05,Team 3
G-56,3906,Kael Huang,ADM,Male,4.22,Team 3
G-56,1566,Cyrus Liu,CoB (NBS),Male,3.89,Team 4
G-56,3872,Floyd Mendoza,CEE,Male,04.09,Team 4
G-56,5486,Ananya Bansal,CCEB,Female,4.11,Team 4
G-56,4491,Riya Iyer,SoH,Female,4.22,Team 4
G-56,4454,Fengyi,EEE,Female,04.05,Team 4
G-56,5819,Seng Hua Lim,SoH,Male,4.3,Team 5
G-56,3938,Qinwen,CCEB,Female,4.1,Team 5
G-56,4018,Maya Wong,SPMS,Female,3.94,Team 5
G-56,4154,Nguyen Thi Trang,MAE,Female,4,Team 5
G-56,1958,James Turner,EEE,Male,04.08,Team 5
G-56,1494,Yong Chen,CCDS,Male,4.18,Team 6
G-56,3449,Daniel Taylor,SPMS,Male,4.14,Team 6
G-56,387,Olivia Bell,SSS,Female,4,Team 6
G-56,1014,Fay Wong,EEE,Female,04.08,Team 6
G-56,1832,Lai Thi Ngan,CoB (NBS),Female,3.92,Team 6
G-56,4570,Jasper Green,CoE,Male,3.86,Team 7
G-56,2726,Derek Wong,CCDS,Male,04.08,Team 7
G-56,5924,Ashley Castillo,EEE,Female,4.21,Team 7
G-56,710,Yasmine Price,CEE,Female,04.03,Team 7
G-56,1741,Lydia Young,SPMS,Female,4.12,Team 7
G-56,3305,Krishna Kumar,CCEB,Male,3.95,Team 8
G-56,556,Nora Simmons,SBS,Female,04.01,Team 8
G-56,3753,Mei Xuan Lim,CEE,Female,4.1,Team 8
G-56,1485,Natalie Ong,EEE,Female,4.15,Team 8
G-56,4145,Sami Al-Mansoori,CoB (NBS),Male,04.08,Team 8
G-56,4963,Bushra Ali,CoB (NBS),Female,04.05,Team 9
G-56,936,Jasmine Lee,SoH,Female,4,Team 9
G-56,5876,Jackson Cruz,CEE,Male,4.11,Team 9
G-56,2489,Becky Adams,ADM,Female,04.03,Team 9
G-56,910,Jing Lin Tan,NIE,Male,4.2,Team 9
G-56,3129,Keira Tan,CoB (NBS),Female,3.95,Team 10
G-56,5293,Florence Ong,SSS,Female,4.12,Team 10
G-56,3219,Aishwarya Rao,ADM,Female,04.04,Team 10
G-56,1508,Yun Chen,MAE,Male,04.01,Team 10
G-56,2885,Nafisa Iqbal,CCEB,Female,4.22,Team 10
G-57,5306,Harsh Patel,WKW SCI,Male,3.89,Team 1
G-57,1531,Grayson Lee,EEE,Male,04.01,Team 1
G-57,234,Asha Kakade,MAE,Female,04.08,Team 1
G-57,157,Fatimah Omar,SoH,Female,04.03,Team 1
G-57,4395,Lina Zhou,MSE,Female,4.2,Team 1
G-57,2016,Jaxon Hall,MAE,Male,3.9,Team 2
G-57,1110,Riya Nair,CoB (NBS),Female,4,Team 2
G-57,5957,Jude Ong,CCDS,Male,4.12,Team 2
G-57,3134,Soo-Yeon Park,EEE,Female,04.03,Team 2
G-57,5131,Harper Robinson,CCEB,Female,4.2,Team 2
G-57,4950,Aiko Yoshida,CCEB,Female,3.94,Team 3
G-57,4948,Sofia Ng,MAE,Female,04.01,Team 3
G-57,4915,Theo Santos,EEE,Male,04.09,Team 3
G-57,1772,Nina Zhang,MAE,Female,4.18,Team 3
G-57,2408,Leo Santos,CoB (NBS),Male,04.09,Team 3
G-57,2557,Elena Mikhailovna,EEE,Female,3.89,Team 4
G-57,4023,Nina Ali,CCDS,Female,4.22,Team 4
G-57,1849,Savannah Thompson,CCEB,Female,04.02,Team 4
G-57,922,Rajesh Sharma,MAE,Male,04.08,Team 4
G-57,1208,Vivek Iyer,CEE,Male,04.09,Team 4
G-57,2568,Ethan Smith,EEE,Male,3.89,Team 5
G-57,4136,Isha Kapoor,SPMS,Female,04.02,Team 5
G-57,1886,Li Ming,CCEB,Female,04.05,Team 5
G-57,1900,Riku Yamamoto,MAE,Male,4.15,Team 5
G-57,518,Meher Noor,NIE,Female,4.17,Team 5
G-57,1920,Ashok Reddy,NIE,Male,3.95,Team 6
G-57,3940,Kaylee Turner,MAE,Female,04.02,Team 6
G-57,3459,Lola Wu,CCEB,Female,04.06,Team 6
G-57,3486,Soren Liu,CCDS,Male,04.04,Team 6
G-57,1213,Noah Murphy,EEE,Male,4.15,Team 6
G-57,217,Grace Bell,CoB (NBS),Female,04.01,Team 7
G-57,3929,Rhea Kaur,ASE,Female,04.06,Team 7
G-57,5391,Addison Cooper,EEE,Female,04.01,Team 7
G-57,3896,Irfan Bin Zain,NIE,Male,04.02,Team 7
G-57,1467,Oliver Wu,CCDS,Male,4.17,Team 7
G-57,2667,Jin Zhi Lim,SoH,Male,3.9,Team 8
G-57,5354,Maya Bansal,CoE,Female,04.02,Team 8
G-57,646,Ananya Das,SSS,Female,04.08,Team 8
G-57,420,Liang Wei Tan,CCEB,Female,4.2,Team 8
G-57,1755,Saad Khan,CCDS,Male,04.09,Team 8
G-57,4730,Charlotte Chang,CoE,Female,04.04,Team 9
G-57,1703,Matthew Perez,EEE,Male,04.01,Team 9
G-57,1647,Jenna Tan,MAE,Female,4.11,Team 9
G-57,3106,Tobias Li,SBS,Male,4.12,Team 9
G-57,4250,Pooja Reddy,CCDS,Female,04.02,Team 9
G-57,4489,Ritika Das,CCEB,Female,04.03,Team 10
G-57,1935,Yuri Viktorov,ADM,Male,04.05,Team 10
G-57,4936,Sadia Javed,SBS,Female,3.95,Team 10
G-57,1258,William Stewart,CCDS,Male,4.11,Team 10
G-57,4171,Hannah Lee,MAE,Female,4.12,Team 10
G-58,3876,Shalini Reddy,CEE,Female,3.85,Team 1
G-58,2717,Kavya Iyer,CoE,Female,4.14,Team 1
G-58,5021,Indah Tanjung,CoB (NBS),Female,4.1,Team 1
G-58,661,Riyaz Khan,SPMS,Male,4.17,Team 1
G-58,4468,Graham Tsang,EEE,Male,4.23,Team 1
G-58,3071,Lumina Tsai,MSE,Female,3.93,Team 2
G-58,1406,Meera Choudhury,CoB (NBS),Female,04.03,Team 2
G-58,627,Simon Tan,CCDS,Male,4.1,Team 2
G-58,939,Daniel Green,SBS,Male,4.52,Team 2
G-58,5584,Sable Lin,EEE,Female,4.15,Team 2
G-58,5967,Amina Khan,CoB (NBS),Female,04.03,Team 3
G-58,5768,Binh Nguyen,CEE,Male,04.03,Team 3
G-58,3785,Amani Yusof,CCEB,Female,04.02,Team 3
G-58,1106,Tina Yeo,CCDS,Female,4.1,Team 3
G-58,1439,Ryan Zhao,EEE,Male,4.26,Team 3
G-58,1128,Rohit Sharma,MAE,Male,04.01,Team 4
G-58,3653,Scott Santos,CCDS,Male,04.05,Team 4
G-58,152,Maya Khan,CoB (NBS),Female,04.05,Team 4
G-58,5441,Grace Tan,EEE,Female,4.19,Team 4
G-58,4721,Sarita Sharma,CCEB,Female,4.2,Team 4
G-58,4980,Haarika Reddy,EEE,Female,4.15,Team 5
G-58,2682,Eli Martinez,MAE,Male,3.85,Team 5
G-58,2095,Malcolm Yang,CoB (NBS),Male,4.11,Team 5
G-58,4790,Yvette Chan,SoH,Female,4.1,Team 5
G-58,4363,Reina Fujimoto,SSS,Female,4.19,Team 5
G-58,670,Saanvi Sharma,MSE,Female,04.01,Team 6
G-58,3827,Soren Liu,CEE,Male,04.01,Team 6
G-58,1024,Jayden Turner,EEE,Male,04.08,Team 6
G-58,95,Abigail Rodriguez,CCEB,Female,04.02,Team 6
G-58,4623,Uma Parker,CCDS,Female,4.52,Team 6
G-58,5530,Kiran Desai,CoE,Male,3.9,Team 7
G-58,3483,Wei Li,SBS,Female,4.12,Team 7
G-58,2267,Maya Bennett,EEE,Female,04.03,Team 7
G-58,4969,Alvin Tan,CEE,Male,4.18,Team 7
G-58,964,Kien Tran,CoB (NBS),Male,4.26,Team 7
G-58,296,Shanaya Chan,EEE,Female,04.03,Team 8
G-58,3614,Ellie Sanchez,SSS,Female,04.01,Team 8
G-58,3697,Yasmin Tan,MAE,Female,04.05,Team 8
G-58,3235,Timothy Reed,CoB (NBS),Male,4.19,Team 8
G-58,2558,Matthew Thompson,CoE,Male,4.23,Team 8
G-58,2532,Sami Khan,EEE,Male,3.93,Team 9
G-58,1735,Lara Smith,SPMS,Female,4.11,Team 9
G-58,3714,Emily Davis,CCEB,Female,4.16,Team 9
G-58,314,Chen Li,SoH,Male,4.15,Team 9
G-58,1999,Erica Lim,CEE,Female,4.2,Team 9
G-58,5096,Owais Tariq,CoE,Male,04.01,Team 10
G-58,1934,Mei Hwa,CoB (NBS),Female,3.95,Team 10
G-58,2406,Chase Rivera,EEE,Male,4.21,Team 10
G-58,1727,Sari Ningsih,SoH,Female,4.25,Team 10
G-58,5749,Charlotte Zhang,SSS,Female,4.15,Team 10
G-59,4455,Gunnar Yang,EEE,Male,04.02,Team 1
G-59,1138,Nia Tsai,CCEB,Female,04.04,Team 1
G-59,5552,Hina Malik,CoB (NBS),Female,04.06,Team 1
G-59,2154,Lily Huang,MAE,Female,04.02,Team 1
G-59,3912,Zane Patel,CoB (NBS),Male,4.19,Team 1
G-59,1533,Sandeep Singh,EEE,Male,04.03,Team 2
G-59,557,Nguyen Thi Mai,CCDS,Female,3.9,Team 2
G-59,3809,Lexi Zhao,CoB (NBS),Female,4.15,Team 2
G-59,4080,Hannah Green,SPMS,Female,04.08,Team 2
G-59,4458,Axel Liu,NIE,Male,4.18,Team 2
G-59,985,Alyssa Scott,CCDS,Female,3.94,Team 3
G-59,2760,Bella Brooks,MAE,Female,04.02,Team 3
G-59,4497,Jeremiah Green,CoB (NBS),Male,04.04,Team 3
G-59,5320,Jasper Ortiz,EEE,Male,4.17,Team 3
G-59,2765,Ivy Thompson,SSS,Female,4.19,Team 3
G-59,1559,Hui Ling,SSS,Female,3.92,Team 4
G-59,4125,Rizqi Bin Farhan,CCDS,Male,4,Team 4
G-59,1740,Nasir Ali,WKW SCI,Male,4.21,Team 4
G-59,4925,Zhao Chen,SBS,Female,04.09,Team 4
G-59,5997,Xiang Li,CoB (NBS),Female,4.2,Team 4
G-59,348,Madison Murphy,EEE,Female,3.86,Team 5
G-59,4914,Miles Lim,CCDS,Male,04.06,Team 5
G-59,1833,Fiona Chang,CoB (NBS),Female,04.05,Team 5
G-59,3893,Tyler Johnson,CEE,Male,4.12,Team 5
G-59,5616,Addison Clarke,SPMS,Female,4.26,Team 5
G-59,4662,Eli Carter,SPMS,Male,3.95,Team 6
G-59,4813,Aaron Wu,CEE,Male,04.02,Team 6
G-59,5951,Sara Yong,CoB (NBS),Female,04.05,Team 6
G-59,867,Eka Ramadhan,SoH,Female,04.05,Team 6
G-59,134,Chloe Evans,CoB (NBS),Female,4.25,Team 6
G-59,785,Safira Binti Aziz,CoB (NBS),Female,3.8,Team 7
G-59,709,Zhou Chen,EEE,Male,4.1,Team 7
G-59,1739,Ximena Li,CoB (NBS),Female,04.05,Team 7
G-59,3084,Kira Shimizu,MAE,Female,04.09,Team 7
G-59,3884,Kang-Soo Lee,CCDS,Male,4.11,Team 7
G-59,1334,Milo Cruz,CoB (NBS),Male,04.03,Team 8
G-59,5630,Stella James,EEE,Female,04.01,Team 8
G-59,3535,Daisy Cheung,SBS,Female,3.96,Team 8
G-59,1642,Brayden Young,CoE,Male,4.17,Team 8
G-59,2183,Zachary Zhang,SSS,Male,4.19,Team 8
G-59,3374,Naim Bin Mohamad,CCEB,Male,04.05,Team 9
G-59,792,Opal Wang,SoH,Female,4,Team 9
G-59,1575,Holly Cheung,MAE,Female,4,Team 9
G-59,2892,Derek Scott,SBS,Male,4,Team 9
G-59,138,Alya Binti Rahim,CoB (NBS),Female,4.52,Team 9
G-59,3678,Valentina Mikhailova,CCEB,Female,3.91,Team 10
G-59,1763,Sofia Yang,CEE,Female,04.02,Team 10
G-59,5854,Dedy Kurniawan,CoB (NBS),Male,3.85,Team 10
G-59,201,Rishi Sharma,WKW SCI,Male,04.01,Team 10
G-59,41,Laras Wati,LKCMedicine,Female,4.73,Team 10
G-6,4345,Clara Tan,CoB (NBS),Female,3.95,Team 1
G-6,2090,Emilio Cruz,MSE,Male,04.09,Team 1
G-6,3915,Abigail Nelson,SSS,Female,04.06,Team 1
G-6,3538,Elliot Wong,SoH,Male,4.19,Team 1
G-6,2455,Yuki Hoshino,EEE,Female,4.22,Team 1
G-6,2774,Maya Brown,SSS,Female,3.95,Team 2
G-6,1310,Pauline Fung,CCEB,Female,4.18,Team 2
G-6,3285,Kian Wei Lim,SBS,Male,04.05,Team 2
G-6,2938,Siti Mariam,CoB (NBS),Female,04.02,Team 2
G-6,3079,Khalid Bin Mohd,EEE,Male,4.25,Team 2
G-6,4343,Suresh Nair,CoB (NBS),Male,3.91,Team 3
G-6,2402,Gabriel Howard,EEE,Male,04.09,Team 3
G-6,1610,Puja Nair,MAE,Female,4.11,Team 3
G-6,1177,Anum Malik,CCEB,Female,4.22,Team 3
G-6,4257,Yasmine Tan,WKW SCI,Female,4.14,Team 3
G-6,3891,Sarah Robinson,NIE,Female,3.9,Team 4
G-6,1967,Angela Zhou,CCDS,Female,4.19,Team 4
G-6,974,Dylan Ong,CoE,Male,4.1,Team 4
G-6,5426,Henry Ramirez,SPMS,Male,4.14,Team 4
G-6,1641,Harper Hall,SoH,Female,4.12,Team 4
G-6,1716,Rajesh Iyer,SPMS,Male,4,Team 5
G-6,1827,Miranda Chang,SoH,Female,04.02,Team 5
G-6,4311,Umi Lestari,EEE,Female,04.05,Team 5
G-6,5113,Brady Yang,CCDS,Male,4.15,Team 5
G-6,5567,Mira Zhao,SBS,Female,4.26,Team 5
G-6,1951,Madison Clark,CCDS,Female,04.03,Team 6
G-6,4590,Kendall Yang,NIE,Male,04.01,Team 6
G-6,4430,Vicky Tan,EEE,Female,4.22,Team 6
G-6,5070,Alyssa Wong,CoB (NBS),Female,4.18,Team 6
G-6,2422,Cameron Yang,CEE,Male,04.08,Team 6
G-6,4419,Lianhua,SoH,Female,3.85,Team 7
G-6,798,Jade Wibowo,SPMS,Female,4.2,Team 7
G-6,2265,Ranjit Singh,CoB (NBS),Male,04.03,Team 7
G-6,5167,Asher Edwards,CEE,Male,04.02,Team 7
G-6,4182,Meera Rao,EEE,Female,4.26,Team 7
G-6,416,Li Wei Tan,EEE,Male,4,Team 8
G-6,1154,Wei Chen,EEE,Male,4,Team 8
G-6,2939,Isha Patel,SoH,Female,04.04,Team 8
G-6,3098,Aadhya Patel,CoB (NBS),Female,4.19,Team 8
G-6,4322,Lily Zhao,CCDS,Female,4.22,Team 8
G-6,1654,Riya Singh,NIE,Female,3.92,Team 9
G-6,4516,Claire Ng,LKCMedicine,Female,4.79,Team 9
G-6,206,Hannah Binti Ahmad,MSE,Female,4,Team 9
G-6,2883,Ryo Tanaka,WKW SCI,Male,04.01,Team 9
G-6,5985,Elijah Huang,CoB (NBS),Male,04.03,Team 9
G-6,2971,Diana Ng,SoH,Female,3.98,Team 10
G-6,4390,Aubrey Carter,MSE,Female,04.02,Team 10
G-6,2748,Brayden Lewis,CoB (NBS),Male,04.09,Team 10
G-6,1124,Yuri Lebedev,CCDS,Male,4.17,Team 10
G-6,1427,Rhea Tan,EEE,Female,4.22,Team 10
G-60,2072,Lina Chen,EEE,Female,4.18,Team 1
G-60,381,Chloe Huang,NIE,Female,3.97,Team 1
G-60,3980,Aria Liu,SSS,Female,04.09,Team 1
G-60,4486,Gage Yang,CEE,Male,4.18,Team 1
G-60,2020,Noel Wu,CoB (NBS),Male,04.08,Team 1
G-60,5803,Diana Lewis,CCDS,Female,3.86,Team 2
G-60,3931,Yvette Santos,EEE,Female,04.03,Team 2
G-60,2454,Boris Villanueva,MAE,Male,04.09,Team 2
G-60,3741,Arjun Kumar,SPMS,Male,4.48,Team 2
G-60,5968,Sophia Tan,CoB (NBS),Female,4.18,Team 2
G-60,3006,Ritika Iyer,CoB (NBS),Female,04.01,Team 3
G-60,4153,Zachary Chen,NIE,Male,04.05,Team 3
G-60,2542,Isaac Rodriguez,SPMS,Male,4.12,Team 3
G-60,2834,Eva Lee,WKW SCI,Female,04.09,Team 3
G-60,3443,Elina Binti Mohd,SoH,Female,4.2,Team 3
G-60,1742,Lucas Thompson,CoE,Male,4,Team 4
G-60,3684,Kiara Chen,SBS,Female,04.04,Team 4
G-60,4650,Vanessa Cabral,SSS,Female,04.09,Team 4
G-60,5995,Nandita Roy,CoB (NBS),Female,4.17,Team 4
G-60,4161,Omer Qureshi,NIE,Male,4.22,Team 4
G-60,4394,Linda Chen,LKCMedicine,Female,04.02,Team 5
G-60,4411,Leonardus Budi,CEE,Male,04.05,Team 5
G-60,4531,Keng Jie Tan,SPMS,Male,4.12,Team 5
G-60,5524,Nadia Binti Jamil,CCDS,Female,4.1,Team 5
G-60,718,Heidi Tan,SoH,Female,4.19,Team 5
G-60,1073,Carl Lee,CCDS,Male,3.88,Team 6
G-60,4011,Liam Reyes,NIE,Male,4.11,Team 6
G-60,358,Isabella Torres,SSS,Female,4.15,Team 6
G-60,31,Cassidy Kim,CoB (NBS),Female,4.12,Team 6
G-60,5055,Sung-Jin Kim,CCEB,Male,4.18,Team 6
G-60,1335,Zhou Min,SoH,Male,04.01,Team 7
G-60,2915,Aaron Hall,EEE,Male,4.12,Team 7
G-60,4707,Wang Li,SPMS,Female,4.11,Team 7
G-60,1931,Haoran Wang,CCEB,Male,4.14,Team 7
G-60,652,Puti Rahayu,CoB (NBS),Female,4.2,Team 7
G-60,2613,Alexander Cox,CCDS,Male,3.88,Team 8
G-60,170,Liang Chen,SoH,Male,4.14,Team 8
G-60,5964,Nora Jenkins,ADM,Female,4.19,Team 8
G-60,2143,Fern Lim,MAE,Female,04.09,Team 8
G-60,4285,Owen Wright,CoB (NBS),Male,4.12,Team 8
G-60,413,Pooja Bhatia,SSS,Female,04.01,Team 9
G-60,535,Zhong Wei,SPMS,Female,04.02,Team 9
G-60,1819,Pablo Reyes,MSE,Male,4.1,Team 9
G-60,2244,Juna Wang,MAE,Female,4.17,Team 9
G-60,2231,Umair Shah,CoB (NBS),Male,4.2,Team 9
G-60,1031,Nina Binti Omar,CoB (NBS),Female,3.9,Team 10
G-60,881,Tamara Tan,MAE,Female,04.09,Team 10
G-60,607,Ren Tan,WKW SCI,Male,4.14,Team 10
G-60,4441,Yoshiko Sakamoto,SBS,Female,4.14,Team 10
G-60,1668,Rina Matsui,EEE,Male,4.16,Team 10
G-61,5591,Samantha Ramos,SPMS,Female,3.93,Team 1
G-61,5259,Isaac Martinez,CCDS,Male,04.03,Team 1
G-61,4665,Aina Binti Zain,MAE,Female,04.05,Team 1
G-61,5240,Kazuki Watanabe,EEE,Male,04.09,Team 1
G-61,1259,Shafina Binti Ahmad,SoH,Female,4.3,Team 1
G-61,3890,Marta Sihombing,SSS,Female,3.95,Team 2
G-61,728,Elijah Murphy,CoB (NBS),Male,04.03,Team 2
G-61,3160,Tanya Nair,CCEB,Female,04.04,Team 2
G-61,5264,Karan Kapoor,NIE,Male,4,Team 2
G-61,3918,Erqi,CCDS,Female,4.3,Team 2
G-61,1456,Kumar Sundaram,SBS,Male,4.15,Team 3
G-61,4968,Vanessa Lim,CoB (NBS),Female,3.9,Team 3
G-61,3950,Sana Javed,EEE,Female,04.02,Team 3
G-61,3454,Gita Tan,CCDS,Female,04.02,Team 3
G-61,4533,Jayden Chen,CoE,Male,4.2,Team 3
G-61,1438,Quang Tran,SSS,Male,3.85,Team 4
G-61,2488,Aifen,MAE,Female,04.05,Team 4
G-61,2272,Cathy Liu,EEE,Female,04.04,Team 4
G-61,987,Miyuki Ikeda,SoH,Female,4.19,Team 4
G-61,1055,Jacob Yang,LKCMedicine,Male,4.18,Team 4
G-61,2722,James Thompson,CoB (NBS),Male,4.3,Team 5
G-61,1261,Sophia Patel,CCDS,Female,04.01,Team 5
G-61,5833,Mikayla Murphy,MAE,Female,4.2,Team 5
G-61,5362,Pandu Rahmat,CEE,Male,4,Team 5
G-61,5245,Chloe Martinez,CCEB,Female,3.87,Team 5
G-61,521,Leila Wong,MAE,Female,3.97,Team 6
G-61,4592,Parker Li,SoH,Male,4.27,Team 6
G-61,1536,Quang Tran,CCDS,Male,04.08,Team 6
G-61,4433,Wilfredo Salazar,CoB (NBS),Male,04.03,Team 6
G-61,3123,Isabella Martinez,SSS,Female,04.07,Team 6
G-61,5651,Ella Garcia,CEE,Female,3.92,Team 7
G-61,2831,Sushma Rao,MAE,Female,04.06,Team 7
G-61,1194,Karan Joshi,CoE,Male,04.02,Team 7
G-61,355,Zhang Ming,EEE,Male,4.14,Team 7
G-61,5911,Bunga Sari,CCDS,Female,4.25,Team 7
G-61,5383,Hannah Patel,CoB (NBS),Female,4.19,Team 8
G-61,608,Cleo Tan,SBS,Female,04.01,Team 8
G-61,46,Harsh Sharma,CEE,Male,4,Team 8
G-61,2328,Tristan Harris,CCDS,Male,4.14,Team 8
G-61,2879,Ananya Kapoor,SSS,Female,4.11,Team 8
G-61,3671,Hui Ying,SPMS,Female,3.95,Team 9
G-61,965,Paul Allen,MAE,Male,04.03,Team 9
G-61,5858,Dewi Tan,EEE,Female,04.05,Team 9
G-61,5680,Quincy Li,CoB (NBS),Male,4.22,Team 9
G-61,4877,Hazel Goh,CCDS,Female,4.1,Team 9
G-61,3263,Jun Chen,EEE,Male,4.12,Team 10
G-61,5228,Teddy Kurniawan,CEE,Male,3.9,Team 10
G-61,352,Yasmin Naeem,CoE,Female,04.08,Team 10
G-61,5583,Zhenyu,SoH,Female,4.15,Team 10
G-61,5654,Siti Aisha,CCEB,Female,4.14,Team 10
G-62,3646,Miho Sato,SBS,Female,4.15,Team 1
G-62,3201,Kamal Ahmed,CCDS,Male,3.95,Team 1
G-62,5464,Miranda Wu,MAE,Female,04.04,Team 1
G-62,3094,Christian Liu,EEE,Male,04.05,Team 1
G-62,3230,Kangming,CoB (NBS),Female,4.2,Team 1
G-62,2051,Carter Brown,SPMS,Male,3.86,Team 2
G-62,5425,Nate Chan,CCEB,Male,4.2,Team 2
G-62,2093,Clara Murphy,LKCMedicine,Female,4.12,Team 2
G-62,1046,Ava Allen,CCDS,Female,4.14,Team 2
G-62,1804,Sebastian Mitchell,MSE,Male,4.11,Team 2
G-62,329,Tariq Iqbal,CoB (NBS),Male,04.06,Team 3
G-62,2232,Rashmika Jain,CEE,Female,04.02,Team 3
G-62,3326,Nia Lee,SSS,Female,4.21,Team 3
G-62,3883,Sultan Bin Rahman,CCDS,Male,4.1,Team 3
G-62,4494,Hiroki Fujimoto,MSE,Male,3.91,Team 3
G-62,3560,Ethan Martinez,WKW SCI,Male,4.2,Team 4
G-62,2205,Zeke Yang,EEE,Male,4,Team 4
G-62,148,Saanvi Iyer,MAE,Female,3.9,Team 4
G-62,3015,Aria Nair,ADM,Female,04.02,Team 4
G-62,3125,Carter Edwards,CCDS,Male,4.16,Team 4
G-62,900,Owais Hussain,SPMS,Male,3.93,Team 5
G-62,4088,Mira Tan,CCDS,Female,04.08,Team 5
G-62,5481,Tyler Adams,WKW SCI,Male,3.89,Team 5
G-62,3781,Oliver Lim,EEE,Male,4.14,Team 5
G-62,1489,Savannah Chen,SoH,Female,4.15,Team 5
G-62,3035,Yumiko Takeda,EEE,Female,04.01,Team 6
G-62,4861,Jasmine Lim,SBS,Female,3.92,Team 6
G-62,1822,Andrei Sokolov,CoB (NBS),Male,04.08,Team 6
G-62,3806,Harvey Wu,CoB (NBS),Male,4.26,Team 6
G-62,5575,Hannah Rodriguez,SPMS,Female,04.01,Team 6
G-62,758,Kaden White,EEE,Male,3.95,Team 7
G-62,363,Maya Binti Rahman,CCDS,Female,4.2,Team 7
G-62,3346,Nishant Kapoor,SoH,Male,04.03,Team 7
G-62,3062,Saanvi Gupta,CoB (NBS),Female,4.16,Team 7
G-62,2436,Shalina Lee,CCEB,Female,4,Team 7
G-62,1558,Jaxon Wood,SPMS,Male,4.22,Team 8
G-62,3163,Anya Wong,CoB (NBS),Female,04.01,Team 8
G-62,4699,Harrison Torres,SBS,Male,04.09,Team 8
G-62,643,Lenora Chang,EEE,Female,04.09,Team 8
G-62,4222,Usman Rehman,CCDS,Male,3.92,Team 8
G-62,2338,Hunter Carter,CCDS,Male,04.04,Team 9
G-62,2554,Zainab Binti Jamal,SoH,Female,4.2,Team 9
G-62,5907,Zhihao,CCEB,Female,04.05,Team 9
G-62,3613,Xena Nelson,CoB (NBS),Female,04.08,Team 9
G-62,3619,Jack Nelson,EEE,Male,3.94,Team 9
G-62,3718,Pooja Agarwal,SSS,Female,04.01,Team 10
G-62,5629,Hazel Chen,EEE,Female,04.03,Team 10
G-62,889,Nikolai Alvarado,ASE,Male,4.18,Team 10
G-62,1299,George So,CCDS,Male,4.17,Team 10
G-62,3808,Karishma Shah,CoB (NBS),Female,3.95,Team 10
G-63,2662,Ariana Liu,MAE,Female,04.09,Team 1
G-63,915,Jett Li,CCDS,Male,04.02,Team 1
G-63,4415,Zhou Li,CEE,Male,3.9,Team 1
G-63,3186,Saqib Khan,WKW SCI,Male,4.15,Team 1
G-63,856,Sita Rahman,EEE,Female,4.22,Team 1
G-63,2606,Chloe Tam,MSE,Female,3.88,Team 2
G-63,1137,Qiming,ASE,Male,04.05,Team 2
G-63,1963,Elvin Wong,SoH,Male,4.22,Team 2
G-63,5538,Vishnu Rao,CCEB,Male,04.07,Team 2
G-63,5893,Sophia Scott,CCDS,Female,4.18,Team 2
G-63,5007,Rei Takahashi,SoH,Male,3.94,Team 3
G-63,4347,Neelam Singh,SSS,Female,4.1,Team 3
G-63,1098,Emma Li,CCDS,Female,04.03,Team 3
G-63,5944,Hikaru Sato,CEE,Male,4.13,Team 3
G-63,2870,Tomoko Sato,SPMS,Female,4.19,Team 3
G-63,154,Benedict Cruz,MAE,Male,4,Team 4
G-63,4619,Sung-Jo Lee,EEE,Male,04.01,Team 4
G-63,5600,Anjali Bhatia,SoH,Female,04.06,Team 4
G-63,4064,Chandni Sethi,CoE,Female,04.06,Team 4
G-63,1528,Ethan Johnson,WKW SCI,Male,4.3,Team 4
G-63,3306,Kiran Khanna,MAE,Female,3.85,Team 5
G-63,4544,Naresh Kumar,CCDS,Male,04.05,Team 5
G-63,4205,Wenyi,SSS,Female,4.15,Team 5
G-63,3719,Isaiah Patel,CCEB,Male,04.07,Team 5
G-63,1680,Glenn Lim,SBS,Male,4.2,Team 5
G-63,389,Sung-Jin Lee,WKW SCI,Male,4,Team 6
G-63,295,Nina Kelly,MAE,Female,04.03,Team 6
G-63,633,Shahbaz Malik,SPMS,Male,04.06,Team 6
G-63,4735,Jacob Lin,CEE,Female,04.06,Team 6
G-63,199,Devika Nair,CCEB,Female,4.25,Team 6
G-63,5848,Chao Wang,CCDS,Male,04.01,Team 7
G-63,2950,Nikita Patel,SoH,Female,04.03,Team 7
G-63,2861,Ethan Wong,MAE,Male,04.08,Team 7
G-63,483,Nathan Lee,SSS,Male,04.05,Team 7
G-63,4203,Zhou Min,CoB (NBS),Female,4.2,Team 7
G-63,3271,Lina Wong,CoB (NBS),Female,3.85,Team 8
G-63,3758,Laila Binti Rahim,CCDS,Female,4.15,Team 8
G-63,2709,Zachary Young,MAE,Male,4.12,Team 8
G-63,291,Le Minh Tuan,EEE,Male,04.09,Team 8
G-63,606,Lily Carter,SSS,Female,4.17,Team 8
G-63,4465,Dingming,CCDS,Female,4,Team 9
G-63,3946,Dimas Santoso,SBS,Male,04.01,Team 9
G-63,3733,Demi Lee,EEE,Female,04.06,Team 9
G-63,1215,Feng Qian,LKCMedicine,Female,4.1,Team 9
G-63,748,Mason Reed,MAE,Male,4.21,Team 9
G-63,2268,Leila Tan,SPMS,Female,3.95,Team 10
G-63,5348,Nikolai Semyonov,CoE,Male,04.03,Team 10
G-63,5225,Aasiyah Khan,CCDS,Female,04.09,Team 10
G-63,1671,Megan Wright,CoB (NBS),Female,4.1,Team 10
G-63,264,Rhett Chen,CCEB,Male,4.22,Team 10
G-64,4034,Gage Wright,CCDS,Male,3.87,Team 1
G-64,2598,Daniel Green,MAE,Male,4.11,Team 1
G-64,3544,Simran Bhatia,WKW SCI,Female,4.27,Team 1
G-64,3881,Leo Xu,SoH,Male,4.14,Team 1
G-64,3666,Lina Rahmawati,CoE,Female,4.1,Team 1
G-64,5404,Ava Li,MAE,Female,04.01,Team 2
G-64,3464,Chen Yi,CoB (NBS),Male,04.05,Team 2
G-64,5117,Emily Thompson,SPMS,Female,04.05,Team 2
G-64,794,Dina Sari,EEE,Female,4.15,Team 2
G-64,2179,Faisal Naeem,CoE,Male,4.23,Team 2
G-64,926,Khairul Bin Ali,SoH,Male,3.9,Team 3
G-64,5758,Chloe Lim,SSS,Female,04.03,Team 3
G-64,5832,Logan Rivera,EEE,Male,4.14,Team 3
G-64,2461,Hoa Tran,CoB (NBS),Female,4.25,Team 3
G-64,4823,Jacob Bennett,CEE,Male,4.14,Team 3
G-64,5961,Uy Nguyen,CCEB,Female,04.01,Team 4
G-64,4501,Elias Bennett,CCDS,Male,04.03,Team 4
G-64,2585,Bethany Wang,SoH,Female,4.11,Team 4
G-64,3322,Sara Martin,EEE,Female,4.19,Team 4
G-64,2059,Ningqi,CoB (NBS),Male,4.2,Team 4
G-64,5619,Diana Tan,CCDS,Female,04.01,Team 5
G-64,4554,Andrei Konstantinov,WKW SCI,Male,04.05,Team 5
G-64,3877,Leila Dela Cruz,CCEB,Female,04.06,Team 5
G-64,873,Renee Tan,EEE,Female,4.22,Team 5
G-64,2688,Kenneth Tan,SBS,Male,4.19,Team 5
G-64,2399,Chaya Desai,ADM,Female,3.85,Team 6
G-64,3977,Zane Wu,EEE,Male,04.09,Team 6
G-64,5929,Mi-Ra Kim,CCEB,Female,4.12,Team 6
G-64,4226,Ethan Moore,CoB (NBS),Male,4.19,Team 6
G-64,332,Daniel Robinson,SPMS,Male,4.2,Team 6
G-64,3894,Scarlett Young,SoH,Female,3.88,Team 7
G-64,5779,Evelyn Collins,SSS,Female,4.18,Team 7
G-64,530,Hiroki Tanaka,EEE,Male,4.1,Team 7
G-64,1244,Kain Yang,EEE,Male,04.09,Team 7
G-64,2544,Dong-Soo Lee,CoE,Male,4.2,Team 7
G-64,3378,Zara Dwi,CoB (NBS),Female,4,Team 8
G-64,4583,Xiaoling Zhou,EEE,Female,04.03,Team 8
G-64,4141,Kamran Shah,SSS,Male,4.14,Team 8
G-64,523,Bobby Yip,WKW SCI,Male,04.09,Team 8
G-64,1026,Farooq Khan,SPMS,Male,4.22,Team 8
G-64,4957,Syahrul Bin Mohd,CoB (NBS),Male,3.85,Team 9
G-64,841,Cherie Wong,CCEB,Female,4.1,Team 9
G-64,4233,Sandi Prasetyo,CCDS,Male,4.1,Team 9
G-64,4582,Brendan Reyes,MAE,Male,4.15,Team 9
G-64,3058,Layla Khan,EEE,Female,4.26,Team 9
G-64,2948,Mira Binti Bakar,SBS,Female,3.85,Team 10
G-64,3359,Tyler Price,CEE,Male,4.17,Team 10
G-64,4697,Talia Chen,NIE,Female,4.12,Team 10
G-64,3784,Ranya Ibrahim,MAE,Female,4.12,Team 10
G-64,616,Ravi Yadav,EEE,Male,4.2,Team 10
G-65,2925,Izzat Bin Mohd,LKCMedicine,Male,4,Team 1
G-65,14,Tanisha Desai,SBS,Female,04.03,Team 1
G-65,4375,Naomi Cheung,CCEB,Female,04.06,Team 1
G-65,4049,William Yang,EEE,Male,4.14,Team 1
G-65,3426,Sushmita Sharma,CoB (NBS),Female,4.22,Team 1
G-65,784,Aria Carter,EEE,Female,4,Team 2
G-65,3513,Nikita Sinha,MAE,Female,04.03,Team 2
G-65,4478,Jin Wei Tan,SoH,Male,4.1,Team 2
G-65,3587,Benjamin Hernandez,SPMS,Male,4.12,Team 2
G-65,2234,Elena Chua,SSS,Female,4.22,Team 2
G-65,5139,Isabel Wong,CoB (NBS),Female,04.08,Team 3
G-65,3060,Jing Chen,CCDS,Male,3.97,Team 3
G-65,538,Diana Yeo,MAE,Female,04.09,Team 3
G-65,4532,Leila Iyer,SSS,Female,4.14,Team 3
G-65,5916,Toni Susanto,CCEB,Male,4.2,Team 3
G-65,5782,Akiko Matsuda,CoB (NBS),Female,04.03,Team 4
G-65,5602,Asad Bukhari,CCDS,Female,04.04,Team 4
G-65,5852,Kevin Patel,SBS,Male,04.04,Team 4
G-65,1291,Khanh Le,CoE,Male,4.2,Team 4
G-65,2762,Vivi Anggraini,EEE,Female,4.1,Team 4
G-65,2082,Grace Yang,SSS,Female,4.12,Team 5
G-65,21,David Smith,SPMS,Male,04.05,Team 5
G-65,4169,Ilya Semyonov,NIE,Male,3.9,Team 5
G-65,2866,Owen Chan,CCDS,Male,4.18,Team 5
G-65,4120,Ika Binti Zain,CCEB,Female,4.2,Team 5
G-65,3393,Sonia Ong,CCDS,Female,4.15,Team 6
G-65,3746,Evan Lewis,NIE,Male,3.86,Team 6
G-65,2678,Areeba Noor,SBS,Female,04.09,Team 6
G-65,5049,Prisha Ong,MAE,Female,4.15,Team 6
G-65,59,Zheng Rui,SoH,Male,4.18,Team 6
G-65,468,Harith Bin Rahman,EEE,Male,04.05,Team 7
G-65,2929,Orion Setiawan,CCDS,Male,04.05,Team 7
G-65,5134,Alice Wall,SSS,Female,04.06,Team 7
G-65,708,Sophie Wright,CoE,Female,04.03,Team 7
G-65,1666,Wyatt Thompson,NIE,Male,4.26,Team 7
G-65,211,Elle Li,CoB (NBS),Female,04.03,Team 8
G-65,1374,Ravi Kiran,SPMS,Male,04.03,Team 8
G-65,2510,Xena Santos,MAE,Female,4.19,Team 8
G-65,1035,Nandini Rao,CCEB,Female,4.18,Team 8
G-65,5459,Kai Zhang,CCDS,Male,04.04,Team 8
G-65,2527,Kiran Malhotra,CEE,Male,3.8,Team 9
G-65,359,Phuc Tran,CoB (NBS),Female,4.2,Team 9
G-65,3644,Mira Binti Ali,LKCMedicine,Female,4.1,Team 9
G-65,5388,Adam Cooper,MAE,Male,4.17,Team 9
G-65,271,Nadine Lee,CCDS,Female,4.22,Team 9
G-65,1072,Naya Tan,CCDS,Female,3.92,Team 10
G-65,2953,Shivani Tan,CCEB,Female,4.15,Team 10
G-65,3458,Nguyen Van Thanh,SBS,Female,4.11,Team 10
G-65,5871,Joshua Wang,LKCMedicine,Male,4.18,Team 10
G-65,1037,Yuuta Nakamura,CoE,Male,4.12,Team 10
G-66,425,Aarav Patil,CoB (NBS),Male,3.85,Team 1
G-66,761,Clara Lim,SoH,Female,4.14,Team 1
G-66,11,Fiona Tsai,MAE,Female,4.14,Team 1
G-66,1090,Syed Bilal Bin Rahman,WKW SCI,Male,4.15,Team 1
G-66,272,James Li,EEE,Male,4.19,Team 1
G-66,957,Zhihao,SBS,Male,4.15,Team 2
G-66,4598,Nisha Joshi,SSS,Female,04.08,Team 2
G-66,2584,Lina Yeo,MAE,Female,04.09,Team 2
G-66,5384,Yale Cruz,EEE,Male,3.91,Team 2
G-66,4331,Pallavi Joshi,CoB (NBS),Female,4.25,Team 2
G-66,5932,Alvin Lee,SPMS,Male,4.15,Team 3
G-66,5330,Ying Yue,SSS,Female,4.17,Team 3
G-66,906,Violet Tsai,CoB (NBS),Female,4.1,Team 3
G-66,4550,Dustin Chen,CEE,Male,04.06,Team 3
G-66,315,Tina Lim,SBS,Female,4.21,Team 3
G-66,1977,Kaira Ong,LKCMedicine,Female,3.88,Team 4
G-66,4192,Lachlan Zhao,CCEB,Male,04.09,Team 4
G-66,4903,Samit Kumar,CoE,Male,4.15,Team 4
G-66,1696,Jason Martin,ASE,Male,4.15,Team 4
G-66,4498,Rhea Iyer,CoB (NBS),Female,4.22,Team 4
G-66,3947,Yuki Yamamoto,MAE,Female,3.92,Team 5
G-66,2779,Chloe Ong,MSE,Female,04.09,Team 5
G-66,2149,Ella Tsai,SSS,Female,04.03,Team 5
G-66,575,Devon Tan,EEE,Male,4.25,Team 5
G-66,382,Tao Ming,CoB (NBS),Male,4.22,Team 5
G-66,287,Daniel Kim,CCDS,Male,3.89,Team 6
G-66,3202,Ritika Suresh,CoB (NBS),Female,4.2,Team 6
G-66,3566,Kajal Kaur,SPMS,Female,4.12,Team 6
G-66,2156,Ellie Russell,MSE,Female,04.08,Team 6
G-66,220,Joseph Lee,CEE,Male,4.22,Team 6
G-66,843,Khalifah Binti Abd,CCEB,Male,4,Team 7
G-66,2580,Jing Mei,MAE,Male,04.04,Team 7
G-66,4645,Xiu Chen,CoB (NBS),Female,4.1,Team 7
G-66,3445,Vera Lim,NIE,Female,4.19,Team 7
G-66,246,Caiyun,CEE,Male,4.25,Team 7
G-66,997,Jasmine Ali,SBS,Female,3.9,Team 8
G-66,5527,Carlos Martinez,SPMS,Male,4.15,Team 8
G-66,1226,Andrew Phillips,CoB (NBS),Male,4.15,Team 8
G-66,3701,Arjun Mehta,EEE,Male,4.21,Team 8
G-66,207,Sabrina Lin,MAE,Female,4.1,Team 8
G-66,97,Zheng Hao Tan,SPMS,Male,4,Team 9
G-66,4701,Kong Ming,CCDS,Male,04.02,Team 9
G-66,720,Hannah Wu,CoB (NBS),Female,4.22,Team 9
G-66,4021,Zoe Yip,EEE,Female,4,Team 9
G-66,820,Zhihao,ASE,Male,4.48,Team 9
G-66,3009,In-Ho Kim,CoE,Male,3.9,Team 10
G-66,5868,Saira Khan,CoB (NBS),Female,04.09,Team 10
G-66,5078,Maya Lopez,MAE,Female,4.11,Team 10
G-66,4648,Oliver Thomas,EEE,Male,4.15,Team 10
G-66,4779,Cameron Hall,NIE,Male,4.21,Team 10
G-67,227,Akira Matsuda,ASE,Male,3.85,Team 1
G-67,5253,Janelle Pineda,SSS,Female,04.02,Team 1
G-67,2314,Emery Rice,CEE,Female,4.12,Team 1
G-67,2219,Olivia Lee,CoE,Female,4.12,Team 1
G-67,5778,Bingli,CCDS,Male,4.2,Team 1
G-67,5509,Sameer Khan,CoB (NBS),Male,04.01,Team 2
G-67,1023,Peishan,ASE,Male,4.1,Team 2
G-67,5272,Umara Rahmadani,SPMS,Female,4.15,Team 2
G-67,5252,Natsumi Yamamoto,NIE,Female,04.01,Team 2
G-67,1364,Zara Santos,MAE,Female,4.25,Team 2
G-67,549,Ayesha Malik,SSS,Female,4,Team 3
G-67,571,Paul Chan,SoH,Male,04.06,Team 3
G-67,5973,Dev Raj,CoE,Male,4.23,Team 3
G-67,1459,Sanya Gupta,CoB (NBS),Female,4.12,Team 3
G-67,2305,Umme Aiman,EEE,Female,4,Team 3
G-67,5283,Disha Nair,CoB (NBS),Female,04.01,Team 4
G-67,5764,Rina Lestari,CCEB,Female,4,Team 4
G-67,3153,Xue Ying,WKW SCI,Male,4.17,Team 4
G-67,2393,Zoe Leung,MSE,Female,4.12,Team 4
G-67,3350,Jerome Tan,CCDS,Male,4.18,Team 4
G-67,4681,Jaya Singh,MAE,Female,04.01,Team 5
G-67,1660,Kieu Nguyen,CCDS,Female,04.01,Team 5
G-67,2521,Anastasia Smirnova,EEE,Female,04.09,Team 5
G-67,3966,Owen Hall,WKW SCI,Male,4.22,Team 5
G-67,852,Justin Li,CoB (NBS),Male,4.2,Team 5
G-67,4916,Kah Ying,CCDS,Female,3.88,Team 6
G-67,4977,Alexander Adams,CoB (NBS),Male,4.23,Team 6
G-67,4628,Eli Chen,ASE,Male,04.06,Team 6
G-67,2297,Isabella Hernandez,SBS,Female,4.1,Team 6
G-67,2311,Ethan Taylor,CEE,Male,4.21,Team 6
G-67,3038,Lian Huang,CCDS,Female,3.95,Team 7
G-67,2285,Oliver Huang,CoB (NBS),Male,04.08,Team 7
G-67,1729,Lila Young,CCEB,Female,04.01,Team 7
G-67,2291,Aria Wu,SoH,Female,4.18,Team 7
G-67,4275,Julian Carter,SBS,Male,4.22,Team 7
G-67,3570,Addison Bell,CCDS,Female,3.85,Team 8
G-67,2889,Peyton Chang,CoB (NBS),Female,04.09,Team 8
G-67,249,Remy Mendoza,EEE,Female,4.14,Team 8
G-67,1792,Hugo Wang,LKCMedicine,Male,4.1,Team 8
G-67,1321,Zane Lee,CEE,Male,4.19,Team 8
G-67,716,Sanya Maheshwari,SoH,Female,4,Team 9
G-67,393,Yuki Takahashi,EEE,Male,04.06,Team 9
G-67,453,Dylan Liu,NIE,Male,04.09,Team 9
G-67,5878,Olivia Kim,SSS,Female,04.09,Team 9
G-67,5717,Ava Chan,CCDS,Female,4.22,Team 9
G-67,2947,Rahul Gupta,CoE,Male,3.9,Team 10
G-67,4818,Vika Rahmadani,CoB (NBS),Female,4.15,Team 10
G-67,1871,Cynthia Lee,SPMS,Female,4.16,Team 10
G-67,5454,Leo Huang,SBS,Male,04.04,Team 10
G-67,4473,Jett Brown,CCDS,Male,4.2,Team 10
G-68,2513,Laura Garcia,MAE,Female,3.85,Team 1
G-68,3605,Nashit Khan,CoE,Male,04.02,Team 1
G-68,5976,Xiuqin,CoB (NBS),Female,04.05,Team 1
G-68,1218,Emma Tsai,SBS,Female,4.22,Team 1
G-68,5415,Matthew Hall,EEE,Male,4.19,Team 1
G-68,733,Wenwen,SBS,Female,3.8,Team 2
G-68,5572,Levi Li,LKCMedicine,Male,4.14,Team 2
G-68,1591,Tenzin Wangchuk,EEE,Male,4.14,Team 2
G-68,1714,Song-Joo Lee,CoB (NBS),Female,4.12,Team 2
G-68,4557,Sana Mehta,MAE,Female,4.11,Team 2
G-68,2996,Aditi Kapoor,SSS,Female,4,Team 3
G-68,3762,Maya Ramirez,SBS,Female,04.01,Team 3
G-68,918,Leo Kelly,EEE,Male,4.1,Team 3
G-68,1084,Adrian Liu,CCDS,Male,4.22,Team 3
G-68,2433,Iris Zhao,CoB (NBS),Female,04.02,Team 3
G-68,485,Ahmad Bin Zakaria,SSS,Male,04.01,Team 4
G-68,1457,Samuel Torres,SBS,Male,04.03,Team 4
G-68,120,Fatimah Binti Ali,EEE,Female,3.88,Team 4
G-68,1196,Henry Smith,CCDS,Male,4.15,Team 4
G-68,3512,Sadie Rivera,NIE,Female,4.52,Team 4
G-68,451,Mabel Wang,SBS,Female,04.02,Team 5
G-68,2464,Jayden Lee,MAE,Male,04.02,Team 5
G-68,4314,Nora Parker,SPMS,Female,4.18,Team 5
G-68,2643,Maddox Torres,EEE,Male,04.03,Team 5
G-68,3755,Jennifer Tan,CCDS,Female,4.2,Team 5
G-68,1448,Tran Van Dung,MAE,Male,4.11,Team 6
G-68,1393,Ursula Wong,CoB (NBS),Female,4.14,Team 6
G-68,1743,Aiden Thompson,EEE,Male,4.16,Team 6
G-68,2731,Vina Herlina,CCEB,Female,3.9,Team 6
G-68,1918,Sanya Malik,CCDS,Female,4.18,Team 6
G-68,3836,Anika Tan,EEE,Female,3.95,Team 7
G-68,1576,Riley Adams,SPMS,Male,4,Team 7
G-68,1050,Yong Zhang,CoB (NBS),Male,04.03,Team 7
G-68,2435,Luna Rivera,SBS,Female,4.19,Team 7
G-68,1579,Hunter Johnson,CCDS,Male,4.15,Team 7
G-68,2530,Sophie Turner,NIE,Female,4.12,Team 8
G-68,4420,Diya Mathur,MAE,Female,04.02,Team 8
G-68,139,Rahul Mehta,CCDS,Male,04.04,Team 8
G-68,2624,Hunter Yang,EEE,Male,04.08,Team 8
G-68,5105,Nina Patel,SSS,Female,4.16,Team 8
G-68,3349,Lin Chen,WKW SCI,Female,4.1,Team 9
G-68,4613,Valerie Tan,SBS,Female,3.95,Team 9
G-68,83,Knox Yang,MSE,Male,04.03,Team 9
G-68,5603,Jin Le Tan,EEE,Male,4.15,Team 9
G-68,4276,Leona Chua,CoB (NBS),Female,04.05,Team 9
G-68,3561,Mohammed Ali,CoE,Male,3.88,Team 10
G-68,4695,Mia Lewis,MAE,Female,4.13,Team 10
G-68,630,Luna Long,SSS,Female,04.03,Team 10
G-68,5510,Li Jun,CCDS,Male,04.05,Team 10
G-68,858,Naomi Ueno,EEE,Female,4.22,Team 10
G-69,5900,Jin Hao,EEE,Male,3.88,Team 1
G-69,4159,Ella Cooper,CEE,Female,4.14,Team 1
G-69,3452,Colin Wong,SSS,Male,4.11,Team 1
G-69,3769,Xander Lim,CCDS,Male,4.15,Team 1
G-69,3360,Scarlett Bell,SBS,Female,4.2,Team 1
G-69,2575,Sofia Hall,SSS,Female,04.01,Team 2
G-69,4830,Ivy Reyes,CoB (NBS),Female,04.06,Team 2
G-69,1086,Maxine Ong,CCEB,Female,4.12,Team 2
G-69,869,Jian Liu,SoH,Male,4.18,Team 2
G-69,765,Lucas Wilson,SBS,Male,4.17,Team 2
G-69,544,Fiona Binti Wong,CoB (NBS),Female,4.1,Team 3
G-69,1131,Libby Tan,MSE,Female,4,Team 3
G-69,426,Nita Nair,ASE,Female,4.14,Team 3
G-69,995,Shakir Bin Ahmad,CEE,Male,4.15,Team 3
G-69,923,Naim Bin Rahim,EEE,Male,4.15,Team 3
G-69,515,Clara Tsai,EEE,Female,04.02,Team 4
G-69,845,Jessica Brown,SBS,Female,04.02,Team 4
G-69,3693,Amina Binti Noor,SoH,Female,04.05,Team 4
G-69,195,Luca Carter,CoB (NBS),Male,4.18,Team 4
G-69,4238,Aarav Yadav,SPMS,Male,4.27,Team 4
G-69,3576,Hina Ali,SSS,Female,3.95,Team 5
G-69,1361,James Anderson,CoB (NBS),Male,04.09,Team 5
G-69,3706,Aria Young,CoE,Female,4.12,Team 5
G-69,1243,Erhua,MAE,Male,4.2,Team 5
G-69,1602,Kenta Hashimoto,SPMS,Male,4.19,Team 5
G-69,3332,Cindy Chang,EEE,Female,04.06,Team 6
G-69,2212,Xiang Yu Tan,SoH,Male,04.05,Team 6
G-69,2117,Daniel Campbell,CCDS,Male,04.02,Team 6
G-69,5669,Milo Liu,CCEB,Male,4.22,Team 6
G-69,2516,Xiangqi,ADM,Female,4.2,Team 6
G-69,1385,Ryan Lin,EEE,Male,4.1,Team 7
G-69,1038,Irfan Bin Zain,MAE,Male,4,Team 7
G-69,2298,Kiera Wong,SSS,Female,04.02,Team 7
G-69,651,Jonas Lee,CoB (NBS),Male,4.14,Team 7
G-69,1443,Jia Tan,CoE,Female,4.3,Team 7
G-69,1338,Nora Binti Zainal,EEE,Female,3.95,Team 8
G-69,4017,Jackson Mitchell,SoH,Male,4.17,Team 8
G-69,151,Mia Wu,CCEB,Female,04.09,Team 8
G-69,2001,Gaurav Joshi,CoB (NBS),Male,4.18,Team 8
G-69,3209,Ji-Hoon Kim,SBS,Male,4.19,Team 8
G-69,2412,Sanjay Kapoor,CoB (NBS),Male,3.91,Team 9
G-69,4013,Narin Tan,SoH,Female,4.1,Team 9
G-69,418,Jack Huang,ADM,Male,04.06,Team 9
G-69,1670,Serena Wong,MAE,Female,4.16,Team 9
G-69,4540,Ningyue,CoE,Female,4.3,Team 9
G-69,2239,Katherine Wood,SSS,Female,04.05,Team 10
G-69,2432,Fikri Andika,EEE,Male,4.2,Team 10
G-69,3992,Jingyi,CoE,Male,04.05,Team 10
G-69,2697,Victoria Parker,CCDS,Female,04.01,Team 10
G-69,749,Hina Khan,MSE,Female,4.22,Team 10
G-7,5145,Isaiah Lee,EEE,Male,04.03,Team 1
G-7,5622,Derek Johnson,CCDS,Male,3.9,Team 1
G-7,88,Addison Yang,CoB (NBS),Female,04.09,Team 1
G-7,2057,Noah Huang,ADM,Male,4.2,Team 1
G-7,5077,Neha Joshi,SPMS,Female,4.17,Team 1
G-7,2263,Indriani Wulandari,SBS,Female,4.25,Team 2
G-7,3448,Yoshinori Yamashita,ADM,Male,3.89,Team 2
G-7,4351,Zoe Parker,EEE,Female,4.18,Team 2
G-7,1357,Isabella Clark,SoH,Female,04.04,Team 2
G-7,1116,Hunter Powell,NIE,Male,4.14,Team 2
G-7,3624,Minh Tran,MAE,Male,3.9,Team 3
G-7,2211,Rita Chan,CEE,Female,04.07,Team 3
G-7,73,Daniel Robinson,SoH,Male,04.08,Team 3
G-7,4184,Yun Chen,SSS,Female,4.2,Team 3
G-7,2498,Ahmad bin Ali,EEE,Male,4.18,Team 3
G-7,984,Siti Aminah,MAE,Female,3.95,Team 4
G-7,4318,Hassan Malik,SoH,Male,04.05,Team 4
G-7,5243,Soo-Yeon Lee,CCEB,Female,04.02,Team 4
G-7,2967,Oscar Lim,CCDS,Male,4.11,Team 4
G-7,2755,Bingwen,CoB (NBS),Male,4.52,Team 4
G-7,4601,Rosa Martinez,SPMS,Female,4,Team 5
G-7,3407,Ariana Tsai,CCDS,Female,04.03,Team 5
G-7,1074,Matthew Lee,EEE,Male,04.02,Team 5
G-7,3257,Aria Khan,MAE,Female,4.14,Team 5
G-7,135,Waleed Iqbal,CoB (NBS),Male,4.21,Team 5
G-7,5822,Daniel Patel,SPMS,Male,3.88,Team 6
G-7,927,Sofia Patel,CCEB,Female,4.13,Team 6
G-7,2472,Cheng Wei,NIE,Male,04.08,Team 6
G-7,4279,Yuan Yi,MAE,Female,4.3,Team 6
G-7,690,Hikaru Kuroda,EEE,Male,4.12,Team 6
G-7,2159,Shinji Yoshida,CoB (NBS),Male,3.91,Team 7
G-7,4772,Anish Bhatia,EEE,Male,4.35,Team 7
G-7,2113,Sofia Martinez,CCDS,Female,04.08,Team 7
G-7,3298,Xena Kwan,SSS,Female,4.14,Team 7
G-7,5102,Ursula Scott,CCEB,Female,04.07,Team 7
G-7,433,Priscilla Tan,CoB (NBS),Female,3.88,Team 8
G-7,4853,Andre Green,SBS,Male,04.03,Team 8
G-7,2655,Vera Yip,MAE,Female,4.14,Team 8
G-7,4398,Aiden Smith,EEE,Male,4.12,Team 8
G-7,2463,Harsh Kumar,CCEB,Male,4.19,Team 8
G-7,1462,Yvonne Reyes,SBS,Female,3.9,Team 9
G-7,4320,Bilal Hussain,EEE,Male,04.01,Team 9
G-7,955,Devika Mehta,CCEB,Female,4.1,Team 9
G-7,3805,Charlie Wong,NIE,Male,4.15,Team 9
G-7,5193,Min-Seok Lee,SoH,Male,4.22,Team 9
G-7,4197,Eli Tan,MSE,Male,3.89,Team 10
G-7,550,Yong Jie,EEE,Male,4.15,Team 10
G-7,5729,Aiman Bin Azman,CCEB,Male,4.1,Team 10
G-7,328,Evelyn Kelly,MAE,Female,4.26,Team 10
G-7,3924,Ayesha Shirin,CoB (NBS),Female,04.02,Team 10
G-70,1843,Jasmine Binti Ali,CCDS,Female,3.9,Team 1
G-70,2780,Hina Raza,SBS,Female,4.14,Team 1
G-70,5485,Kyla Cheung,CCEB,Female,4.11,Team 1
G-70,1125,Zachary Wu,NIE,Male,4.14,Team 1
G-70,1750,Katherine Chen,CoB (NBS),Female,4.14,Team 1
G-70,3032,Elena Kwan,CoE,Female,04.02,Team 2
G-70,2668,Kangtai,MSE,Female,04.05,Team 2
G-70,4024,Aiko Tanaka,SSS,Female,04.03,Team 2
G-70,3599,Dylan Collins,SoH,Male,4.15,Team 2
G-70,3756,Zara Chan,CoB (NBS),Female,4.22,Team 2
G-70,2355,Finn Walker,NIE,Male,4,Team 3
G-70,1572,Sumita Sharma,CoB (NBS),Female,04.04,Team 3
G-70,4686,Benjamin Allen,SBS,Male,04.03,Team 3
G-70,4424,Aifang,SSS,Female,4.15,Team 3
G-70,1869,Aria Phillips,CoE,Female,4.25,Team 3
G-70,5827,Emma Thompson,NIE,Female,04.01,Team 4
G-70,3766,Jack Ng,EEE,Male,04.02,Team 4
G-70,3078,Guangzhen,CCEB,Male,4.1,Team 4
G-70,3944,Tina Yung,SSS,Female,4.22,Team 4
G-70,5054,Maya Evans,MSE,Female,4.13,Team 4
G-70,4791,Jing Mei,EEE,Female,3.94,Team 5
G-70,45,Jett Martinez,CCEB,Male,4.11,Team 5
G-70,2609,Hafsa Noor,CEE,Female,04.09,Team 5
G-70,5636,Nimisha Gupta,CCDS,Female,4.12,Team 5
G-70,3661,Wayne Tan,NIE,Male,4.22,Team 5
G-70,3029,Dante Lewis,CoE,Male,04.02,Team 6
G-70,2872,Huang Feng,CEE,Male,04.06,Team 6
G-70,3508,Renee Wong,SSS,Female,04.09,Team 6
G-70,3272,Rina Amelia,EEE,Female,4.15,Team 6
G-70,1578,Jasmine Bhat,CCEB,Female,4.18,Team 6
G-70,4808,Ella Rodriguez,SSS,Female,04.01,Team 7
G-70,795,Saanvi Patel,SoH,Female,04.07,Team 7
G-70,1287,Jaxon Kim,CoB (NBS),Male,4.11,Team 7
G-70,662,Ulyssa Dela Cruz,CCDS,Female,4.17,Team 7
G-70,2902,Ming Shen,EEE,Male,4.18,Team 7
G-70,5392,Aarvi Gupta,MSE,Female,3.9,Team 8
G-70,1694,Amelia Thompson,NIE,Female,04.08,Team 8
G-70,5631,Emma Thomas,SoH,Female,4.1,Team 8
G-70,1414,Yasin Shah,LKCMedicine,Male,4.18,Team 8
G-70,2522,Beau Dela Cruz,CCDS,Male,4.2,Team 8
G-70,1946,Alice Kwan,SSS,Female,04.02,Team 9
G-70,2034,Anjali Desai,CoB (NBS),Female,04.03,Team 9
G-70,3470,Finn James,CCDS,Male,04.08,Team 9
G-70,1556,Ken Yamamoto,CEE,Male,04.04,Team 9
G-70,3340,Raisha Khanna,MSE,Female,4.22,Team 9
G-70,838,Nguyen Van Tinh,SoH,Male,3.9,Team 10
G-70,1093,Cary Tan,NIE,Female,4.1,Team 10
G-70,1250,Dina Farhan,MAE,Female,4.11,Team 10
G-70,3287,Rashid Khan,CoB (NBS),Female,4.18,Team 10
G-70,459,Khalil Bin Ismail,CoE,Male,4.2,Team 10
G-71,3643,Emily Tsai,CCEB,Female,3.88,Team 1
G-71,2109,Renji Tanaka,SoH,Male,04.08,Team 1
G-71,1725,Vivek Nair,CoB (NBS),Male,04.05,Team 1
G-71,5488,Lana Lee,EEE,Female,4.15,Team 1
G-71,261,Tara Chen,WKW SCI,Female,4.26,Team 1
G-71,3402,Ningyu,SBS,Female,3.9,Team 2
G-71,5041,Priyanka Kapoor,MAE,Female,4,Team 2
G-71,5861,Fiona Lam,EEE,Female,4.14,Team 2
G-71,3433,Mohammad Ali,CoB (NBS),Male,4.14,Team 2
G-71,1245,Cassandra Reyes,SSS,Female,4.26,Team 2
G-71,4646,Zain Bin Ali,NIE,Male,3.94,Team 3
G-71,4063,Mia Lim,LKCMedicine,Female,4.22,Team 3
G-71,5223,Rhea Bennett,SBS,Female,4.1,Team 3
G-71,5794,Jonas Evans,EEE,Male,4.2,Team 3
G-71,3267,Ming Zhao,CoB (NBS),Female,04.01,Team 3
G-71,4384,Ayla Turner,SoH,Female,3.86,Team 4
G-71,4434,Jade Tan,CoE,Female,04.02,Team 4
G-71,1945,Anisah Binti,CoB (NBS),Female,4.18,Team 4
G-71,2007,Eric Huang,EEE,Male,4.18,Team 4
G-71,5052,Dong-Soo Lee,CCDS,Male,4.21,Team 4
G-71,1574,Adriel Reyes,SBS,Male,3.88,Team 5
G-71,3484,Evelyn Yeo,CoB (NBS),Female,04.05,Team 5
G-71,2460,Hira Ali,EEE,Female,4.15,Team 5
G-71,3603,Sofia Perez,SoH,Female,4.15,Team 5
G-71,5923,Kamran Hussain,CEE,Male,4.23,Team 5
G-71,1430,Dmitri Volkov,CCEB,Male,3.9,Team 6
G-71,5229,Lucas Martinez,SPMS,Male,4.13,Team 6
G-71,2854,Nora Campbell,SSS,Female,4.19,Team 6
G-71,704,Mia Garcia,NIE,Female,4.2,Team 6
G-71,2990,Soo-Yeon Kim,CoB (NBS),Female,04.08,Team 6
G-71,3185,Amina Binti Rahman,EEE,Female,3.84,Team 7
G-71,4378,Fei Hong Lim,NIE,Male,04.04,Team 7
G-71,2935,Peyton Villanueva,SSS,Female,04.05,Team 7
G-71,473,Lily Turner,WKW SCI,Female,4.17,Team 7
G-71,3063,Uriah Pineda,CoB (NBS),Male,4.22,Team 7
G-71,1567,Zhang Yi,CoB (NBS),Male,3.95,Team 8
G-71,1270,Maya Iyer,MAE,Female,04.04,Team 8
G-71,2794,Uriah Wong,EEE,Male,04.05,Team 8
G-71,1161,Olivia Ng,CCEB,Female,4.17,Team 8
G-71,1404,Kylie Ross,SSS,Female,4.52,Team 8
G-71,1810,Aiwen Wang,ASE,Male,4,Team 9
G-71,3011,Carmen Lin,CCEB,Female,04.02,Team 9
G-71,1543,Aisha Khan,EEE,Female,4.1,Team 9
G-71,628,Willa Pineda,MAE,Female,4.48,Team 9
G-71,1858,Ravi Sharma,SPMS,Male,04.03,Team 9
G-71,1808,Monique Fernandez,WKW SCI,Female,04.04,Team 10
G-71,3575,Carter Xu,SPMS,Male,04.03,Team 10
G-71,1713,Lila Martinez,CCEB,Female,04.08,Team 10
G-71,297,Hiroki Nakamura,MAE,Male,04.03,Team 10
G-71,3874,Indira Ong,CoB (NBS),Female,4.48,Team 10
G-72,969,Rida Noor,CCEB,Female,4.19,Team 1
G-72,1276,Belle Wang,MAE,Female,04.03,Team 1
G-72,409,Nitin Sharma,EEE,Male,04.04,Team 1
G-72,5251,Nguyen Hoang Long,SPMS,Male,3.89,Team 1
G-72,1689,Siddharth Iyer,CoE,Male,4.27,Team 1
G-72,2630,Caleb Liu,CEE,Male,04.08,Team 2
G-72,4740,Disha Iyer,EEE,Female,04.05,Team 2
G-72,3247,Suki Tanaka,SSS,Female,04.02,Team 2
G-72,2075,Gideon Reed,CoB (NBS),Male,4.18,Team 2
G-72,3281,Tristan Li,CCDS,Male,4.22,Team 2
G-72,3934,Ava Chua,MSE,Female,3.85,Team 3
G-72,744,Takahiro Nakashima,CCDS,Male,4.13,Team 3
G-72,953,Jade Kwan,CCEB,Female,4.11,Team 3
G-72,5736,Sebastian Wright,CEE,Male,4.12,Team 3
G-72,2146,Yusuf Bin Ahmad,EEE,Male,4.2,Team 3
G-72,3275,Caleb Moreno,EEE,Male,04.01,Team 4
G-72,3049,Evan Yang,SoH,Male,4.12,Team 4
G-72,2833,Zehra Noor,CCEB,Female,4.1,Team 4
G-72,1664,Ulya Handayani,CCDS,Female,4.2,Team 4
G-72,2571,Luke Howard,NIE,Male,4.13,Team 4
G-72,958,Sophie Tan,MAE,Female,4.2,Team 5
G-72,124,Lian Chen,CEE,Male,04.09,Team 5
G-72,1129,Aaron Wilson,SBS,Male,4.12,Team 5
G-72,3282,Fatimah Binti,NIE,Male,4.12,Team 5
G-72,3774,Mei Wong,SoH,Female,3.86,Team 5
G-72,4296,Tara Nair,CCEB,Female,04.05,Team 6
G-72,4401,Sakura Takahashi,MAE,Female,04.03,Team 6
G-72,2125,Hafiz Rahman,EEE,Male,4.12,Team 6
G-72,1861,Sophia Hernandez,SSS,Female,4.22,Team 6
G-72,373,Rashid Malik,CCDS,Male,4.2,Team 6
G-72,4111,Sara Malik,CCDS,Female,4.23,Team 7
G-72,640,Callie Lin,CEE,Female,04.01,Team 7
G-72,2317,Zoe Li,SoH,Female,4.16,Team 7
G-72,2767,Hoang Van Loc,EEE,Male,4.1,Team 7
G-72,2163,Kevin Wang,CoE,Male,04.01,Team 7
G-72,2770,Nari Yoshida,SBS,Female,4,Team 8
G-72,954,Preston Davis,WKW SCI,Male,04.06,Team 8
G-72,2135,Priti Sharma,CoE,Female,4.11,Team 8
G-72,5971,Jayden Bennett,CoB (NBS),Male,4.12,Team 8
G-72,3417,Shahid Bin Ahmad,CCEB,Male,4.3,Team 8
G-72,513,Nathan Roberts,CoE,Male,04.03,Team 9
G-72,4485,Maria Stepanova,CoB (NBS),Female,4.19,Team 9
G-72,5857,Max Lim,CCDS,Male,4.1,Team 9
G-72,5813,Vani Rani,MAE,Female,4.13,Team 9
G-72,1659,William Young,SPMS,Male,04.08,Team 9
G-72,3736,Elena Petrovna,CCDS,Female,4,Team 10
G-72,5200,Erik Chen,SoH,Male,4.14,Team 10
G-72,1087,Michael Jackson,MSE,Male,4.16,Team 10
G-72,2821,Luke Price,SPMS,Male,4.19,Team 10
G-72,801,Gina Tan,CCEB,Female,04.05,Team 10
G-73,4694,Stella Peterson,CoB (NBS),Female,3.91,Team 1
G-73,4131,Liang Zhang,MAE,Female,4.2,Team 1
G-73,5637,Faisal Rehman,CCDS,Male,04.05,Team 1
G-73,1577,Xiang Yu,SBS,Female,04.06,Team 1
G-73,254,Josh Thompson,EEE,Male,4.19,Team 1
G-73,4119,Nguyen Van Hao,CoB (NBS),Male,04.02,Team 2
G-73,1206,Megan Lewis,SSS,Female,04.03,Team 2
G-73,2271,Addie Lin,CEE,Female,4.12,Team 2
G-73,4249,Saira Ali,EEE,Female,4.12,Team 2
G-73,3440,Nguyen Van Son,CoE,Male,4.22,Team 2
G-73,303,Hannah Martinez,MAE,Female,04.01,Team 3
G-73,2956,Akira Nishida,EEE,Male,4,Team 3
G-73,4698,Angela Yip,CEE,Female,04.05,Team 3
G-73,1091,Aaliyah Flores,SBS,Female,4.2,Team 3
G-73,3309,Trey Liu,CoB (NBS),Male,4.12,Team 3
G-73,3531,Claudia Dela Cruz,CoB (NBS),Female,3.89,Team 4
G-73,5671,Lucy Simmons,CCDS,Female,4.15,Team 4
G-73,4452,Henry Li,EEE,Male,4.11,Team 4
G-73,4467,Aditi Mehta,SSS,Female,4.16,Team 4
G-73,2397,Dylan Yang,CCEB,Male,04.01,Team 4
G-73,3763,Kazuo Higashi,CCEB,Male,4.14,Team 5
G-73,2839,Nina Kwan,CEE,Female,4.11,Team 5
G-73,4961,Zhen Wei,CoB (NBS),Male,4.1,Team 5
G-73,2108,Celine Wong,SoH,Female,3.9,Team 5
G-73,5805,Rida Shah,EEE,Female,4.18,Team 5
G-73,1757,Uma Dela Cruz,CoB (NBS),Female,3.96,Team 6
G-73,126,Vira Andini,EEE,Female,4.2,Team 6
G-73,1908,Hannah Sanchez,CCDS,Female,04.03,Team 6
G-73,5504,Leo Li,CoE,Male,4.14,Team 6
G-73,5665,Wyatt Adams,SPMS,Male,4.16,Team 6
G-73,3025,Matthew Wilson,CoE,Male,4,Team 7
G-73,5562,Tiantian Liu,SPMS,Female,04.01,Team 7
G-73,5721,Lina Lim,CCEB,Female,4.15,Team 7
G-73,2345,Hao Chen,CCDS,Male,4.14,Team 7
G-73,3318,Kiran Noor,MAE,Female,04.09,Team 7
G-73,3007,Ty Wu,CoB (NBS),Male,04.09,Team 8
G-73,2799,Hui Zhang,SBS,Female,04.03,Team 8
G-73,3511,Zylen Alvarado,CCDS,Male,04.09,Team 8
G-73,1379,Tran Van Thanh,MAE,Female,4.22,Team 8
G-73,4496,Maya Thompson,CCEB,Female,04.09,Team 8
G-73,1526,Yuna Nakamura,CCDS,Female,3.91,Team 9
G-73,4940,Levi Morgan,MAE,Male,4.19,Team 9
G-73,743,Xia Chen,SBS,Female,04.05,Team 9
G-73,4976,Lilah Diaz,CoB (NBS),Female,4.2,Team 9
G-73,2984,Rahul Desai,SoH,Male,04.09,Team 9
G-73,3635,Guangqiang,CoB (NBS),Female,3.95,Team 10
G-73,143,Marc Cheung,SoH,Male,04.06,Team 10
G-73,5399,Shanaya Rao,ADM,Female,4.11,Team 10
G-73,1057,Nadia Ismail,CoE,Female,4.15,Team 10
G-73,3143,Ryan Lim,EEE,Male,4.17,Team 10
G-74,4321,Victor Lim,SBS,Male,3.93,Team 1
G-74,1972,Victoria Adams,CoB (NBS),Female,04.06,Team 1
G-74,569,Cindy Lestari,CCEB,Female,4.1,Team 1
G-74,3233,Kaden Reed,CEE,Male,4.11,Team 1
G-74,5623,Daniel Koh,EEE,Male,4.19,Team 1
G-74,5036,Laila Binti Ismail,SPMS,Female,3.95,Team 2
G-74,3939,Elijah Liu,CEE,Male,4.11,Team 2
G-74,4998,Chloe Brown,SSS,Female,04.03,Team 2
G-74,2723,Ethan Thomas,NIE,Male,4.11,Team 2
G-74,2659,Fatma Binti Ali,CoB (NBS),Female,4.25,Team 2
G-74,2048,Amelia Wang,CCDS,Female,04.03,Team 3
G-74,36,Sanya Verma,CoB (NBS),Female,04.06,Team 3
G-74,1437,Aarav Bajaj,SPMS,Male,4.11,Team 3
G-74,732,Aidan Tan,CCEB,Male,4.18,Team 3
G-74,4860,Layla Zhang,MAE,Female,4.12,Team 3
G-74,3559,Natalie Rivera,CoB (NBS),Female,04.01,Team 4
G-74,2426,Ling Feng,MAE,Male,4.15,Team 4
G-74,1658,Nikita Alexeyev,CoE,Male,4.11,Team 4
G-74,5155,Lina Binti Ismail,SSS,Female,3.85,Team 4
G-74,597,Quinn Yang,SPMS,Male,4.22,Team 4
G-74,2177,Eva Lestari,MAE,Female,3.95,Team 5
G-74,2901,Saki Nishimura,CoB (NBS),Female,04.03,Team 5
G-74,4538,Ellis Zhao,WKW SCI,Male,4.15,Team 5
G-74,1005,Naim Bin Rahim,SPMS,Male,04.07,Team 5
G-74,4773,Calla Chen,SBS,Female,4.18,Team 5
G-74,572,Amira Noor,SSS,Female,04.01,Team 6
G-74,2006,Shuqi,EEE,Female,4,Team 6
G-74,4507,Jasper King,MSE,Male,4.11,Team 6
G-74,1738,Saurabh Mehta,CoE,Male,04.04,Team 6
G-74,4130,Huda Binti Ali,MAE,Female,4.25,Team 6
G-74,4814,Luca Murphy,SPMS,Male,04.02,Team 7
G-74,1754,Sophie Bennett,CCDS,Female,04.03,Team 7
G-74,267,Zachary Allen,SoH,Male,04.08,Team 7
G-74,4126,Ariana Coleman,CEE,Female,4,Team 7
G-74,1167,Tingwei,SSS,Female,4.3,Team 7
G-74,5894,Jiayi,MSE,Female,3.8,Team 8
G-74,5340,Mason Reyes,CCDS,Male,4.12,Team 8
G-74,5199,Nash Wong,MAE,Male,4.14,Team 8
G-74,43,Dylan Wong,CoE,Male,04.09,Team 8
G-74,5250,Elaine Dela Cruz,CoB (NBS),Female,4.2,Team 8
G-74,682,Theo Ross,EEE,Male,4.2,Team 9
G-74,2816,Mithun Nair,CoB (NBS),Male,4.15,Team 9
G-74,1854,Jaxon Lee,SBS,Male,04.08,Team 9
G-74,4025,Aditi Nair,SSS,Female,4.12,Team 9
G-74,3996,Meena Devi,CCDS,Female,3.95,Team 9
G-74,5125,Dika Saputra,EEE,Male,3.9,Team 10
G-74,478,Jace Rivera,CCEB,Male,4.18,Team 10
G-74,3550,Xara Alvarado,SSS,Female,04.08,Team 10
G-74,2223,Emmy Wang,WKW SCI,Female,4.17,Team 10
G-74,1298,Sanjana Iyer,CCDS,Female,04.05,Team 10
G-75,2400,Pooja Sharma,CEE,Female,3.89,Team 1
G-75,4200,Wyatt Yang,EEE,Male,04.02,Team 1
G-75,3543,William Lim,SSS,Male,4.19,Team 1
G-75,3548,Kavya Sharma,CCDS,Female,04.08,Team 1
G-75,252,Mi-Sook Choi,MAE,Female,4.11,Team 1
G-75,2329,Olivia Garcia,MAE,Female,3.86,Team 2
G-75,178,Kavita Sharma,EEE,Female,4.11,Team 2
G-75,1000,Jian Li,CEE,Male,04.09,Team 2
G-75,4196,Sanjay Nair,MSE,Male,04.06,Team 2
G-75,3524,Santi Kusuma,CoB (NBS),Female,4.3,Team 2
G-75,462,Victor Reyes,SBS,Male,3.95,Team 3
G-75,4999,Asher Phillips,EEE,Male,04.04,Team 3
G-75,4357,Salma Khan,CCEB,Female,04.02,Team 3
G-75,1273,Chen Hui,CoB (NBS),Female,4.2,Team 3
G-75,431,Bingli,SSS,Male,4.18,Team 3
G-75,4535,Ritika Sethi,SSS,Female,04.06,Team 4
G-75,3683,Ahmad Bin Azhar,CEE,Male,04.02,Team 4
G-75,932,Ava Rivera,MAE,Female,4.48,Team 4
G-75,793,Felix Tan,CCDS,Male,4.14,Team 4
G-75,4110,Kiran Rao,SoH,Male,04.01,Team 4
G-75,3616,David Simmons,MAE,Male,3.95,Team 5
G-75,237,Rumana Niazi,ASE,Female,04.02,Team 5
G-75,3525,Oliver Thomas,CCDS,Male,04.09,Team 5
G-75,3630,Mikhail Ivanov,CCEB,Male,4.21,Team 5
G-75,1114,Jasmine Binti Lee,SBS,Female,4.15,Team 5
G-75,5692,Anika Reddy,SoH,Female,4.14,Team 6
G-75,3217,Liam Chen,MAE,Male,04.09,Team 6
G-75,2140,Sunita Iyer,CCEB,Female,04.05,Team 6
G-75,5496,Tessa Alonzo,CCDS,Female,3.88,Team 6
G-75,811,Mateo Huang,SPMS,Male,4.18,Team 6
G-75,3241,Sneha Reddy,CCEB,Female,4,Team 7
G-75,4637,Ying Xu,MSE,Female,04.02,Team 7
G-75,4803,Shan Biao,MAE,Male,04.09,Team 7
G-75,1004,Samantha Sun,NIE,Female,4.52,Team 7
G-75,2330,Yasir Malik,WKW SCI,Male,3.88,Team 7
G-75,1143,Mohammed Patel,EEE,Male,3.94,Team 8
G-75,5612,Leo Zhang,SPMS,Male,04.01,Team 8
G-75,5188,Xanthe Scott,SBS,Female,4.12,Team 8
G-75,3145,Ava Nguyen,MSE,Female,4.12,Team 8
G-75,4072,Tianyi,CCDS,Female,4.2,Team 8
G-75,1304,Yuri Mikhailov,CoE,Male,3.95,Team 9
G-75,4943,Laila Rahman,CCDS,Female,4.21,Team 9
G-75,2924,Ava Green,SoH,Female,3.89,Team 9
G-75,2618,Ivy Ong,CoB (NBS),Female,4.15,Team 9
G-75,2312,Anil Reddy,EEE,Male,4.12,Team 9
G-75,5681,Arvind Kumar,MAE,Male,3.88,Team 10
G-75,4995,Ruchi Gupta,SSS,Female,4.12,Team 10
G-75,4069,Anika Iyer,CoB (NBS),Female,04.05,Team 10
G-75,308,Nitin Singhal,CoE,Male,4.15,Team 10
G-75,2987,Kiran Chawla,MSE,Female,4.2,Team 10
G-76,1909,Penny Tan,EEE,Female,4,Team 1
G-76,5234,Ryota Yamada,CoB (NBS),Male,04.06,Team 1
G-76,2104,Shiv Patel,CEE,Male,04.06,Team 1
G-76,831,Fang Ying,SSS,Female,4.18,Team 1
G-76,631,Kong Wei Tan,MAE,Male,4.2,Team 1
G-76,4794,Yang Jun Lim,CEE,Male,4,Team 2
G-76,1341,Sienna Wong,SoH,Female,04.09,Team 2
G-76,2295,Nina Anggraini,SPMS,Female,04.05,Team 2
G-76,719,Henry Martin,EEE,Male,4.18,Team 2
G-76,5230,Naina Sharma,CoB (NBS),Female,4.2,Team 2
G-76,683,Tania Sinha,CoE,Female,04.01,Team 3
G-76,1644,Shahrir Bin Rahman,NIE,Male,04.03,Team 3
G-76,679,Ian Lee,CCDS,Male,04.09,Team 3
G-76,2469,Aanya Kapoor,SPMS,Female,4.17,Team 3
G-76,2270,Kylie Tan,EEE,Female,4.23,Team 3
G-76,5367,Julian Bautista,SSS,Male,3.97,Team 4
G-76,5713,Kian Zhang,CCDS,Male,04.06,Team 4
G-76,3492,Amara Kim,CoE,Female,4.1,Team 4
G-76,2398,Aubrey Lin,CCEB,Female,4.17,Team 4
G-76,2998,Gloria Sanders,EEE,Female,4.19,Team 4
G-76,5257,Adeel Qureshi,CCDS,Female,3.89,Team 5
G-76,5162,Ananya Joshi,EEE,Female,4.19,Team 5
G-76,3682,Meera Joshi,MAE,Female,4.12,Team 5
G-76,1593,Tariq Ahmed,NIE,Male,4.17,Team 5
G-76,1326,Andrew Lewis,CEE,Male,4.1,Team 5
G-76,5696,Samantha Teo,MAE,Female,04.01,Team 6
G-76,1828,Ming Zhou,CoB (NBS),Male,04.04,Team 6
G-76,3914,Brian Yang,EEE,Male,4.22,Team 6
G-76,5849,Elijah Harris,CCEB,Male,4.1,Team 6
G-76,1268,Sajida Noor,SoH,Female,4.12,Team 6
G-76,2636,Katherine Goh,CoB (NBS),Female,3.85,Team 7
G-76,4579,Ying Xuan Tan,ADM,Female,4.2,Team 7
G-76,4741,Andrew Li,MAE,Male,4.15,Team 7
G-76,734,Mikhail Petrov,CEE,Male,4.1,Team 7
G-76,1039,Shreya Sharma,CCEB,Female,4.22,Team 7
G-76,2570,Danielle Dela Cruz,MAE,Female,04.02,Team 8
G-76,2288,Meena Bhatia,SoH,Female,04.04,Team 8
G-76,4214,Kiran Bhatia,EEE,Male,4.1,Team 8
G-76,1651,Anup Kumar,CoB (NBS),Male,4.19,Team 8
G-76,3441,Brittany Wong,SBS,Female,4.1,Team 8
G-76,4144,Riya Sharma,NIE,Female,3.88,Team 9
G-76,1041,James Taylor,CEE,Male,4.13,Team 9
G-76,1859,Bobby Hidayat,WKW SCI,Male,04.05,Team 9
G-76,432,Crystal Lim,CoB (NBS),Female,4.15,Team 9
G-76,1115,Camila Lee,EEE,Female,4.26,Team 9
G-76,214,Bella Lee,NIE,Female,04.03,Team 10
G-76,5824,Alexander Clark,MAE,Male,4.12,Team 10
G-76,5786,Elaine Wang,CCDS,Female,04.09,Team 10
G-76,4483,Yara Ong,EEE,Female,04.04,Team 10
G-76,346,Nicholas Griffin,CoB (NBS),Male,4.2,Team 10
G-77,3150,Toni Saputra,SPMS,Male,3.9,Team 1
G-77,620,Kezhen,CCEB,Female,4.15,Team 1
G-77,168,Nadia Binti Fadli,EEE,Female,4.1,Team 1
G-77,2206,Lily Foster,CCDS,Female,4.2,Team 1
G-77,1728,Christopher Li,MSE,Male,4.1,Team 1
G-77,5158,Chloe Rivera,CCDS,Female,3.87,Team 2
G-77,5061,Jett Yang,MAE,Male,04.08,Team 2
G-77,209,Eli Walker,CoE,Male,4.11,Team 2
G-77,3139,Nadia Binti Mohd,EEE,Female,4.15,Team 2
G-77,2294,Ema Binti Rahman,CEE,Female,4.3,Team 2
G-77,1230,Nolan Perez,CoB (NBS),Male,3.97,Team 3
G-77,2029,Alyssa Cox,WKW SCI,Female,3.97,Team 3
G-77,2286,Madison Zhang,CCDS,Female,4.11,Team 3
G-77,3317,Rahul Kumar,EEE,Male,4.21,Team 3
G-77,1359,Nusrat Ali,SPMS,Female,4.14,Team 3
G-77,1008,Kiran Nair,SPMS,Male,3.95,Team 4
G-77,3981,John Brown,CoB (NBS),Male,04.04,Team 4
G-77,5051,Jasmine Lin,NIE,Female,04.09,Team 4
G-77,4870,Aisha binti Hassan,SSS,Female,04.02,Team 4
G-77,5558,Fatima Rahman,CCEB,Female,4.52,Team 4
G-77,4435,Larasati Wulandari,SSS,Female,3.85,Team 5
G-77,1136,Sreya Rao,WKW SCI,Female,04.01,Team 5
G-77,3265,James Griffin,CCEB,Male,4.22,Team 5
G-77,3699,Emily Ng,NIE,Female,4.11,Team 5
G-77,5368,David Murphy,CoB (NBS),Male,4.15,Team 5
G-77,3474,Soo-Yeon Jang,SBS,Female,3.92,Team 6
G-77,4654,Zoe Mitchell,MAE,Female,4.22,Team 6
G-77,5202,Sofia Green,SSS,Female,04.08,Team 6
G-77,552,Anderson Wu,SPMS,Male,4.19,Team 6
G-77,3211,Victor Reyes,CoB (NBS),Male,4.14,Team 6
G-77,4845,Chloe Wong,SPMS,Female,3.89,Team 7
G-77,4876,Holly Tan,CCDS,Female,4.15,Team 7
G-77,5175,Ren Tanaka,CEE,Male,04.09,Team 7
G-77,1076,Karan Nair,EEE,Male,4.15,Team 7
G-77,2131,Tsubasa Takahashi,SSS,Female,4.15,Team 7
G-77,4269,Huilin,SoH,Male,3.8,Team 8
G-77,1160,Ferdie Navarro,SSS,Male,4.1,Team 8
G-77,612,Leena Joshi,SPMS,Female,4.25,Team 8
G-77,1534,Jinlong,MAE,Female,4.15,Team 8
G-77,5280,Riley Edwards,CCDS,Female,04.03,Team 8
G-77,1223,Gideon Hall,CCDS,Male,04.09,Team 9
G-77,2605,Hina Iqbal,CoB (NBS),Female,04.04,Team 9
G-77,4577,Poppy Green,MAE,Female,4.26,Team 9
G-77,3676,Tanner Wu,ADM,Male,04.02,Team 9
G-77,4193,Priyanka Kaur,EEE,Female,4.11,Team 9
G-77,1460,Roy Tan,CCDS,Male,3.9,Team 10
G-77,4281,Riley Dela Cruz,SSS,Female,4.19,Team 10
G-77,5586,Tanya Ali,CEE,Female,4.12,Team 10
G-77,5198,Aarav Desai,WKW SCI,Male,4.17,Team 10
G-77,1617,Lily Johnson,CoB (NBS),Female,04.09,Team 10
G-78,1892,Diana Malik,SSS,Female,04.01,Team 1
G-78,2830,Jun Huang,SoH,Male,04.03,Team 1
G-78,2071,Queenie Pineda,CoB (NBS),Female,4.2,Team 1
G-78,4633,Alya Rahman,EEE,Female,04.09,Team 1
G-78,3748,Zachary Patel,CCDS,Male,04.02,Team 1
G-78,2702,Nami Fujimoto,CoB (NBS),Female,4.14,Team 2
G-78,3057,Jaxon Jenkins,LKCMedicine,Male,3.85,Team 2
G-78,4849,Kiran Patil,CCDS,Female,04.06,Team 2
G-78,3213,Sun Li,EEE,Male,4.2,Team 2
G-78,5195,Alice Tan,ADM,Female,04.02,Team 2
G-78,464,Aldo Setiawan,CCEB,Male,3.9,Team 3
G-78,2567,Zoya Tsai,CCDS,Female,04.04,Team 3
G-78,3214,Nathan Tan,CoB (NBS),Male,4.11,Team 3
G-78,4104,Nina Chen,EEE,Female,4.14,Team 3
G-78,5821,Agung Prabowo,ASE,Male,4.2,Team 3
G-78,5982,Raghav Singh,ADM,Male,3.88,Team 4
G-78,4175,Daniel Edwards,WKW SCI,Male,04.02,Team 4
G-78,5727,Feng Yi Tan,EEE,Female,04.05,Team 4
G-78,1025,Zara Amalia,CoB (NBS),Female,4.15,Team 4
G-78,2446,Patricia Lee,CCEB,Female,4.18,Team 4
G-78,5324,Rita Narayan,CoB (NBS),Female,4,Team 5
G-78,2447,Noah Huang,SPMS,Male,4.15,Team 5
G-78,2514,Isabella Walker,CEE,Female,4.18,Team 5
G-78,5539,Lina Devi,CCEB,Female,4.14,Team 5
G-78,269,Elisha Wu,CCDS,Male,3.9,Team 5
G-78,3020,Wanda Cruz,CoB (NBS),Female,3.88,Team 6
G-78,1,Kylie Torres,SoH,Female,04.01,Team 6
G-78,1585,Jasmine Hapsari,EEE,Female,04.05,Team 6
G-78,2721,Vikram Nair,ADM,Male,4.11,Team 6
G-78,5884,Kunal Bhatia,MAE,Male,4.3,Team 6
G-78,5099,Sophia Garcia,CCDS,Female,3.8,Team 7
G-78,2209,Aihua Zhuang,CoB (NBS),Male,04.05,Team 7
G-78,663,Nguyen Van Hieu,SPMS,Male,4.15,Team 7
G-78,5581,Scarlett Hall,CEE,Female,4.15,Team 7
G-78,4542,Adalyn Tan,SBS,Female,4.18,Team 7
G-78,2867,Samantha Cox,CoE,Female,3.94,Team 8
G-78,3291,Rafael Tan,SPMS,Male,04.06,Team 8
G-78,813,Alaric Yang,CCEB,Male,04.03,Team 8
G-78,5507,Isabella Lim,CCDS,Female,4.2,Team 8
G-78,4815,Khalid Rahman,SBS,Male,4.18,Team 8
G-78,5725,Riya Reddy,ASE,Female,3.8,Team 9
G-78,3262,Diana Li,SoH,Female,04.04,Team 9
G-78,539,Min Yi Tan,EEE,Male,04.05,Team 9
G-78,4106,Oliver Morales,CCDS,Male,4.18,Team 9
G-78,5904,Nurul binti Zainal,SBS,Female,4.19,Team 9
G-78,5615,Navya Arya,CCDS,Female,3.94,Team 10
G-78,4822,Sienna Edwards,CoE,Female,4,Team 10
G-78,1885,Josh Tan,MSE,Male,04.08,Team 10
G-78,4307,Fauziah Binti Ahmad,SoH,Female,4.15,Team 10
G-78,3245,Teng Wei Lim,NIE,Male,4.2,Team 10
G-79,5571,Xing Yu,SoH,Female,3.89,Team 1
G-79,4672,Ashton Clark,CEE,Male,04.06,Team 1
G-79,2483,Landon Reed,CoE,Male,4.3,Team 1
G-79,986,Vina Safira,CoB (NBS),Female,04.05,Team 1
G-79,2884,Diana Binti Zain,SSS,Female,4.2,Team 1
G-79,5991,Khushboo Malik,NIE,Female,3.91,Team 2
G-79,141,Logan Thompson,ASE,Male,4.11,Team 2
G-79,5981,Sakshi Joshi,CCDS,Female,4.22,Team 2
G-79,29,Haruto Fujimoto,EEE,Male,04.08,Team 2
G-79,4290,Paul Tan,CEE,Male,4.11,Team 2
G-79,5726,Zhao Qiang,MAE,Male,04.09,Team 3
G-79,3104,Jin Zhi,CEE,Male,4.22,Team 3
G-79,787,Rongwei,CCDS,Male,4.1,Team 3
G-79,5326,Wang Yu,SPMS,Female,04.09,Team 3
G-79,2164,Olive Green,CCEB,Female,04.01,Team 3
G-79,3351,Qing Wei Lim,CCDS,Male,4,Team 4
G-79,5746,Miyako Shimizu,SPMS,Female,4.22,Team 4
G-79,4675,Chaofeng,CEE,Female,4.1,Team 4
G-79,289,Omer Farooq,CoE,Male,04.06,Team 4
G-79,129,Xena Santiago,SSS,Female,4.15,Team 4
G-79,2152,Nadia Binti Ismail,MAE,Female,4,Team 5
G-79,5659,Hui Min Tan,ADM,Female,04.05,Team 5
G-79,4361,Kartik Sharma,EEE,Male,04.06,Team 5
G-79,2946,Valentina Zhao,CCEB,Female,4.18,Team 5
G-79,2538,Bilal Hussain,LKCMedicine,Male,4.22,Team 5
G-79,5273,Nari Kim,SoH,Female,3.89,Team 6
G-79,4992,Hui Liu,CCDS,Female,4.19,Team 6
G-79,2024,Rizan Bin Ahmad,LKCMedicine,Male,4.15,Team 6
G-79,3669,Hao Wu,ASE,Male,4.16,Team 6
G-79,1108,Nina Lee,MAE,Female,4.11,Team 6
G-79,153,Elijah Reed,CCDS,Male,04.04,Team 7
G-79,3888,Tyler Moore,MAE,Male,4.19,Team 7
G-79,1440,Nora Howard,CoB (NBS),Female,04.05,Team 7
G-79,5435,Bella Wong,SSS,Female,04.03,Team 7
G-79,3411,Shruti Verma,CoE,Female,4.22,Team 7
G-79,4696,Anika Varma,SBS,Female,4.11,Team 8
G-79,2359,Nashit Khan,EEE,Male,4.16,Team 8
G-79,5641,Arvind Sharma,CCDS,Male,3.9,Team 8
G-79,3655,Nova Gonzalez,MAE,Female,4.1,Team 8
G-79,5938,Zara Wong,CoB (NBS),Female,4.2,Team 8
G-79,4600,Nhat Nguyen,NIE,Male,4.22,Team 9
G-79,2724,Siti Zulaikha,CCEB,Female,04.05,Team 9
G-79,2148,Amira Wong,SSS,Female,04.05,Team 9
G-79,5840,Gavin Wu,SPMS,Male,04.02,Team 9
G-79,610,Eva Clark,SoH,Female,4.14,Team 9
G-79,1056,Perry Villanueva,SSS,Male,04.02,Team 10
G-79,3178,Isaac Brooks,EEE,Male,04.06,Team 10
G-79,3208,Hani Binti Noor,CCEB,Female,4.1,Team 10
G-79,327,Eun-Ji Lee,MSE,Female,4.16,Team 10
G-79,3826,Sadia Malik,CCDS,Female,4.17,Team 10
G-8,4208,Mia Morgan,CEE,Female,04.01,Team 1
G-8,4709,Avery Li,EEE,Female,04.04,Team 1
G-8,3368,Nathan Adams,SoH,Male,4.18,Team 1
G-8,2374,Thao Le,CCDS,Male,4.12,Team 1
G-8,3898,Mila Reed,CoB (NBS),Female,4.19,Team 1
G-8,5387,Tian Wei,CoB (NBS),Female,04.02,Team 2
G-8,4774,Zara Rahman,CCEB,Female,04.03,Team 2
G-8,5883,Kira Tanaka,CCDS,Female,04.04,Team 2
G-8,4048,Dmitry Petrov,CCDS,Male,4.14,Team 2
G-8,2591,Liu Hong,EEE,Male,4.17,Team 2
G-8,917,Lara Cruz,SoH,Female,04.07,Team 3
G-8,2339,Laila Ali,WKW SCI,Female,04.04,Team 3
G-8,1708,Mason Hughes,CoB (NBS),Male,3.89,Team 3
G-8,5334,Souta Watanabe,MAE,Male,04.04,Team 3
G-8,1497,Jacob Robinson,CCDS,Male,4.48,Team 3
G-8,4889,Wendy Au,SSS,Female,3.92,Team 4
G-8,2694,Cheng Li,CCEB,Male,4.14,Team 4
G-8,593,Poppy Cahyani,CCDS,Female,4.1,Team 4
G-8,3948,Harry Ho,EEE,Male,4.12,Team 4
G-8,2496,Ayla Wong,CoE,Female,04.04,Team 4
G-8,5537,Aminah Binte,CCEB,Male,04.02,Team 5
G-8,2711,Anushka Verma,MSE,Female,4.25,Team 5
G-8,3897,Alena Chang,LKCMedicine,Female,4.15,Team 5
G-8,4580,Landon Lim,EEE,Male,04.03,Team 5
G-8,786,Neha Iyer,CCDS,Female,04.05,Team 5
G-8,1904,Kyle Wang,SPMS,Male,4.2,Team 6
G-8,4717,Dara Cheng,ASE,Female,04.04,Team 6
G-8,4893,Fatima Tan,CCDS,Female,3.86,Team 6
G-8,3514,Michael Zhang,CoB (NBS),Male,4.11,Team 6
G-8,2785,Angela Tan,CEE,Female,4.14,Team 6
G-8,5265,Aria Singh,MAE,Female,3.95,Team 7
G-8,4643,Kiran Rane,WKW SCI,Female,4.12,Team 7
G-8,2188,Suki Wang,CCEB,Female,4.12,Team 7
G-8,5515,Seung-Jin Han,CoB (NBS),Male,04.02,Team 7
G-8,3068,Rafiq Bin Zain,EEE,Male,4.2,Team 7
G-8,5529,Jane Smith,SoH,Female,04.02,Team 8
G-8,2979,Aidan Foster,CCDS,Male,04.05,Team 8
G-8,5860,Wei Chen,CoB (NBS),Female,04.05,Team 8
G-8,4548,Michael Young,CoE,Male,4.19,Team 8
G-8,4942,Cindy Wong,EEE,Female,4.2,Team 8
G-8,4334,Amara Belle,SBS,Female,3.91,Team 9
G-8,2387,Sofia Chen,CCDS,Female,4.18,Team 9
G-8,4527,Jade Chang,CoB (NBS),Female,4.18,Team 9
G-8,1673,Levi Parker,MSE,Male,4.14,Team 9
G-8,1267,Joshua White,EEE,Male,04.09,Team 9
G-8,5111,Yuki Takeda,EEE,Female,3.92,Team 10
G-8,179,Liam Hill,MAE,Male,4.19,Team 10
G-8,3623,Zane Carter,SoH,Male,4.12,Team 10
G-8,542,Mei Wang,CoE,Female,4.11,Team 10
G-8,5031,Dominic Li,CEE,Male,4.14,Team 10
G-80,5138,Nida Khan,CoB (NBS),Female,04.03,Team 1
G-80,3239,Huang Xin,EEE,Male,3.94,Team 1
G-80,2594,Yareli Cruz,NIE,Female,4.17,Team 1
G-80,17,Lan Shi,CEE,Female,4.15,Team 1
G-80,3696,Ravi Deshmukh,CoE,Male,4.22,Team 1
G-80,5548,Nisha Desai,SoH,Female,3.9,Team 2
G-80,1620,Harold Lee,MSE,Male,4.14,Team 2
G-80,4059,Hana Ng,CoE,Female,04.05,Team 2
G-80,2444,Mahesh Babu,CoB (NBS),Male,4.15,Team 2
G-80,4668,Indra Prasetyo,CCDS,Male,4.3,Team 2
G-80,2759,Zoe Wong,SSS,Female,3.88,Team 3
G-80,2485,Zahra Ali,SBS,Female,04.08,Team 3
G-80,2545,Arjun Deshmukh,SoH,Male,4.1,Team 3
G-80,5694,Caleb Butler,CoB (NBS),Male,04.09,Team 3
G-80,1797,Igor Petrov,CCDS,Male,4.52,Team 3
G-80,1274,Lucas Kim,NIE,Male,3.95,Team 4
G-80,5231,Mollie Edwards,SSS,Female,4.18,Team 4
G-80,4241,Nguyen Thi Ai,SBS,Female,04.03,Team 4
G-80,1939,Feri andika,EEE,Male,4.15,Team 4
G-80,2060,Keshav Yadav,CEE,Male,4.2,Team 4
G-80,3988,Orla James,SBS,Female,04.03,Team 5
G-80,1479,Sophia Baker,CCEB,Female,04.05,Team 5
G-80,5999,Killian James,SPMS,Male,04.03,Team 5
G-80,2361,Killian Wu,EEE,Male,4.18,Team 5
G-80,3573,Quinlan Roberts,NIE,Male,4.2,Team 5
G-80,3179,Aaron Thompson,EEE,Male,3.95,Team 6
G-80,5500,Lu Jian,CoB (NBS),Female,04.05,Team 6
G-80,2638,Kiran Sethi,NIE,Male,4.15,Team 6
G-80,277,Kira Lee,CCDS,Female,4.14,Team 6
G-80,1207,Jing Yi Tan,CoE,Female,4.3,Team 6
G-80,1762,Nora Bailey,EEE,Female,3.86,Team 7
G-80,2322,Jack Green,CCDS,Male,4.12,Team 7
G-80,4179,John Doe,MAE,Male,4.14,Team 7
G-80,4993,Layla Wu,CoB (NBS),Female,04.04,Team 7
G-80,4949,Marwan Bin Ali,CoE,Male,4.2,Team 7
G-80,1633,Ron Tan,SSS,Male,3.91,Team 8
G-80,5101,Ruth Tan,MAE,Female,04.06,Team 8
G-80,5896,Hao Wei Tan,CEE,Male,4.15,Team 8
G-80,1077,Hana Matsumura,CCDS,Female,04.08,Team 8
G-80,805,Hassan Ibrahim,SoH,Male,4.22,Team 8
G-80,625,Nathan Tan,CoE,Male,04.04,Team 9
G-80,3404,Jacob Parker,WKW SCI,Male,04.01,Team 9
G-80,2407,Maria Garcia,CCDS,Female,04.03,Team 9
G-80,1192,Priya Kaul,SSS,Female,4.1,Team 9
G-80,1557,Adil Bin Rahman,SoH,Male,4.35,Team 9
G-80,5796,Siti Aishah,CEE,Female,3.89,Team 10
G-80,5453,Michael Walker,CCDS,Male,4.26,Team 10
G-80,270,Baodong,CoB (NBS),Female,4.15,Team 10
G-80,5442,Arjun Verma,CoE,Male,04.03,Team 10
G-80,2778,Cameron Zhao,SPMS,Male,4.14,Team 10
G-81,3181,Avery Robinson,CCEB,Female,04.01,Team 1
G-81,3629,Zainal Abidin,CCDS,Male,3.94,Team 1
G-81,1706,Eryan,EEE,Male,4.2,Team 1
G-81,1596,Gavin Tan,SSS,Male,4.12,Team 1
G-81,2582,Sophia Martinez,CoE,Female,4.2,Team 1
G-81,4066,Lucy Watson,WKW SCI,Female,3.88,Team 2
G-81,2384,Qian Yu Tan,CCEB,Male,04.05,Team 2
G-81,1516,Santiago Huang,EEE,Male,04.05,Team 2
G-81,2675,Khushboo Khan,ADM,Female,04.09,Team 2
G-81,4352,Sophie Hughes,MAE,Female,4.52,Team 2
G-81,2110,Ada Zhang,SoH,Female,04.01,Team 3
G-81,4456,Irina Dmitrieva,CCDS,Female,04.02,Team 3
G-81,1067,Max Carter,SBS,Male,04.07,Team 3
G-81,4500,Kyo Tan,EEE,Male,4.25,Team 3
G-81,2966,Lola Bennett,MAE,Female,04.09,Team 3
G-81,3585,Yi Ming Lim,EEE,Male,4.1,Team 4
G-81,4103,Mira Patel,SPMS,Female,3.9,Team 4
G-81,1254,Ming Yue,ADM,Male,4.1,Team 4
G-81,5043,Grace Wu,MAE,Female,4.14,Team 4
G-81,4030,Piper Yip,SSS,Female,4.2,Team 4
G-81,5724,Tatiana Sergeyevna,EEE,Female,04.08,Team 5
G-81,5434,Sandeep Reddy,SoH,Male,4.26,Team 5
G-81,2162,Dylan Wang,CCDS,Male,04.01,Team 5
G-81,4746,Zara Wu,CoE,Female,4.1,Team 5
G-81,3338,Rory Chen,CCEB,Female,04.08,Team 5
G-81,1986,Samira Ali,SSS,Female,04.09,Team 6
G-81,5817,Neelima Das,MAE,Female,04.06,Team 6
G-81,4198,Wayne Tan,SoH,Male,4.15,Team 6
G-81,1266,Emery Collins,CoE,Male,04.04,Team 6
G-81,489,Fiona Huang,SPMS,Female,4.26,Team 6
G-81,2011,Marcus Green,SoH,Male,04.01,Team 7
G-81,5664,Tao Feng,SPMS,Male,04.06,Team 7
G-81,1607,Kiran Desai,CoB (NBS),Female,4.2,Team 7
G-81,3397,Fiona Tan,CCDS,Female,4.18,Team 7
G-81,5027,Ying Wu,SSS,Female,04.04,Team 7
G-81,837,Farah Lim,CCEB,Female,04.01,Team 8
G-81,2018,Alvin Yeo,EEE,Male,4.1,Team 8
G-81,392,Isha Begum,MAE,Female,04.07,Team 8
G-81,3821,Jack Morgan,NIE,Male,04.08,Team 8
G-81,600,Emma Wong,ASE,Female,4.22,Team 8
G-81,5063,Lina Cheong,CCEB,Female,3.92,Team 9
G-81,5008,Jasper Li,EEE,Male,4.2,Team 9
G-81,2479,Nina Lim,SoH,Female,4.23,Team 9
G-81,2053,Arjun Patel,CoE,Male,4.14,Team 9
G-81,991,Aria Perez,ASE,Female,04.03,Team 9
G-81,5311,Sanjay Gupta,CoE,Male,04.01,Team 10
G-81,2793,Bushra Khan,CCDS,Female,04.05,Team 10
G-81,2132,Samantha Chan,SSS,Female,4.1,Team 10
G-81,2646,Zhou Yu,CEE,Male,04.05,Team 10
G-81,4897,Holly Hughes,EEE,Female,4.22,Team 10
G-82,5706,Sadia Ali,MAE,Female,3.93,Team 1
G-82,4474,Julian Sanders,CEE,Male,04.04,Team 1
G-82,5165,Mohd Rizal Bin Hassan,EEE,Male,04.05,Team 1
G-82,2807,Amara Tan,MSE,Female,04.09,Team 1
G-82,5056,Suresh Yadav,CCDS,Male,4.2,Team 1
G-82,2750,Jasbir Singh,CCEB,Male,3.9,Team 2
G-82,4449,Chinh Nguyen,CoB (NBS),Male,04.02,Team 2
G-82,5918,Le Thi Nhung,MSE,Female,04.08,Team 2
G-82,3215,Ronin Smith,CEE,Male,4.26,Team 2
G-82,4397,Aubrey Bell,SoH,Female,4.12,Team 2
G-82,1225,Violet Yip,MAE,Female,3.92,Team 3
G-82,884,Haoqiang,CCEB,Female,3.85,Team 3
G-82,3067,Nash De Leon,CCDS,Male,4.19,Team 3
G-82,2023,Eli Wu,SPMS,Male,4.14,Team 3
G-82,2744,Lucas Young,EEE,Male,4.14,Team 3
G-82,2088,Lakshmi Rao,CEE,Female,4.14,Team 4
G-82,2184,Sarah Miller,EEE,Female,04.03,Team 4
G-82,4448,Gabriel Ramirez,CoB (NBS),Male,3.88,Team 4
G-82,2484,Rizwan Bin Ahmad,WKW SCI,Male,04.05,Team 4
G-82,2735,Lara Chen,SoH,Female,4.26,Team 4
G-82,684,Henry Tan,MAE,Male,3.88,Team 5
G-82,1231,Hana Kuroda,SBS,Female,04.03,Team 5
G-82,3468,Wren Zhao,CoB (NBS),Female,4.14,Team 5
G-82,4466,Liam Smith,ADM,Male,4.12,Team 5
G-82,3608,Ping Wang,CEE,Male,4.2,Team 5
G-82,1677,Zhao Wei,EEE,Male,3.92,Team 6
G-82,477,Yuki Nishiyama,CoE,Female,04.03,Team 6
G-82,3923,Jay Wu,CCEB,Male,04.01,Team 6
G-82,13,Alya Faris,SSS,Female,04.03,Team 6
G-82,5,Henry Baker,MAE,Male,4.48,Team 6
G-82,905,Gemma Rivera,MAE,Female,04.08,Team 7
G-82,5687,Vincent Ng,CoB (NBS),Male,3.96,Team 7
G-82,3416,Mason Kim,CEE,Male,4.15,Team 7
G-82,427,Owais Tariq,EEE,Male,4.19,Team 7
G-82,3825,Tanisha Nair,CCEB,Female,04.06,Team 7
G-82,2529,Aaliyah Rodriguez,SPMS,Female,3.94,Team 8
G-82,996,Isaac Ward,MSE,Male,04.01,Team 8
G-82,4140,Nguyen Van Phong,NIE,Male,4.21,Team 8
G-82,1994,Annika Chang,EEE,Female,4.11,Team 8
G-82,5828,Dimas Santoso,CoB (NBS),Male,4.1,Team 8
G-82,466,Sabrina Binti Mohd,SSS,Female,4.15,Team 9
G-82,1825,Harrison Lee,LKCMedicine,Male,3.88,Team 9
G-82,1279,Asher Kim,NIE,Male,4.11,Team 9
G-82,4008,Mohan Nair,EEE,Male,4.18,Team 9
G-82,3192,Simone Lim,CCEB,Female,04.08,Team 9
G-82,2283,Ava Johnson,EEE,Female,3.89,Team 10
G-82,74,Ella Kwan,CCEB,Female,4.15,Team 10
G-82,1989,Toni Saputra,CEE,Male,04.04,Team 10
G-82,2972,Samir Khan,CoB (NBS),Male,04.02,Team 10
G-82,1926,Kyo Tan,SBS,Male,4.2,Team 10
G-83,3863,Elisa Rivera,MAE,Female,3.91,Team 1
G-83,266,Mateo Yang,WKW SCI,Male,04.08,Team 1
G-83,3865,James White,CoB (NBS),Male,4.12,Team 1
G-83,5282,Ritika Patil,MSE,Female,4.15,Team 1
G-83,3670,Fahad Nadeem,EEE,Male,4.2,Team 1
G-83,2670,Kali Chen,CCEB,Female,3.95,Team 2
G-83,3292,Ravi Patel,SoH,Male,04.05,Team 2
G-83,5503,Aminah Ali,SBS,Female,4.15,Team 2
G-83,4097,Guangqiang,MAE,Male,4.15,Team 2
G-83,5649,Grayson Li,EEE,Male,4.19,Team 2
G-83,4578,Nora Abdul,SBS,Female,4,Team 3
G-83,457,Evan Parker,CoB (NBS),Male,04.01,Team 3
G-83,5033,Nash Wu,SoH,Male,4.12,Team 3
G-83,2456,Syafiq Bin Mohd,SPMS,Male,4.15,Team 3
G-83,5090,Isha Alvarado,EEE,Female,4.22,Team 3
G-83,1704,Daniel Chen,SBS,Male,3.9,Team 4
G-83,4728,Finn Pineda,MSE,Male,04.06,Team 4
G-83,4641,Ahmad Zaki Bin Rahman,EEE,Male,4.1,Team 4
G-83,2604,Svetlana Alexandrova,SSS,Female,4.16,Team 4
G-83,1369,Cecilia Morales,NIE,Female,4.17,Team 4
G-83,2390,Nash Reddy,EEE,Male,4.1,Team 5
G-83,4174,Elena Murphy,MSE,Female,04.03,Team 5
G-83,603,Leo White,CoB (NBS),Male,4.14,Team 5
G-83,3747,Haruto Yamamoto,CEE,Male,04.03,Team 5
G-83,3982,Nian Zhang,SoH,Female,4.27,Team 5
G-83,4129,Anita Gupta,EEE,Female,3.94,Team 6
G-83,2395,Anthony Parker,MSE,Male,04.01,Team 6
G-83,5705,Gavin Flores,CCEB,Male,4.16,Team 6
G-83,4261,Shruti Nair,CCDS,Female,4.12,Team 6
G-83,700,Vincent Lam,EEE,Male,4.22,Team 6
G-83,4245,Kah Ying,SPMS,Male,4,Team 7
G-83,3133,Xander Mendoza,SBS,Male,4.18,Team 7
G-83,72,An Nguyen,EEE,Male,4.2,Team 7
G-83,172,Lisa Lim,NIE,Female,04.05,Team 7
G-83,4551,Anjali Iyer,CCDS,Female,4.12,Team 7
G-83,2235,Efei,WKW SCI,Male,3.9,Team 8
G-83,669,Tu Nguyen,EEE,Female,4.15,Team 8
G-83,3757,Colton Harris,CCDS,Male,04.05,Team 8
G-83,1170,Shamsher Ali,MAE,Male,4.2,Team 8
G-83,439,Guangli,SBS,Female,4.15,Team 8
G-83,2737,Saul Huang,CCDS,Male,3.9,Team 9
G-83,1348,Kou Suzuki,NIE,Male,4.12,Team 9
G-83,2840,Priya Tan,LKCMedicine,Female,4.1,Team 9
G-83,4564,Farhan Hussain,EEE,Female,4.15,Team 9
G-83,5449,Kelvin Tan,SBS,Male,4.19,Team 9
G-83,3274,Amani Binti Hisham,MSE,Female,4,Team 10
G-83,1234,Elliot Lim,NIE,Male,04.03,Team 10
G-83,5448,Dorian Villanueva,SBS,Male,4.11,Team 10
G-83,3901,Stella Zhao,CCDS,Female,4.2,Team 10
G-83,2741,David Wu,SoH,Male,4.1,Team 10
G-84,5328,Pranav Nair,SBS,Male,04.01,Team 1
G-84,5897,Yukiko Takahashi,LKCMedicine,Female,04.06,Team 1
G-84,323,Li Mei,SSS,Female,4.11,Team 1
G-84,3961,Aarav Sharma,CoB (NBS),Male,4,Team 1
G-84,3788,Binghua,CCDS,Female,4.25,Team 1
G-84,5084,Siti Nurhaliza,CoE,Female,4.2,Team 2
G-84,2768,Hiroki Matsusaka,CCDS,Male,3.86,Team 2
G-84,4360,Serena Tan,CCEB,Female,4.26,Team 2
G-84,5248,Mei Hong Tan,SSS,Female,4.15,Team 2
G-84,48,Vignesh Nair,SPMS,Male,04.05,Team 2
G-84,2671,Celeste Bautista,ADM,Female,3.88,Team 3
G-84,691,Owen Ramirez,CoB (NBS),Male,4.19,Team 3
G-84,4236,Isabella Moore,CCEB,Female,04.01,Team 3
G-84,2908,Bodhi Edwards,CCDS,Male,4.18,Team 3
G-84,1719,Diana Binti Jasmi,NIE,Female,4.2,Team 3
G-84,131,William Taylor,CoB (NBS),Male,4,Team 4
G-84,3039,Nana Ohashi,MAE,Female,4.15,Team 4
G-84,379,Ning Hui,ASE,Female,04.06,Team 4
G-84,2783,Simon Zhao,CCDS,Male,4.19,Team 4
G-84,1667,Zhen Yi Tan,WKW SCI,Female,4.25,Team 4
G-84,142,Zhang Ying,CCDS,Female,4.15,Team 5
G-84,4032,Elena Chang,SBS,Female,4.19,Team 5
G-84,5419,Kaito Takahashi,NIE,Male,4.19,Team 5
G-84,632,Samantha Gray,SSS,Female,4.17,Team 5
G-84,5432,Bobby Chua,CCEB,Male,3.8,Team 5
G-84,4506,Hannah Chen,MAE,Female,4.22,Team 6
G-84,3216,Faris Abdul,CoB (NBS),Male,04.04,Team 6
G-84,5801,Aaliyah Lin,SBS,Female,4.11,Team 6
G-84,5418,Rajiv Nair,CoE,Male,04.04,Team 6
G-84,3194,Xue Mei,EEE,Female,4.14,Team 6
G-84,2228,Oka Susilo,CoB (NBS),Male,4.2,Team 7
G-84,3837,Rani Devi,CCEB,Female,4.16,Team 7
G-84,1993,Kiran Menon,SPMS,Female,4.11,Team 7
G-84,4867,Sadie Wang,EEE,Female,04.01,Team 7
G-84,2994,Ajay Singh,CEE,Male,4.11,Team 7
G-84,3363,Leo Chen,CoE,Male,04.09,Team 8
G-84,4213,Gabriel Adams,CCDS,Male,4.2,Team 8
G-84,4552,Sabrina Binti Ghazali,CCEB,Female,4.2,Team 8
G-84,3170,Aubree Kelly,ASE,Female,04.02,Team 8
G-84,5211,Brooke Tan,EEE,Female,4.2,Team 8
G-84,4432,Tara Devi,CCDS,Female,4.22,Team 9
G-84,4905,Kaito Takahashi,EEE,Male,4.22,Team 9
G-84,2419,Silas Wong,SoH,Male,3.93,Team 9
G-84,1066,Mira Ong,CoB (NBS),Female,04.09,Team 9
G-84,2423,Zoe Bailey,CCEB,Female,4.22,Team 9
G-84,3116,Evelyn Tan,CCDS,Female,4,Team 10
G-84,5943,Liam Sharma,NIE,Male,4.12,Team 10
G-84,2256,Imran Khan,MAE,Male,4.19,Team 10
G-84,4091,Kavya Menon,CoB (NBS),Female,4.2,Team 10
G-84,3195,Charlotte Chen,SSS,Female,3.85,Team 10
G-85,3283,Sameer Kapoor,CCDS,Male,4,Team 1
G-85,3408,Sahar Jamil,EEE,Female,04.01,Team 1
G-85,5106,Owais Hussain,MAE,Male,4.2,Team 1
G-85,5611,Scarlett Hernandez,LKCMedicine,Female,4.2,Team 1
G-85,1605,Yoko Nagano,CoB (NBS),Female,4.17,Team 1
G-85,2094,Simran Jain,EEE,Female,04.09,Team 2
G-85,2474,Lillian Rivera,CCDS,Female,04.06,Team 2
G-85,5480,Jin Tao,SoH,Male,4.11,Team 2
G-85,3325,Emma Bryant,CEE,Female,04.01,Team 2
G-85,3489,Kaito Saito,NIE,Male,4.52,Team 2
G-85,419,Tao Chen,SBS,Male,04.03,Team 3
G-85,4052,Ryan Taylor,SPMS,Male,04.03,Team 3
G-85,920,Kavita Rao,EEE,Female,4.12,Team 3
G-85,676,Shikha Gupta,CCEB,Female,4.15,Team 3
G-85,490,Rani Patel,SSS,Female,4.26,Team 3
G-85,2134,Arjun Tan,SPMS,Male,4.2,Team 4
G-85,1978,Megan Yang,CCEB,Female,4.1,Team 4
G-85,3290,Shirley Ong,CoB (NBS),Female,4.12,Team 4
G-85,2220,Hoang Minh Hieu,SBS,Male,4.11,Team 4
G-85,3845,Zara Patel,CEE,Female,4.11,Team 4
G-85,1807,Hiroshi Sato,EEE,Male,04.03,Team 5
G-85,5766,Kira Chen,SSS,Female,04.04,Team 5
G-85,4323,Sofia Zhang,CCDS,Female,4.12,Team 5
G-85,4096,Luka Liu,NIE,Male,4.14,Team 5
G-85,899,Lily Ho,CoB (NBS),Female,4.2,Team 5
G-85,2280,Imran Ashraf,EEE,Male,3.95,Team 6
G-85,602,Cody Evans,CCDS,Male,04.03,Team 6
G-85,5787,Ngoc Nguyen,CCEB,Female,4.22,Team 6
G-85,5037,Sharon Lim,SSS,Female,4.18,Team 6
G-85,362,Lily Mitchell,WKW SCI,Female,4.18,Team 6
G-85,4756,Khalid Amir,CCEB,Male,3.92,Team 7
G-85,4166,Maliha Khan,SSS,Female,4.15,Team 7
G-85,4679,Ethan Zhou,CCDS,Male,4.18,Team 7
G-85,2033,Elena Liu,CoB (NBS),Female,4.25,Team 7
G-85,3197,Isabella Robinson,EEE,Female,4.12,Team 7
G-85,5217,Sophie Zhang,CCEB,Female,04.01,Team 8
G-85,2418,Lucas Mitchell,SPMS,Male,4.1,Team 8
G-85,5337,Lily Moore,NIE,Female,04.05,Team 8
G-85,5859,Belle Chen,EEE,Female,4.2,Team 8
G-85,2940,Samuel Zhao,MAE,Male,4.22,Team 8
G-85,5887,Kavita Joshi,CCDS,Female,04.01,Team 9
G-85,753,Kavya Reddy,SSS,Female,4.12,Team 9
G-85,888,Chris Tan,ADM,Male,4.12,Team 9
G-85,4443,Selena Liu,MAE,Female,04.09,Team 9
G-85,2336,Tuan Nguyen,EEE,Male,4.26,Team 9
G-85,3480,Kavita Mehta,MSE,Female,4.1,Team 10
G-85,5370,Scarlett Mitchell,CCEB,Female,4,Team 10
G-85,5934,Isaiah Foster,MAE,Male,4.12,Team 10
G-85,3782,Gabriel Morris,CEE,Male,4.14,Team 10
G-85,4062,Pooja Singh,EEE,Female,4.52,Team 10
G-86,3099,Dapeng,ADM,Male,04.05,Team 1
G-86,1665,Dahlia Freeman,MSE,Female,04.06,Team 1
G-86,4844,Philip Harris,WKW SCI,Male,4.22,Team 1
G-86,2032,Jasmin Ali,CoB (NBS),Female,4.17,Team 1
G-86,5451,Nolan Reed,EEE,Male,04.09,Team 1
G-86,4359,Sophie Ross,CoB (NBS),Female,3.92,Team 2
G-86,519,Jacob Davis,WKW SCI,Male,4.16,Team 2
G-86,1405,Lina Cheng,SSS,Female,4.14,Team 2
G-86,4124,Jian Chen,CEE,Male,4.14,Team 2
G-86,226,Sophie Wong,EEE,Female,4.2,Team 2
G-86,2777,Ali Hasan,EEE,Male,4,Team 3
G-86,3118,Sergey Fedorov,MAE,Male,04.03,Team 3
G-86,5661,Samantha Hughes,LKCMedicine,Female,4.1,Team 3
G-86,5980,Vaishali Singh,SSS,Female,4.14,Team 3
G-86,5993,Delilah Tsai,CoB (NBS),Female,4.21,Team 3
G-86,2453,Brenda Tan,SoH,Female,4.19,Team 4
G-86,4459,Usman Ali,EEE,Male,4.1,Team 4
G-86,934,Zulfiqar Bin Rahman,CEE,Male,4.25,Team 4
G-86,644,Caleb Liu,CoE,Male,04.01,Team 4
G-86,1790,Kylie Wang,CoB (NBS),Female,04.06,Team 4
G-86,1469,Ahsan Iqbal,EEE,Male,4,Team 5
G-86,2878,Jessica Chen,MAE,Female,04.04,Team 5
G-86,3858,David Stewart,CoB (NBS),Male,4.11,Team 5
G-86,1657,Joyce Lim,WKW SCI,Female,4.14,Team 5
G-86,96,Siti Fatimah,NIE,Female,4.2,Team 5
G-86,1356,Jin Tan,WKW SCI,Female,3.9,Team 6
G-86,5024,Alya Binti,CoB (NBS),Female,4.12,Team 6
G-86,4444,Asher Brooks,EEE,Male,4.12,Team 6
G-86,3188,Faye Ng,EEE,Female,4.18,Team 6
G-86,5551,Mohsin Ali,CCDS,Male,4.19,Team 6
G-86,5025,Jae-Won Oh,LKCMedicine,Male,4.22,Team 7
G-86,3300,Mila Chen,SSS,Female,4.12,Team 7
G-86,2619,Bess Parker,SoH,Female,4.11,Team 7
G-86,1964,Chad Tan,CoB (NBS),Male,3.95,Team 7
G-86,1265,Lydia Carter,CCDS,Female,4.12,Team 7
G-86,5850,Rita Wong,SSS,Female,4,Team 8
G-86,3355,Isla Li,CoB (NBS),Female,04.09,Team 8
G-86,4828,Justin Tan,CCDS,Male,04.06,Team 8
G-86,5190,Hannah Cook,CCEB,Female,04.03,Team 8
G-86,177,Zane Wu,SBS,Male,4.52,Team 8
G-86,497,Keng Jie Tan,WKW SCI,Male,4.15,Team 9
G-86,3572,Catherine Wong,MAE,Female,3.89,Team 9
G-86,2368,Kota Suzuki,CoB (NBS),Male,04.09,Team 9
G-86,2550,Priya Joshi,CCEB,Female,4.22,Team 9
G-86,3848,Alex Chan,EEE,Male,4.1,Team 9
G-86,2790,Sabrina Lim,CoB (NBS),Female,04.02,Team 10
G-86,2763,Diana Lee,EEE,Female,04.03,Team 10
G-86,5925,Lina Binti Salleh,SBS,Female,3.95,Team 10
G-86,76,Nashit Ali,CoB (NBS),Male,4.12,Team 10
G-86,2856,Desmond Chen,CCEB,Male,4.52,Team 10
G-87,1061,Hao Yang,CoE,Male,04.03,Team 1
G-87,2756,Zhong Li,ASE,Male,04.03,Team 1
G-87,4099,Olivia Scott,CoB (NBS),Female,04.06,Team 1
G-87,4324,Jae-Min Lim,SPMS,Male,04.03,Team 1
G-87,2686,Kanika Iyer,CCDS,Female,4.52,Team 1
G-87,5947,Aria White,CCDS,Female,3.87,Team 2
G-87,5079,Zarina Malik,SPMS,Female,4.12,Team 2
G-87,2049,Hannah Park,SSS,Female,4.1,Team 2
G-87,2858,Logan Kim,NIE,Male,4.19,Team 2
G-87,4429,Santiago Garcia,SoH,Male,4.17,Team 2
G-87,1690,Huma Iqbal,ADM,Female,04.02,Team 3
G-87,4219,Owais Iqbal,CoB (NBS),Male,04.07,Team 3
G-87,2535,Alia Kapoor,SSS,Female,4.12,Team 3
G-87,3690,Serena Lim,CCDS,Female,4.15,Team 3
G-87,1916,Miko Setiawan,CEE,Male,4.2,Team 3
G-87,1210,Alyssa Liu,CoB (NBS),Female,04.02,Team 4
G-87,1099,Nadia Lim,MAE,Female,4.1,Team 4
G-87,1692,Benedict Cruz,CCDS,Male,04.09,Team 4
G-87,3370,Logan Lewis,CCEB,Male,4.18,Team 4
G-87,1756,Noah Qian,SPMS,Male,4.2,Team 4
G-87,5935,Zayne Jackson,CCDS,Male,04.02,Team 5
G-87,5479,Charlie Li,CCEB,Male,04.04,Team 5
G-87,2413,Soo-Young Park,SSS,Female,4.12,Team 5
G-87,4787,Ella Lewis,SBS,Female,4.16,Team 5
G-87,2492,Lydia Diaz,SoH,Female,4.25,Team 5
G-87,3530,Mika Kobayashi,CoB (NBS),Female,04.01,Team 6
G-87,921,Elsie Zhao,CEE,Female,4.1,Team 6
G-87,2964,Yang Jun Lim,CoE,Male,04.05,Team 6
G-87,3927,Violet Lau,SSS,Female,4.19,Team 6
G-87,4799,Yifan Zhao,MAE,Male,4.3,Team 6
G-87,887,Tina Lee,SSS,Female,04.01,Team 7
G-87,5067,Liam Zhao,SoH,Male,04.01,Team 7
G-87,2963,Saman Bukhari,ASE,Female,4.1,Team 7
G-87,159,Kunal Yadav,CCDS,Male,4.17,Team 7
G-87,3633,Gaurav Mehta,CoB (NBS),Male,4.35,Team 7
G-87,334,Naila Rani,SSS,Female,3.97,Team 8
G-87,1962,Kajal Desai,CoB (NBS),Female,4.1,Team 8
G-87,5146,Chloe Adams,CCDS,Female,4.12,Team 8
G-87,4263,Cheng Yi,LKCMedicine,Male,4.18,Team 8
G-87,1398,Suresh Pillai,EEE,Male,4.22,Team 8
G-87,4121,Nguyen Minh Hoang,SoH,Male,04.06,Team 9
G-87,4778,Lia Nguyen,SSS,Female,04.06,Team 9
G-87,1609,Meera Tan,CoB (NBS),Female,04.02,Team 9
G-87,4183,Ava Tan,SBS,Female,3.94,Team 9
G-87,1862,Ravi Mehta,CEE,Male,4.57,Team 9
G-87,2169,Ryder Harris,CCDS,Male,4.14,Team 10
G-87,5765,Emmett Carter,CEE,Male,04.06,Team 10
G-87,3853,Victoria Flores,EEE,Female,04.03,Team 10
G-87,423,Ruiying,SBS,Female,4.1,Team 10
G-87,1085,Hana Suzuki,CoE,Female,4.21,Team 10
G-88,3710,Pengfei,CCEB,Male,4,Team 1
G-88,5378,Sophie Lim,CoB (NBS),Female,04.05,Team 1
G-88,4134,Megan Ortiz,SoH,Female,4.12,Team 1
G-88,4639,Rehan Tariq,WKW SCI,Male,04.05,Team 1
G-88,3337,Yuki Suzuki,EEE,Female,4.2,Team 1
G-88,1889,Mason Clark,SoH,Male,3.97,Team 2
G-88,493,Nina Binti Ismail,CCDS,Female,4,Team 2
G-88,1152,Gaurav Nair,CoE,Male,4.1,Team 2
G-88,1354,Gita Kristina,SSS,Female,4.15,Team 2
G-88,5820,Anjali Bansal,CCEB,Female,4.18,Team 2
G-88,5617,Rashid Khan,EEE,Male,3.86,Team 3
G-88,395,Jade Bell,CCEB,Female,04.03,Team 3
G-88,1296,Kavya Nair,CoB (NBS),Female,04.09,Team 3
G-88,3580,Aiko Suzuki,ADM,Female,4.26,Team 3
G-88,4047,Wei Jie Yeo,CoE,Male,4.15,Team 3
G-88,5582,Asher King,CCDS,Male,3.89,Team 4
G-88,5345,Beckett Liu,EEE,Male,04.01,Team 4
G-88,1565,Vera Ong,CoB (NBS),Female,4.15,Team 4
G-88,2062,Fei Wang,LKCMedicine,Male,4.14,Team 4
G-88,3803,Qingyu,SBS,Female,4.2,Team 4
G-88,3715,Petrus Santoso,CoB (NBS),Male,4.1,Team 5
G-88,3829,Zhao Ming,SPMS,Male,4.12,Team 5
G-88,4309,Riya Suresh,EEE,Female,04.02,Team 5
G-88,5502,Layla Moore,CCEB,Female,04.01,Team 5
G-88,3539,Usman Tariq,SoH,Male,4.2,Team 5
G-88,3398,Pengfei,CCEB,Female,4.15,Team 6
G-88,580,Derek Xu,SoH,Male,4.15,Team 6
G-88,3427,Siddharth Rao,CoE,Male,3.95,Team 6
G-88,280,Pablo Mendoza,MAE,Male,04.02,Team 6
G-88,4410,Averie Lin,CoB (NBS),Female,4.11,Team 6
G-88,660,Leonardo Santos,MSE,Male,04.04,Team 7
G-88,2824,Elliot Bautista,MAE,Male,4.17,Team 7
G-88,3864,Daphne Tsai,EEE,Female,04.08,Team 7
G-88,4022,Musa Khan,CCEB,Male,4.18,Team 7
G-88,2342,Liangyu,SoH,Female,4,Team 7
G-88,4272,Sergei Moroz,EEE,Male,3.86,Team 8
G-88,2434,Eleanor Hayes,SBS,Female,4.14,Team 8
G-88,5128,Ameen Malik,MAE,Male,4.17,Team 8
G-88,4608,Sanya Bansal,CCDS,Female,4.15,Team 8
G-88,455,Oliver Davis,CoB (NBS),Male,4.2,Team 8
G-88,2949,Naoko Nishiyama,EEE,Female,4,Team 9
G-88,2978,Dante Lee,SBS,Male,04.04,Team 9
G-88,1311,Yuki Sato,MAE,Female,4.14,Team 9
G-88,2505,Aiden Huang,CEE,Male,04.01,Team 9
G-88,1471,Yong Wei,CoB (NBS),Male,4.22,Team 9
G-88,735,Jaxon Ward,CCDS,Male,3.92,Team 10
G-88,3731,Brayden Cooper,NIE,Male,4.1,Team 10
G-88,5901,Landon Zhao,EEE,Male,4.11,Team 10
G-88,3978,Xena Alvarado,MAE,Female,04.08,Team 10
G-88,3708,Katrina Ong,MSE,Female,4.22,Team 10
G-89,2586,Ananya Iyer,CEE,Female,04.03,Team 1
G-89,399,Ajay Kumar,CCDS,Male,3.97,Team 1
G-89,1386,Taeyang Kim,SPMS,Male,3.92,Team 1
G-89,3004,Yvette Clarke,CoB (NBS),Female,4.25,Team 1
G-89,3645,Felix Lim,SBS,Male,4.19,Team 1
G-89,5606,Sienna Lin,SBS,Female,4.16,Team 2
G-89,2534,Victoria Bell,SSS,Female,3.95,Team 2
G-89,2849,Liam Wu,CEE,Male,04.05,Team 2
G-89,3320,Felix Yang,EEE,Male,4.14,Team 2
G-89,3053,Miki Nishimura,CoB (NBS),Female,04.03,Team 2
G-89,4093,Kiara Tan,WKW SCI,Female,3.9,Team 3
G-89,2873,Landon Wood,CCDS,Male,4,Team 3
G-89,2666,Cynthia Ng,SPMS,Female,04.08,Team 3
G-89,1562,Quincy Alvarado,CoB (NBS),Male,4.18,Team 3
G-89,2340,Fiona Parker,SoH,Female,4.21,Team 3
G-89,911,Ahsan Waseem,CCDS,Male,3.88,Team 4
G-89,402,Chloe Hall,CCEB,Female,04.01,Team 4
G-89,3225,Zachary Zhang,ADM,Male,04.08,Team 4
G-89,980,Carmen Torres,SBS,Female,4.48,Team 4
G-89,4499,Sana Khan,CoE,Female,3.9,Team 4
G-89,4139,Amira Yusof,SSS,Female,3.88,Team 5
G-89,882,Shen Ming,NIE,Male,4.1,Team 5
G-89,4864,Isaac Lee,EEE,Male,4.1,Team 5
G-89,1584,Nadia Lee,CCEB,Female,4.11,Team 5
G-89,2904,Alexandra Orlova,SBS,Female,4.14,Team 5
G-89,2708,Aisha Binti Ahmad,CCEB,Female,4.11,Team 6
G-89,5525,Leo Salazar,MAE,Male,4.15,Team 6
G-89,1866,Peter Harris,CoE,Male,04.09,Team 6
G-89,1351,Ling Chen,EEE,Female,3.8,Team 6
G-89,1796,Nadia Bukhari,CoB (NBS),Female,4.12,Team 6
G-89,2039,Belinda Ong,CCEB,Female,3.85,Team 7
G-89,5532,Kieran Lewis,CCDS,Male,04.03,Team 7
G-89,2503,Hadley Chen,SSS,Female,04.08,Team 7
G-89,2201,David Lewis,CoB (NBS),Male,04.07,Team 7
G-89,4078,Dante Tan,EEE,Male,4.22,Team 7
G-89,5737,Xiang Chen,EEE,Male,3.89,Team 8
G-89,2600,Quinlan Alonzo,SoH,Male,04.03,Team 8
G-89,5475,Ella White,MAE,Female,4.1,Team 8
G-89,3003,Dong-Hoon Park,CCEB,Male,4.11,Team 8
G-89,3984,Fengjie,SBS,Female,4.15,Team 8
G-89,1589,Yani Lestari,SBS,Female,3.8,Team 9
G-89,2876,Puneet Kumar,NIE,Male,04.02,Team 9
G-89,5573,Seung Cho,MAE,Male,4.15,Team 9
G-89,3130,Harry Chua,ADM,Male,4.2,Team 9
G-89,5792,Zahra Sari,CCDS,Female,4.15,Team 9
G-89,1863,Yasmin Yip,SSS,Female,4.18,Team 10
G-89,4089,Lily Evans,ASE,Female,4.25,Team 10
G-89,3951,Kian Wei Lim,EEE,Male,04.02,Team 10
G-89,626,Cameron Torres,SBS,Male,04.01,Team 10
G-89,4476,Huanyu,ADM,Male,3.85,Team 10
G-9,3899,Mimi Binti Rahman,MAE,Female,4,Team 1
G-9,119,Evangeline Rivera,CoB (NBS),Female,04.02,Team 1
G-9,959,Henry Clark,EEE,Male,04.04,Team 1
G-9,4112,Jin-Ho Park,NIE,Male,4.3,Team 1
G-9,5224,Nancy Tan,SoH,Female,4.12,Team 1
G-9,1441,Quiana Villanueva,CoB (NBS),Female,3.88,Team 2
G-9,2991,Yuri Li,CEE,Male,04.03,Team 2
G-9,5140,Tania Noor,CCEB,Female,4.18,Team 2
G-9,563,Kiran Mehta,SoH,Male,4.14,Team 2
G-9,55,Aarav Kumar,EEE,Male,4.19,Team 2
G-9,4016,Anika Sharma,CoB (NBS),Female,04.08,Team 3
G-9,4086,Rafael Gonzalez,MSE,Male,04.04,Team 3
G-9,1451,Kieran Kim,EEE,Male,4.48,Team 3
G-9,5312,Ying Wang,SoH,Female,4,Team 3
G-9,1158,Bryan Villanueva,CCDS,Male,04.08,Team 3
G-9,1020,Lillian Wu,CEE,Female,04.02,Team 4
G-9,2350,Violet Wang,CCDS,Female,4,Team 4
G-9,4012,Umar Faisal,NIE,Male,04.05,Team 4
G-9,706,Amir Ali,EEE,Male,4.22,Team 4
G-9,4991,Felicia Cheung,CoB (NBS),Female,04.08,Team 4
G-9,2976,Lucas Ramirez,EEE,Male,04.06,Team 5
G-9,173,Chandni Kapoor,SPMS,Female,3.88,Team 5
G-9,2158,Na Li,CoB (NBS),Female,4.15,Team 5
G-9,866,Adeline Ng,NIE,Female,4.15,Team 5
G-9,3673,Parker Li,LKCMedicine,Male,3.91,Team 5
G-9,3799,Eli Brown,SPMS,Male,04.03,Team 6
G-9,1284,Katherine Sari,NIE,Female,04.05,Team 6
G-9,2642,Liam Tan,SBS,Male,04.06,Team 6
G-9,1890,Ravi Kumar,CoB (NBS),Male,04.09,Team 6
G-9,737,Lena Chen,EEE,Female,4.22,Team 6
G-9,5939,Sharon Goh,CoB (NBS),Female,3.9,Team 7
G-9,807,Andre Green,MSE,Male,04.09,Team 7
G-9,1095,Hannah Li,EEE,Female,04.06,Team 7
G-9,1718,Lily Cheng,MAE,Female,4.12,Team 7
G-9,4658,Naman Singh,CCDS,Male,4.19,Team 7
G-9,3465,Rohan Nair,SPMS,Male,3.94,Team 8
G-9,780,Aurora Chang,EEE,Female,04.02,Team 8
G-9,1052,Riley Parker,CoB (NBS),Male,04.08,Team 8
G-9,4428,Tanvi Sinha,WKW SCI,Female,4.18,Team 8
G-9,2632,Faisal Noor,CCDS,Male,4.14,Team 8
G-9,3460,Arif Hussain,SoH,Male,04.01,Team 9
G-9,688,Farah Rahman,NIE,Female,04.01,Team 9
G-9,3033,Aayush Gupta,EEE,Male,4.2,Team 9
G-9,4953,Fumiko Yamashita,ASE,Female,04.09,Team 9
G-9,2974,Lian Zhang,CoB (NBS),Female,4.1,Team 9
G-9,5028,Peizhen,MAE,Female,04.05,Team 10
G-9,4014,Nisha Patel,SSS,Female,4.14,Team 10
G-9,3357,Darren Lee,CoB (NBS),Male,3.9,Team 10
G-9,605,Soo-Jung Kim,CCEB,Female,4.14,Team 10
G-9,536,Nicolas Xu,EEE,Male,04.08,Team 10
G-90,4553,Sandeep Kumar,CCEB,Male,3.8,Team 1
G-90,5319,Liang Chen,CCDS,Female,4.19,Team 1
G-90,4929,Usman Malik,CEE,Male,04.08,Team 1
G-90,2440,Liam Brown,EEE,Male,4.17,Team 1
G-90,2086,Jingyi Li,MSE,Female,04.06,Team 1
G-90,5235,Chloe King,SSS,Female,04.02,Team 2
G-90,1381,Nathan Lim,EEE,Male,04.02,Team 2
G-90,846,Mei Li,CoB (NBS),Female,04.01,Team 2
G-90,4147,Sofiya Khan,CCEB,Female,04.03,Team 2
G-90,3506,Nathan Kim,CCDS,Male,4.26,Team 2
G-90,4829,Oliver Chen,SSS,Male,3.89,Team 3
G-90,273,Yunfeng,CoB (NBS),Male,4.1,Team 3
G-90,2414,Yuna Kim,CEE,Female,4.15,Team 3
G-90,4142,Meisha Mehta,MSE,Female,4.12,Team 3
G-90,488,David Young,SBS,Male,4.14,Team 3
G-90,1319,Neha Verma,MAE,Female,04.06,Team 4
G-90,4875,Jiang Bo,CCDS,Male,04.03,Team 4
G-90,132,Aditi Verma,EEE,Female,4,Team 4
G-90,5655,Chengwei,CCEB,Female,4.15,Team 4
G-90,3518,Bennett Zhang,CCDS,Male,4.18,Team 4
G-90,4729,Oscar Ho,CCDS,Male,3.95,Team 5
G-90,2241,Lakshmi Nair,SSS,Female,04.02,Team 5
G-90,5618,Evelyn Clark,ASE,Female,4.1,Team 5
G-90,3964,Liam Davis,SoH,Male,4.1,Team 5
G-90,1887,Maya Mehta,CCEB,Female,4.2,Team 5
G-90,4763,Mila Richardson,EEE,Female,3.92,Team 6
G-90,353,Anthony Grant,CEE,Male,04.01,Team 6
G-90,1514,Nikhil Singhal,SoH,Male,4.1,Team 6
G-90,4105,Celia Wang,CoB (NBS),Female,4.14,Team 6
G-90,4180,Alyssa Parker,CCDS,Female,4.19,Team 6
G-90,3779,Oliver Cheng,MSE,Male,3.89,Team 7
G-90,2313,Lila Morgan,CoB (NBS),Female,04.06,Team 7
G-90,24,Rida Awan,SoH,Female,04.06,Team 7
G-90,2612,Jaden Dela Cruz,SSS,Male,04.01,Team 7
G-90,1912,Dingming,CCDS,Male,4.52,Team 7
G-90,4417,Samiullah Tariq,CCDS,Male,4,Team 8
G-90,2213,Hania Khan,SSS,Female,04.04,Team 8
G-90,1753,Sonia Lee,SoH,Female,4.15,Team 8
G-90,4075,Dmitry Ivanovich,EEE,Male,04.06,Team 8
G-90,10,Chandra Dewi,CoB (NBS),Female,4.2,Team 8
G-90,3136,Sakura Yoshida,SPMS,Female,3.86,Team 9
G-90,3542,Nadia Pineda,CEE,Female,04.09,Team 9
G-90,5294,Karthik Reddy,EEE,Male,04.01,Team 9
G-90,1561,Vince Mendoza,SBS,Male,4.1,Team 9
G-90,1898,Zara Rivera,CCEB,Female,4.22,Team 9
G-90,5091,Rajesh Mehta,SPMS,Male,04.03,Team 10
G-90,1702,Gracie Mendoza,MSE,Female,04.03,Team 10
G-90,4191,Romy Hughes,CoB (NBS),Female,04.04,Team 10
G-90,1601,Samira Younis,SSS,Female,04.01,Team 10
G-90,788,Dai Sato,CCDS,Male,4.26,Team 10
G-91,5748,Akash Choudhary,CoE,Male,3.85,Team 1
G-91,2441,Wei Ming,CCDS,Male,04.06,Team 1
G-91,1198,Fatima Ali,MAE,Female,4.15,Team 1
G-91,4705,Hui Ling Ng,EEE,Male,4.2,Team 1
G-91,5531,Sofia Lin,CoB (NBS),Female,4.14,Team 1
G-91,2660,Gavin Tan,CoE,Male,3.88,Team 2
G-91,2173,Kiran Nair,EEE,Male,04.05,Team 2
G-91,3998,Elena Morales,MAE,Female,4.17,Team 2
G-91,5208,Tristan Zhang,CEE,Male,04.09,Team 2
G-91,692,Samantha Ng,CoB (NBS),Female,4.18,Team 2
G-91,474,Vikram Rao,CoB (NBS),Male,3.82,Team 3
G-91,1397,Nadia Aziz,CCEB,Female,4.1,Team 3
G-91,4240,Ajay Thakur,CCDS,Male,4.14,Team 3
G-91,4986,Xander Wang,CEE,Male,4.14,Team 3
G-91,2015,Tanisha Malhotra,ASE,Female,4.21,Team 3
G-91,5206,Raymond Lim,CoE,Male,04.07,Team 4
G-91,3584,Xing Wei,CEE,Male,4.1,Team 4
G-91,4692,Lily Rogers,CoB (NBS),Female,4.2,Team 4
G-91,4996,Zheng Li,CCDS,Male,4.11,Team 4
G-91,5166,Qiao Min,EEE,Female,04.01,Team 4
G-91,3505,Nina Wong,EEE,Female,3.9,Team 5
G-91,3450,Lyra Tsai,SSS,Female,04.06,Team 5
G-91,4760,Uli Dwi,CoB (NBS),Female,4.1,Team 5
G-91,331,Oliver Chen,NIE,Male,4.17,Team 5
G-91,5082,Gunnar Yang,CoE,Male,4.2,Team 5
G-91,4971,Charlotte Anderson,CoE,Female,4,Team 6
G-91,5763,Mia Sun,CoB (NBS),Female,4.12,Team 6
G-91,5972,Clara Xu,SoH,Female,04.03,Team 6
G-91,2401,Karthik Nair,CCDS,Male,4.12,Team 6
G-91,4084,Xavier Cox,NIE,Male,4.19,Team 6
G-91,5760,Zane Chen,EEE,Male,04.01,Team 7
G-91,1695,Zainab Binti Musa,CoB (NBS),Female,4.15,Team 7
G-91,5295,Michael Zhang,SSS,Male,3.98,Team 7
G-91,84,Tallulah Tan,MAE,Female,04.05,Team 7
G-91,3519,Parker Martin,SoH,Male,4.22,Team 7
G-91,5845,Yoko Taniguchi,CCDS,Female,3.85,Team 8
G-91,4656,Exiang,CoB (NBS),Female,04.05,Team 8
G-91,5104,Samuel Lim,SPMS,Male,4.11,Team 8
G-91,1834,Ha Tran,SSS,Female,4.15,Team 8
G-91,1749,Aiyun Zhou,CEE,Male,4.2,Team 8
G-91,85,Kira Sato,CoB (NBS),Female,04.01,Team 9
G-91,354,Haris Malik,CEE,Male,04.05,Team 9
G-91,2377,Ryan Peterson,CoE,Male,4.15,Team 9
G-91,3085,Andrew Wong,ADM,Male,04.03,Team 9
G-91,5120,Aria Wang,SBS,Female,4.2,Team 9
G-91,1009,Samia Khan,SSS,Female,04.03,Team 10
G-91,2997,Alyssa Yeo,CoB (NBS),Female,04.05,Team 10
G-91,3579,Landon Liu,CoE,Male,04.05,Team 10
G-91,443,Huang Wei Lim,WKW SCI,Male,04.05,Team 10
G-91,5640,Alya Binti Harun,CCEB,Female,4.3,Team 10
G-92,2369,Hao Jun Lim,CCEB,Male,4.1,Team 1
G-92,4945,Sarah Kelly,CoB (NBS),Female,4.17,Team 1
G-92,904,Harris Rahman,CCDS,Male,4,Team 1
G-92,5292,Shalini Rao,EEE,Female,3.92,Team 1
G-92,5865,Lan Xiu,SPMS,Female,4.23,Team 1
G-92,1185,Nicolas Brown,SPMS,Male,04.08,Team 2
G-92,380,Ella Ramirez,CoB (NBS),Female,04.01,Team 2
G-92,5470,Husni Bin Mohd,CEE,Male,4.15,Team 2
G-92,1189,Aria Patel,SoH,Female,4.12,Team 2
G-92,3047,Nico Lim,NIE,Male,4.22,Team 2
G-92,2494,Jessie Tan,CCEB,Female,4,Team 3
G-92,2210,Ilya Semyonov,CCDS,Male,04.09,Team 3
G-92,3793,Jett Green,CEE,Male,4.19,Team 3
G-92,3900,Riley Green,CoB (NBS),Female,04.03,Team 3
G-92,2900,Leo Turner,SBS,Male,4.19,Team 3
G-92,4113,Rania Noor,SBS,Female,3.94,Team 4
G-92,1333,Vincent Wong,NIE,Male,04.02,Team 4
G-92,3023,Carter Young,EEE,Male,4.1,Team 4
G-92,4344,Tatiana Ivanovna,SSS,Female,4.16,Team 4
G-92,4400,Tobias Li,CCDS,Male,4.22,Team 4
G-92,555,Ricky Tan,CCDS,Male,04.02,Team 5
G-92,1913,Heng Wei,CoB (NBS),Male,4,Team 5
G-92,3013,Harper Chen,NIE,Female,4.12,Team 5
G-92,461,Fathima Khan,CCEB,Female,4.25,Team 5
G-92,5626,Jing Chen,EEE,Female,04.01,Team 5
G-92,4627,Michael Brown,WKW SCI,Male,3.9,Team 6
G-92,2681,Samuel Robinson,SBS,Male,04.06,Team 6
G-92,5806,Khanh Nguyen,NIE,Male,4.18,Team 6
G-92,4073,Anum Iqbal,CoB (NBS),Female,4.15,Team 6
G-92,3856,Avery Reyes,CCDS,Female,4.22,Team 6
G-92,1332,Lily Smith,CoB (NBS),Female,3.92,Team 7
G-92,2063,Samantha Evans,CCEB,Female,04.03,Team 7
G-92,4027,Lucas Lee,EEE,Male,4.2,Team 7
G-92,3768,Ming Zhou,CoE,Male,4.18,Team 7
G-92,2301,Zane Tan,MAE,Male,4.2,Team 7
G-92,2325,Xander Yip,EEE,Male,4.21,Team 8
G-92,1199,Tariq Khan,NIE,Male,4,Team 8
G-92,2236,Salina Binti Omar,SPMS,Female,3.95,Team 8
G-92,2304,Erica Chen,CoB (NBS),Female,4.17,Team 8
G-92,1391,Qistina Binti Mohd,MSE,Female,4.2,Team 8
G-92,99,Abigail Lee,EEE,Female,04.09,Team 9
G-92,2848,Kuzaimi Bin Rahman,CEE,Male,4,Team 9
G-92,1700,Kevin Chang,CoB (NBS),Male,04.03,Team 9
G-92,175,Sara Zhang,WKW SCI,Female,4.17,Team 9
G-92,4635,Qais Bin Mohd,CCDS,Male,4.25,Team 9
G-92,4146,Amit Chandra,CoB (NBS),Male,3.85,Team 10
G-92,146,Jasmine Zhao,MAE,Female,4.19,Team 10
G-92,4369,Megan Tan,SSS,Female,4.15,Team 10
G-92,4202,Sasha Lim,SoH,Female,4.12,Team 10
G-92,5135,Quin Tsang,CCEB,Male,4.22,Team 10
G-93,4972,Anya Tan,SSS,Female,04.02,Team 1
G-93,5013,Rohan Bhatt,CEE,Male,4.18,Team 1
G-93,106,Lily White,CCDS,Female,4.18,Team 1
G-93,2651,Disha Mehta,CoB (NBS),Female,3.86,Team 1
G-93,3834,Adeel Hussain,SoH,Male,4.23,Team 1
G-93,601,Ulysses Yip,EEE,Male,04.01,Team 2
G-93,4597,Pamela Tan,CoE,Female,4.14,Team 2
G-93,1205,Zainab Malik,MAE,Female,4.19,Team 2
G-93,1921,Joseph Parker,CCDS,Male,4.12,Team 2
G-93,2185,Rania Binti Ali,ADM,Female,4.1,Team 2
G-93,816,Khalisah Binti Mohd,CoB (NBS),Female,3.9,Team 3
G-93,1028,Kriti Jain,EEE,Female,4.2,Team 3
G-93,3751,Finn Walker,ADM,Male,4.1,Team 3
G-93,5446,Meera Iyer,CCEB,Female,4.18,Team 3
G-93,1637,Zane Chan,CEE,Male,4.19,Team 3
G-93,4566,Sonia Kapoor,SBS,Female,4.19,Team 4
G-93,5001,Carter Liu,CoB (NBS),Male,4.17,Team 4
G-93,5610,Xiu Zhen Tan,CCDS,Female,4.1,Team 4
G-93,22,Zara Johnson,CCEB,Female,04.05,Team 4
G-93,492,Darren Yeo,EEE,Male,4.2,Team 4
G-93,5307,Peizhen,CoE,Male,04.05,Team 5
G-93,1857,Fitriani Rahayu,SSS,Female,04.05,Team 5
G-93,1498,Akemi Saito,NIE,Female,4.52,Team 5
G-93,1295,Maxwell Li,CoB (NBS),Male,04.05,Team 5
G-93,5634,Willow Bennett,CCEB,Female,4.1,Team 5
G-93,2761,Anu Joshi,CoB (NBS),Female,4.48,Team 6
G-93,2599,Charles Cooper,ADM,Male,04.02,Team 6
G-93,3822,Yuan Lei,CCEB,Male,4.12,Team 6
G-93,5862,Tanya Mohan,LKCMedicine,Female,04.06,Team 6
G-93,4710,Anjali Joshi,EEE,Female,4.15,Team 6
G-93,4970,Tran Thi Luong,SSS,Female,3.88,Team 7
G-93,2249,Omar Khan,EEE,Female,4.2,Team 7
G-93,1948,Cika Puspita,CCDS,Female,4.1,Team 7
G-93,4907,Aman Kumar,CCEB,Male,4.18,Team 7
G-93,1118,Hiroshi Tanaka,CoB (NBS),Male,4.15,Team 7
G-93,1394,Lydia Bennett,SoH,Female,4,Team 8
G-93,2172,Aisha Binti,CoB (NBS),Female,04.02,Team 8
G-93,3342,Chau Tran,NIE,Male,4.25,Team 8
G-93,4653,Oliver Wright,CCDS,Male,4.18,Team 8
G-93,5798,Lucas Ong,CEE,Male,4.19,Team 8
G-93,4610,Logan Perry,EEE,Male,04.08,Team 9
G-93,893,Sofia Williams,CoB (NBS),Female,04.09,Team 9
G-93,4065,Holly Zhang,MAE,Female,04.03,Team 9
G-93,3293,Sari Rakhmawati,SoH,Female,4.79,Team 9
G-93,1147,Zhi Zhen,SSS,Male,3.92,Team 9
G-93,4176,Henry Lin,EEE,Male,04.09,Team 10
G-93,1932,Niamh Wright,CoB (NBS),Female,04.09,Team 10
G-93,2064,Ronghua,NIE,Female,4.15,Team 10
G-93,4752,Liam Ng,SBS,Male,4,Team 10
G-93,5807,Benjamin Zhang,CCDS,Male,4.27,Team 10
G-94,2499,Jackson Allen,CoE,Male,4.12,Team 1
G-94,4530,Nan Liu,NIE,Female,04.04,Team 1
G-94,5203,Nikhil Bansal,CoB (NBS),Male,3.88,Team 1
G-94,3438,Layla Alvi,SBS,Female,04.09,Team 1
G-94,4983,Ishika Roy,EEE,Female,4.19,Team 1
G-94,5719,Spencer Xu,EEE,Male,4.11,Team 2
G-94,2437,Charlotte Foster,CEE,Female,4,Team 2
G-94,3495,Shan Mei,MAE,Female,04.03,Team 2
G-94,4082,Paige Wong,SoH,Female,04.06,Team 2
G-94,4556,Peixuan,CoB (NBS),Female,4.25,Team 2
G-94,4137,Mason Lee,CoE,Male,04.03,Team 3
G-94,5753,Ezekiel Li,CCEB,Male,04.04,Team 3
G-94,1969,Riley Turner,EEE,Female,4.22,Team 3
G-94,1751,Cindy Tan,MAE,Female,4.15,Team 3
G-94,1669,Sofia Cooper,CEE,Female,04.03,Team 3
G-94,4232,Fatimah Noor,CCEB,Female,4.14,Team 4
G-94,5484,Chloe Robinson,MAE,Female,3.91,Team 4
G-94,2240,Saanvi Verma,CCDS,Female,4.18,Team 4
G-94,3892,Long Thi Bich,CoE,Male,4.11,Team 4
G-94,1583,Amir Bin Khair,CEE,Male,04.05,Team 4
G-94,4522,Caleb Hughes,SSS,Male,04.08,Team 5
G-94,5133,Houston Chen,ADM,Male,4.14,Team 5
G-94,998,Paola Santos,CoE,Female,3.95,Team 5
G-94,1793,Ella Tan,EEE,Female,4.14,Team 5
G-94,1107,Zara Khan,CoB (NBS),Female,04.09,Team 5
G-94,1893,Nida Javed,SBS,Female,4.19,Team 6
G-94,63,Lara Wong,WKW SCI,Female,04.05,Team 6
G-94,184,Adriel Tan,SoH,Male,04.03,Team 6
G-94,94,Ajay Bansal,MAE,Male,4.11,Team 6
G-94,797,Riya Kapoor,MSE,Female,04.06,Team 6
G-94,4230,Anita Devi,SSS,Female,3.85,Team 7
G-94,4033,Maya Huang,CCEB,Female,04.06,Team 7
G-94,3432,Rully Prabowo,ASE,Male,4.15,Team 7
G-94,5409,Wang Wei,SPMS,Male,4.15,Team 7
G-94,156,Scarlett Collins,CoB (NBS),Female,4.18,Team 7
G-94,2508,Ahmed Choudhary,CCEB,Male,3.85,Team 8
G-94,1071,Margaret Tan,CEE,Female,4.19,Team 8
G-94,2725,Natalia Chen,SSS,Female,04.06,Team 8
G-94,3637,Pallavi Reddy,MAE,Female,4.12,Team 8
G-94,1481,Freddy Wong,CoB (NBS),Male,4.22,Team 8
G-94,5169,Gracie Hall,MSE,Female,3.85,Team 9
G-94,5179,Kade Wu,LKCMedicine,Male,4.1,Team 9
G-94,2899,Zainab Rehman,CoB (NBS),Female,4.14,Team 9
G-94,4891,Sheela Krishnan,SSS,Female,4,Team 9
G-94,727,Parker Wu,SPMS,Male,4.48,Team 9
G-94,551,Lorenzo Wu,SBS,Male,04.04,Team 10
G-94,579,James Nelson,CEE,Male,04.01,Team 10
G-94,3910,Hannah Morris,SPMS,Female,04.01,Team 10
G-94,241,Chloe Davis,MAE,Female,4.15,Team 10
G-94,2551,Ivy Lin,CoB (NBS),Female,4.18,Team 10
G-95,2700,Layla Tan,EEE,Female,3.94,Team 1
G-95,2226,Subhash Yadav,SSS,Male,4.19,Team 1
G-95,5455,Selah Lin,CCEB,Female,3.95,Team 1
G-95,4812,Quincy Ramos,CoB (NBS),Male,04.05,Team 1
G-95,1846,Darren Scott,CoE,Male,4.18,Team 1
G-95,3734,Aubrey Collins,CEE,Female,3.91,Team 2
G-95,251,Isabella White,SoH,Female,3.94,Team 2
G-95,1880,Christopher Martinez,SSS,Male,4.17,Team 2
G-95,4567,Siddharth Patil,CoE,Male,4.11,Team 2
G-95,721,Carter Li,WKW SCI,Male,4.18,Team 2
G-95,1509,Nianzu,WKW SCI,Male,4,Team 3
G-95,3412,Rishabh Yadav,EEE,Male,04.01,Team 3
G-95,4615,Kenta Matsumoto,CCEB,Male,3.86,Team 3
G-95,3012,Anam Iqbal,SSS,Female,4.14,Team 3
G-95,191,Ying Hui,CCDS,Female,4.2,Team 3
G-95,1060,Igor Kuznetsov,CoB (NBS),Male,3.9,Team 4
G-95,3339,Koh Tze,NIE,Male,3.88,Team 4
G-95,808,Lillian Cooper,CCEB,Female,04.05,Team 4
G-95,5710,Kartik Nair,SoH,Male,4.26,Team 4
G-95,3151,Lijun,EEE,Female,4.2,Team 4
G-95,657,Yong Cheng Tan,CoE,Male,4.2,Team 5
G-95,5407,Zara Binti Zain,CEE,Female,3.91,Team 5
G-95,1581,Kunal Joshi,ASE,Male,4.1,Team 5
G-95,591,Ming Yu,MSE,Male,4.12,Team 5
G-95,3410,Raegan Chen,CCEB,Female,4,Team 5
G-95,4186,Aditya Bansal,WKW SCI,Male,04.02,Team 6
G-95,4926,Quinton Young,SBS,Male,04.03,Team 6
G-95,1848,Malaya Chen,SSS,Female,04.03,Team 6
G-95,3059,Emily Ho,MAE,Female,3.88,Team 6
G-95,3158,Jae-Min Park,CCDS,Male,4.52,Team 6
G-95,4480,Jesse Bennett,EEE,Male,4.11,Team 7
G-95,5242,Rizky Hidayat,CCEB,Male,4.1,Team 7
G-95,5440,Adil Khan,CoE,Male,04.09,Team 7
G-95,2917,Manisha Wadhwa,SoH,Female,4.17,Team 7
G-95,3466,Li Jing,CEE,Female,3.89,Team 7
G-95,3562,Saqib Khan,CoE,Male,4.16,Team 8
G-95,1211,Kanya Setiawati,EEE,Female,3.9,Team 8
G-95,1928,Ming Wei,NIE,Male,4.15,Team 8
G-95,2501,Riku Nakamura,CoB (NBS),Male,4,Team 8
G-95,4704,Dahlia Cooper,MAE,Female,4.1,Team 8
G-95,3698,Hui Ying Tan,CoB (NBS),Male,4,Team 9
G-95,4733,Scarlett Lee,SoH,Female,3.89,Team 9
G-95,4439,Caden Rivera,CEE,Male,04.03,Team 9
G-95,3545,Saniya Ali,SSS,Female,04.08,Team 9
G-95,4085,Matthew Baker,CCDS,Male,4.5,Team 9
G-95,3885,Liam Yu,MAE,Male,04.01,Team 10
G-95,2480,Zara Noor,ADM,Female,04.04,Team 10
G-95,2572,Madeline Wu,SSS,Female,4.11,Team 10
G-95,5284,Souta Watanabe,CoE,Male,3.8,Team 10
G-95,2284,Ailin,SoH,Male,4.3,Team 10
G-96,4079,Jack Peterson,EEE,Male,3.95,Team 1
G-96,3224,Ritika Mehta,CCEB,Female,04.08,Team 1
G-96,3783,Ranya Al-Mansoori,CCDS,Female,4.17,Team 1
G-96,2404,Isaiah Li,CoB (NBS),Male,4.15,Team 1
G-96,3552,Dmitri Andreevich,CEE,Male,4,Team 1
G-96,4939,Sophie Taylor,CoB (NBS),Female,4.52,Team 2
G-96,4037,Ying Xue,MSE,Female,04.02,Team 2
G-96,5587,Aisha Binti Rahman,CCEB,Female,3.85,Team 2
G-96,1088,Liang Bo,LKCMedicine,Male,3.91,Team 2
G-96,4288,Oscar Lim,EEE,Male,4.17,Team 2
G-96,5834,Rida Iqbal,CCEB,Female,04.06,Team 3
G-96,5262,Samantha Flores,CoB (NBS),Female,04.02,Team 3
G-96,215,Ayaan Shah,CCDS,Male,04.02,Team 3
G-96,4614,Ethan Harris,EEE,Male,4.14,Team 3
G-96,5207,Olive Lim,SBS,Female,4.21,Team 3
G-96,4488,Derek Chen,EEE,Male,4.1,Team 4
G-96,5327,Vera Smith,MSE,Female,04.02,Team 4
G-96,5278,Anjali Tiwari,LKCMedicine,Female,3.94,Team 4
G-96,2782,Samuel Robinson,CoB (NBS),Male,4.14,Team 4
G-96,5196,Huilin,SoH,Female,4.2,Team 4
G-96,4693,Ellie Bell,LKCMedicine,Female,3.86,Team 5
G-96,3516,Nadia Binti Ahmad,SSS,Female,4.1,Team 5
G-96,5363,Chad Dela Cruz,CoB (NBS),Male,04.02,Team 5
G-96,717,Victor Santos,CCDS,Male,4.1,Team 5
G-96,3738,Fang Xiu,EEE,Female,4.17,Team 5
G-96,3447,Aditi Chai,SSS,Female,04.03,Team 6
G-96,3171,Cody Evans,SBS,Male,04.02,Team 6
G-96,1544,Jessica Tan,CoB (NBS),Female,04.04,Team 6
G-96,5652,Liam Wang,EEE,Male,04.06,Team 6
G-96,609,Marina Tan,CCDS,Female,4.17,Team 6
G-96,5397,Yumiko Watanabe,CCEB,Female,3.94,Team 7
G-96,4370,Dhruv Srivastava,CCDS,Male,04.03,Team 7
G-96,511,Zhaofeng,CoB (NBS),Female,4.25,Team 7
G-96,5352,Sophia Smith,MAE,Female,4.15,Team 7
G-96,5197,Asher Li,EEE,Male,04.04,Team 7
G-96,4092,Kunal Sinha,SBS,Male,4.12,Team 8
G-96,4189,Zahra Lestari,EEE,Female,4,Team 8
G-96,3221,Una Kaur,CCEB,Female,4,Team 8
G-96,4396,Zara Ali,CCDS,Female,4.11,Team 8
G-96,3862,Jin-Soo Lee,MAE,Male,4.17,Team 8
G-96,2905,Ella Wright,SBS,Female,3.88,Team 9
G-96,2909,Alexander Green,EEE,Male,4.1,Team 9
G-96,558,Zhao Lei,WKW SCI,Male,4.15,Team 9
G-96,979,Patty Lim,CCDS,Female,4.12,Team 9
G-96,2826,Faisal Bukhari,CoB (NBS),Female,04.03,Team 9
G-96,2888,Ellie Rivera,SSS,Female,4.1,Team 10
G-96,3617,Gwen Kwan,MAE,Female,4,Team 10
G-96,2344,Manish Verma,CoB (NBS),Male,04.05,Team 10
G-96,4906,Caiyun,EEE,Female,4,Team 10
G-96,5050,Yun Chen,SBS,Male,4.2,Team 10
G-97,3284,Quade Cruz,SSS,Male,3.89,Team 1
G-97,5560,Zhou Wei,SBS,Male,04.02,Team 1
G-97,1836,Bella Ramirez,CoB (NBS),Female,4.26,Team 1
G-97,185,Xiu Ying,CCEB,Female,4.17,Team 1
G-97,2380,Siti Aminah Binti Ibrahim,CCDS,Female,4.1,Team 1
G-97,5239,Maya Chua,SBS,Female,4.21,Team 2
G-97,3336,Jin-Ah Kim,CCDS,Female,3.86,Team 2
G-97,1222,Long Thi Bich,EEE,Male,4.17,Team 2
G-97,1915,Maya Wood,CCEB,Female,04.06,Team 2
G-97,118,Adrian Chen,ASE,Male,3.97,Team 2
G-97,5159,Akira Kobayashi,CoB (NBS),Female,4.14,Team 3
G-97,4602,Bodhi Yang,SPMS,Male,4.17,Team 3
G-97,3442,Diana Khan,ADM,Female,4,Team 3
G-97,595,Ali Raza,EEE,Male,3.89,Team 3
G-97,3176,Lola Zhao,CEE,Female,4.19,Team 3
G-97,5648,Hannah Rogers,SBS,Female,3.9,Team 4
G-97,1786,Tony Tsang,CEE,Male,04.07,Team 4
G-97,1707,Mei Liu,SSS,Female,4.25,Team 4
G-97,3266,Chao Zhang,CoB (NBS),Male,4.12,Team 4
G-97,3954,Kira Dewi,EEE,Female,4,Team 4
G-97,4757,Kaira Lim,CCDS,Female,04.01,Team 5
G-97,394,Lachlan Thompson,CCEB,Male,04.03,Team 5
G-97,5829,Layla Zhao,ADM,Female,4.1,Team 5
G-97,86,Asha Rahman,SSS,Female,3.89,Team 5
G-97,2168,Priti Choudhary,EEE,Female,4.26,Team 5
G-97,863,Aria Thompson,SBS,Female,3.86,Team 6
G-97,1924,Mei Xuan Tan,CoB (NBS),Female,4,Team 6
G-97,935,Ayesha Siddiqui,CCEB,Female,4.16,Team 6
G-97,127,Wicaksono Adi,CCDS,Male,4.2,Team 6
G-97,4618,Tanya Acharya,CEE,Female,4.2,Team 6
G-97,3694,Grayson Wright,EEE,Male,3.89,Team 7
G-97,1711,Bashir Raza,CCDS,Male,4.11,Team 7
G-97,2122,Zohra Khan,SSS,Female,4.18,Team 7
G-97,862,Violet Lee,CCEB,Female,04.05,Team 7
G-97,4703,Scarlett Evans,CoB (NBS),Female,4.2,Team 7
G-97,2058,Alexander Mitchell,CoB (NBS),Male,04.06,Team 8
G-97,1901,Quinn Yip,CEE,Male,04.04,Team 8
G-97,408,Bohan,SSS,Female,4.1,Team 8
G-97,4714,Kiran Iyer,CCDS,Female,3.9,Team 8
G-97,3816,Rongxian,CCEB,Female,4.3,Team 8
G-97,1860,Maya Gupta,CoB (NBS),Female,4.14,Team 9
G-97,854,Emily Evans,SSS,Female,4.19,Team 9
G-97,1155,Kinsley Price,CCDS,Female,3.87,Team 9
G-97,3218,Savannah Wood,SBS,Female,04.06,Team 9
G-97,2989,Jayden Chen,CoE,Male,4.2,Team 9
G-97,2111,Olive Wong,CCDS,Female,4.18,Team 10
G-97,1953,Wei Fang,SPMS,Male,04.01,Team 10
G-97,3917,Jasmine Wong,MAE,Female,04.01,Team 10
G-97,2771,Margo Wang,CoE,Female,3.91,Team 10
G-97,4356,Keira Martinez,CCEB,Female,4.26,Team 10
G-98,107,Paige Wang,EEE,Female,3.88,Team 1
G-98,738,Judah Hall,MSE,Male,04.03,Team 1
G-98,5097,Katherine Young,CoB (NBS),Female,4.14,Team 1
G-98,4172,Dhruv Singh,CCDS,Male,4.14,Team 1
G-98,2517,Liu Chen,ADM,Male,4.14,Team 1
G-98,2335,Logan Taylor,CCDS,Male,04.02,Team 2
G-98,1612,Mindy Kwan,SSS,Female,04.02,Team 2
G-98,947,Zhi Xuan,CoB (NBS),Male,04.04,Team 2
G-98,3491,Ryusei Nakamura,MSE,Male,04.09,Team 2
G-98,5855,Nianzu,NIE,Female,4.3,Team 2
G-98,4243,Emily Li,EEE,Female,04.01,Team 3
G-98,2875,Hana Wong,CoB (NBS),Female,04.01,Team 3
G-98,4310,Caleb Lim,CCDS,Male,04.02,Team 3
G-98,5010,Haru Yamaguchi,CCDS,Male,4.14,Team 3
G-98,4199,Malachi Foster,CEE,Male,4.26,Team 3
G-98,3960,Henry Bennett,SPMS,Male,3.85,Team 4
G-98,1280,Jason Lam,CEE,Male,4.14,Team 4
G-98,417,Budi Santoso,CCDS,Male,04.05,Team 4
G-98,276,Zoe Lee,EEE,Female,04.03,Team 4
G-98,3695,Pei Li,CCEB,Female,4.18,Team 4
G-98,4160,Abigail King,CoB (NBS),Female,04.02,Team 5
G-98,5369,Jay Patel,SoH,Male,04.03,Team 5
G-98,1126,Nina Lin,CEE,Female,04.08,Team 5
G-98,4927,Aiden Chen,EEE,Male,04.01,Team 5
G-98,3220,Asher Wang,CCDS,Male,4.27,Team 5
G-98,4035,Umar Sembiring,CoE,Male,3.9,Team 6
G-98,2934,Tara Menon,EEE,Female,04.03,Team 6
G-98,3983,Leah Wilson,SBS,Female,04.08,Team 6
G-98,4447,Gage Fisher,CCDS,Male,4.22,Team 6
G-98,3041,Syahrul Bin Omar,CCDS,Male,4.2,Team 6
G-98,4793,Kaiming,SBS,Female,4,Team 7
G-98,5550,Alexander King,SoH,Male,4,Team 7
G-98,1447,Avery Smith,SSS,Female,4.12,Team 7
G-98,529,Uriah Salazar,EEE,Male,4.15,Team 7
G-98,3942,Siddharth Mehta,CCDS,Male,4.21,Team 7
G-98,2289,Victoria Reed,MAE,Female,3.89,Team 8
G-98,568,Finnley Brooks,EEE,Male,04.02,Team 8
G-98,4412,Michelle Lee,SSS,Female,04.02,Team 8
G-98,1777,Henry Hill,WKW SCI,Male,4.1,Team 8
G-98,5545,Asha Devi,CCDS,Female,4.52,Team 8
G-98,4747,Jae-Suk Jung,CCDS,Male,3.97,Team 9
G-98,4414,Colton Bailey,MAE,Male,4.12,Team 9
G-98,3105,Maya Lewis,ADM,Female,04.05,Team 9
G-98,5866,Ritika Sharma,ASE,Female,04.06,Team 9
G-98,3167,Hugo Yang,SoH,Male,4.26,Team 9
G-98,1639,Matthew Evans,EEE,Male,4.11,Team 10
G-98,4691,Carter Lee,SPMS,Male,4.11,Team 10
G-98,1537,Josh Thompson,NIE,Male,4.18,Team 10
G-98,3122,Diana Binti Mohd,MAE,Female,3.88,Team 10
G-98,5605,Dawn Lim,CCDS,Female,4.2,Team 10
G-99,1865,Naoko Ueda,MSE,Female,3.86,Team 1
G-99,5085,Rina Tan,CCEB,Female,4.13,Team 1
G-99,4892,Ikram Tan,CCDS,Male,4.11,Team 1
G-99,2897,Ella Santos,SoH,Female,04.03,Team 1
G-99,5841,William Yang,CoE,Male,4.2,Team 1
G-99,1478,Kylan Yang,MAE,Male,4.18,Team 2
G-99,4739,Sophie Rivera,SSS,Female,04.06,Team 2
G-99,4718,Niko Setiawan,CEE,Male,04.05,Team 2
G-99,5249,Hana Binti Ali,CCDS,Female,4.1,Team 2
G-99,943,Farah Binti Omar,CCEB,Female,4,Team 2
G-99,2443,Manoj Patel,CCDS,Male,4,Team 3
G-99,3509,Sana Tan,EEE,Female,04.02,Team 3
G-99,2578,Qasim Bin Noor,CEE,Male,04.05,Team 3
G-99,4819,Aaliyah Howard,CoB (NBS),Female,4,Team 3
G-99,2981,Lian Chen,SSS,Female,4.26,Team 3
G-99,1403,Meera Shah,SSS,Female,4.25,Team 4
G-99,740,Nash Li,SPMS,Male,04.08,Team 4
G-99,2264,Phan Duc Minh,WKW SCI,Male,04.05,Team 4
G-99,885,Aki Yoshida,MAE,Female,3.9,Team 4
G-99,1586,Rafael De Leon,MSE,Male,4.11,Team 4
G-99,766,Hassan Shah,WKW SCI,Male,04.01,Team 5
G-99,1554,Zion Tan,SSS,Male,4,Team 5
G-99,4630,Natalia Wong,ADM,Female,4.11,Team 5
G-99,5482,Joanna Tan,CEE,Female,04.02,Team 5
G-99,1845,Xiaoling Zhang,CCEB,Female,4.17,Team 5
G-99,283,Nobu Yamamoto,WKW SCI,Male,04.06,Team 6
G-99,2282,Natalia Fedorova,SSS,Female,4,Team 6
G-99,5561,Fatima Iqbal,EEE,Female,3.96,Team 6
G-99,771,Michael Walker,CoE,Male,4.14,Team 6
G-99,4797,Mai Tran,SoH,Female,4.14,Team 6
G-99,5762,Ruby Nelson,CCDS,Female,04.08,Team 7
G-99,253,Aria Wadhwa,EEE,Female,04.03,Team 7
G-99,1238,Daniel White,NIE,Male,4,Team 7
G-99,122,Samuel Wright,CoB (NBS),Male,04.08,Team 7
G-99,1058,Karla Bautista,SSS,Female,4.15,Team 7
G-99,4342,Samantha Rogers,CoE,Female,3.88,Team 8
G-99,1653,Travis Wong,CCDS,Male,04.02,Team 8
G-99,66,Layla Turner,CoB (NBS),Female,4.12,Team 8
G-99,4855,Maya Morgan,CCEB,Female,04.03,Team 8
G-99,2439,Ronin Huang,EEE,Male,4.15,Team 8
G-99,3607,Kiran Malhotra,SSS,Female,04.08,Team 9
G-99,481,Katherine Morales,CCDS,Female,4.18,Team 9
G-99,5329,Ali Zain,CoB (NBS),Male,3.94,Team 9
G-99,1472,Queenie Li,EEE,Female,4.12,Team 9
G-99,5402,Matthew Garcia,MAE,Male,3.86,Team 9
G-99,1944,Vikas Mehta,CCEB,Male,04.01,Team 10
G-99,2766,Nisha Malik,SoH,Female,04.03,Team 10
G-99,1063,Maya Hughes,ASE,Female,4.27,Team 10
G-99,4913,Amaya Tan,SPMS,Female,3.92,Team 10
G-99,4009,Zachary Chen,EEE,Male,4.19,Team 10